Title	IMDb code	Year	1 ratings	2 ratings	3 ratings	4 ratings	5 ratings	6 ratings	7 ratings	8 ratings	9 ratings	10 ratings	Total ratings	Weighted Mean	Arithmetic Mean	Diff of Means	Stand. Dev.
71	tt2614684	2014	516	261	415	866	2830	9536	23922	18301	5131	2660	64438	7.2	7.196902449	-0.003097551	1.368389925
83	tt7518786	2021	5549	543	452	510	1088	2262	5093	8684	7142	11260	42583	7.5	7.304417256	-0.195582744	2.933438953
[REC] 3: Genesis	tt1649444	2012	2868	2435	3908	5788	8794	7748	4621	2108	802	1760	40832	5	5.072026842	0.072026842	2.163093514
[Rec]²	tt1245112	2009	1439	1118	1840	3825	8902	20086	24228	12493	4713	4993	83637	6.5	6.592871576	0.092871576	1.769015659
*batteries not included	tt0092494	1987	461	437	955	1867	4307	9225	10867	6283	2234	3263	39899	6.6	6.707486403	0.107486403	1.785737504
#Alive	tt10620868	2020	864	596	1153	2412	6386	15162	15561	6655	1989	3071	53849	6.3	6.47817044	0.17817044	1.693607655
1: Nenokkadine	tt2375559	2014	2848	344	319	372	596	1149	2198	4088	7508	28148	47570	7.9	8.681879336	0.781879336	2.408767018
10 Cloverfield Lane	tt1179933	2016	3667	2123	3635	6950	18663	54581	128991	107569	35062	19079	380320	7.2	7.197244426	-0.002755574	1.485949232
10 Things I Hate About You	tt0147800	1999	2282	1776	3112	6841	19122	54816	121681	108394	54405	67422	439851	7.4	7.615815356	0.215815356	1.60652935
10 Years	tt1715873	2011	626	473	804	1805	4353	7948	6590	3128	1069	1643	28439	6.1	6.254158022	0.154158022	1.829663004
10,000 BC	tt0443649	2008	9610	7789	11145	17437	27166	28051	18659	8813	3354	6929	138953	5.1	5.275884652	0.175884652	2.219001189
101 Dalmatians	tt0115433	1996	1746	2241	5101	11631	27798	35916	21189	8850	2972	5957	123401	5.8	5.899320103	0.099320103	1.748199242
102 Dalmatians	tt0211181	2000	1537	2091	3956	7522	10574	7296	3796	1800	697	2277	41546	4.9	5.159004477	0.259004477	2.037461273
11:14	tt0331811	2003	509	337	501	1010	2651	7513	17118	13819	4918	3758	52134	7.1	7.236716922	0.136716922	1.556878667
12 Angry Men	tt0050083	1957	10550	1971	2395	3769	8385	20220	63356	179038	312819	365729	968232	9	8.828932529	-0.171067471	1.450895386
12 Monkeys	tt0114746	1995	5082	2635	3779	6880	16161	43396	126794	232239	149791	87537	674294	8	7.948089409	-0.051910591	1.487701057
12 Rounds	tt1160368	2009	1359	947	1588	3020	6256	8260	5238	2195	766	2040	31669	5.6	5.761375478	0.161375478	2.053224116
12 Strong	tt1413492	2018	2005	912	1473	3091	8831	23993	32272	15967	4969	6262	99775	6.5	6.712162365	0.212162365	1.703744733
12 Years a Slave	tt2024544	2013	7141	2711	3490	5869	14287	41037	131012	266749	193274	113833	779403	8.1	8.074177287	-0.025822713	1.475449228
127 Hours	tt1542344	2010	2774	1561	2691	5252	14015	44114	123008	138304	54003	35505	421227	7.5	7.545340161	0.045340161	1.443723216
12th Fail	tt23849204	2023	5510	508	424	519	1120	2467	7175	16769	30511	100917	165920	8.7	9.030990839	0.330990839	1.889109104
13	tt0798817	2010	1308	1003	1695	3065	6745	11924	10600	4829	1606	2814	45589	6	6.171532607	0.171532607	1.937089757
13 Assassins	tt1436045	2010	789	352	515	1011	2533	6842	18073	23723	10785	6613	71236	7.5	7.584493795	0.084493795	1.560912817
13 Going on 30	tt0337563	2004	2853	2899	5605	12685	31471	61625	58839	33017	13558	20317	242869	6.3	6.606491565	0.306491565	1.813830364
13 Hours: The Secret Soldiers of Benghazi	tt4172430	2016	2656	930	1455	2717	7195	19581	49606	49976	21583	21359	177058	7.3	7.500914954	0.200914954	1.678901452
13 Sins	tt2059171	2014	566	449	893	2071	5407	11922	11745	5095	1625	1950	41723	6.3	6.425568631	0.125568631	1.649037058
13th	tt5895028	2016	927	183	165	280	647	1777	5279	12148	9915	7739	39060	8.2	8.130235535	-0.069764465	1.745725079
14 Peaks: Nothing Is Impossible	tt14079374	2021	177	73	122	233	712	2622	7629	10229	4934	6436	33167	7.7	7.98727651	0.28727651	1.486401715
1408	tt0450385	2007	3236	2658	4902	10732	25821	61442	96065	60834	23245	22535	311470	6.8	6.927232157	0.127232157	1.678644135
1492: Conquest of Paradise	tt0103594	1992	769	389	766	1618	3920	8769	9900	4882	1724	2064	34801	6.4	6.524036666	0.124036666	1.787135891
15 Minutes	tt0179626	2001	1053	906	1658	3558	8111	16134	13302	5466	1511	1623	53322	6.1	6.115693335	0.015693335	1.688974191
16 Blocks	tt0450232	2006	926	690	1395	3920	12298	36897	49760	20807	5596	5616	137905	6.6	6.717254632	0.117254632	1.417228394
17 Again	tt0974661	2009	3692	2805	4936	11077	27777	58726	62337	30373	11692	16563	229978	6.4	6.565236675	0.165236675	1.786849534
1900	tt0074084	1976	613	299	361	596	1451	2617	5179	7831	5071	4788	28806	7.6	7.63920711	0.03920711	1.941169811
1917	tt8579674	2019	3636	1471	2351	4186	10895	33904	117114	249581	210066	124027	757231	8.2	8.234718336	0.034718336	1.346111057
1922	tt6214928	2017	1106	1013	1941	4272	10975	23001	22130	8760	2065	2256	77519	6.2	6.257291761	0.057291761	1.590551856
1941	tt0078723	1979	1301	1179	2028	3705	6279	8726	7176	3998	1675	2505	38572	5.8	5.979855854	0.179855854	2.093503695
1984	tt0087803	1984	872	607	1018	2196	5488	13660	27104	20359	8173	7322	86799	7	7.174057305	0.174057305	1.643853749
2 Fast 2 Furious	tt0322259	2003	7395	6202	10860	23035	52252	84802	65607	31880	12445	24920	319398	6	6.230737199	0.230737199	1.94885911
2 Guns	tt1272878	2013	1793	1286	2463	6048	18918	57388	86113	38958	11127	11798	235892	6.7	6.81431333	0.11431333	1.463316922
2 States	tt2372678	2014	1320	664	935	1178	1928	3909	7021	5591	2645	3001	28192	6.9	6.773162599	-0.126837401	2.252485137
2:22	tt1131724	2017	782	788	1187	2313	4895	7051	5131	2510	987	1715	27359	5.7	5.993713221	0.293713221	1.991289962
2	tt5080556	2018	3028	959	946	1429	2610	3734	3747	2797	2113	8679	30042	6	6.769389521	0.769389521	2.958363861
20 Days in Mariupol	tt24082438	2023	616	122	94	117	319	609	1950	4626	20189	14169	42811	8.6	8.897432903	0.297432903	1.437319424
20,000 Leagues Under the Sea	tt0046672	1954	259	184	314	661	2213	6079	13813	9757	3342	3363	39985	7.2	7.257896711	0.057896711	1.504965181
2001: A Space Odyssey	tt0062622	1968	15212	7768	10362	14109	25280	46839	94909	162512	165461	231125	773577	8.3	8.1317852	-0.1682148	2.000593592
2010: The Year We Make Contact	tt0086837	1984	975	560	1025	2112	5168	12114	18782	11801	4223	3825	60585	6.7	6.838012709	0.138012709	1.718034235
2012	tt1190080	2009	15981	12749	20449	35694	69576	99532	81698	42422	16853	23098	418052	5.9	5.943263039	0.043263039	2.058342333
2046	tt0212712	2004	903	596	869	1488	3297	7152	15158	17646	9815	8200	65124	7.4	7.488176402	0.088176402	1.796718494
20th Century Women	tt4385888	2016	697	376	550	1058	2467	6550	13901	15147	6954	4180	51880	7.3	7.359965305	0.059965305	1.660782891
21	tt0478087	2008	1992	1491	3060	7345	20306	58945	100549	53119	17121	14960	278888	6.8	6.924708127	0.124708127	1.489670264
21 & Over	tt1711425	2013	2156	1798	3321	6248	13785	21469	15694	7253	2840	4830	79394	5.8	6.048164849	0.248164849	1.939650418
21 Bridges	tt8688634	2019	862	432	744	2030	6348	20342	29475	12616	3371	3796	80016	6.7	6.766421716	0.066421716	1.473116894
21 Grams	tt0315733	2003	2477	1301	1981	3546	8239	21276	59974	84982	42588	25989	252353	7.6	7.675411031	0.075411031	1.559405181
21 Jump Street	tt1232829	2012	5030	3221	5415	11340	30317	89203	204004	169027	64184	56371	638112	7.2	7.336470714	0.136470714	1.544213097
22 Bullets	tt1167638	2010	405	293	519	1198	3249	8720	12861	6343	2035	2097	37720	6.6	6.785816543	0.185816543	1.581433173
22 July	tt7280898	2018	633	292	485	1008	2958	8422	14667	7553	2269	1895	40182	6.8	6.831168185	0.031168185	1.575305349
22 Jump Street	tt2294449	2014	4015	2670	4476	9909	26799	75278	143428	96825	36226	34554	434180	7	7.135869916	0.135869916	1.591167707
24	tt4981966	2016	1333	190	149	240	538	1181	2929	4592	3772	11299	26223	7.9	8.277962094	0.377962094	2.303682592
24 Hour Party People	tt0274309	2002	417	313	416	793	2047	5109	11823	12005	5144	3355	41422	7.3	7.363212785	0.063212785	1.609033188
25th Hour	tt0307901	2002	1582	776	1216	2567	6491	18149	47079	62733	29745	20129	190467	7.6	7.659127303	0.059127303	1.525339679
27 Dresses	tt0988595	2008	3134	2837	5089	10918	26285	49984	43408	22717	9302	12261	185935	6.1	6.405442762	0.305442762	1.830633113
28 Days	tt0191754	2000	870	802	1480	3554	9056	16553	13695	6263	2148	2810	57231	6.1	6.275078192	0.175078192	1.722909149
28 Days Later	tt0289043	2002	4174	2497	4063	7712	18777	52267	140446	173337	75131	52478	530882	7.5	7.592024216	0.092024216	1.524964564
28 Weeks Later	tt0463854	2007	4324	3185	5372	10640	25802	65882	119225	70250	24734	23212	352626	6.8	6.933615218	0.133615218	1.652240912
28 Years Later	tt10548174	2025	6488	3713	5692	9209	18353	35666	47968	31786	11286	9064	179225	6.6	6.449239782	-0.150760218	1.995347413
3 Days to Kill	tt2172934	2014	2954	1489	2842	5698	13001	28443	26843	11443	3473	4687	100873	6.2	6.250285012	0.050285012	1.813073591
3 Idiots	tt1187043	2009	12475	2636	3147	4316	8089	15874	41813	89083	116389	181326	475148	8.4	8.515782451	0.115782451	1.917652112
3-Iron	tt0423866	2004	778	299	427	676	1618	3936	10788	18824	13133	10386	60865	7.9	7.972266491	0.072266491	1.651985081
3:10 to Yuma	tt0381849	2007	2836	1086	1738	3533	8979	28038	85954	125702	55209	35615	348690	7.6	7.736964066	0.136964066	1.44740694
30 Days of Night	tt0389722	2007	3013	2425	4425	8723	19362	42677	58003	34189	12767	13891	199475	6.6	6.728903371	0.128903371	1.782993404
30 Minutes or Less	tt1622547	2011	1776	1576	3059	7052	17483	34020	27379	10360	2875	4070	109650	6	6.155549476	0.155549476	1.654083877
300	tt0416449	2006	56776	7509	9992	15517	31910	74223	173477	245273	141535	149222	905434	7.6	7.412228832	-0.187771168	2.286480447
300: Rise of an Empire	tt1253863	2014	16491	5644	10007	19384	42520	78889	78271	40495	15710	19856	327267	6.2	6.212288437	0.012288437	2.066294645
3000 Miles to Graceland	tt0233142	2001	1587	1225	2086	3780	7786	12910	11426	5359	1894	2734	50787	6	6.085120208	0.085120208	1.955673004
365 Days	tt10886166	2020	31371	13104	11360	9893	9032	6521	5216	4431	2725	13405	107058	3.3	4.16645183	0.86645183	3.126989055
365 Days: This Day	tt12996154	2022	11268	3795	2887	1955	1671	1219	896	688	446	2879	27704	2.7	3.450332082	0.750332082	3.013174557
4 Months, 3 Weeks and 2 Days	tt1032846	2007	1374	406	501	806	1772	4391	11761	19794	12929	11674	65408	7.9	7.887399095	-0.012600905	1.797930625
40 Days and 40 Nights	tt0243736	2002	2420	2214	3847	7725	16769	21674	13514	5339	1710	2911	78123	5.6	5.695992217	0.095992217	1.851588206
42	tt0453562	2013	919	241	373	902	2940	10132	30008	35475	14321	12429	107740	7.5	7.691247448	0.191247448	1.455447079
45 Years	tt3544082	2015	545	361	566	1053	2446	6046	11046	8933	3591	1831	36418	7.1	7.004722939	-0.095277061	1.679998748
47 Meters Down	tt2932536	2017	2065	1778	3159	6303	13323	18020	11291	4742	1503	2544	64728	5.6	5.731445433	0.131445433	1.872133911
47 Meters Down: Uncaged	tt7329656	2019	1799	1786	2876	4957	8157	6576	3727	1664	530	1257	33329	5	5.124936242	0.124936242	2.028687126
47 Ronin	tt1335975	2013	3092	2671	5284	10175	22468	44393	47415	23354	8312	11326	178490	6.2	6.445677629	0.245677629	1.821438291
48 Hrs.	tt0083511	1982	534	439	772	2061	6225	18521	34576	18200	5352	5395	92075	6.9	6.994004887	0.094004887	1.446607098
5 Centimeters per Second	tt0983213	2007	719	448	733	1474	3485	7750	15959	18361	10199	10579	69707	7.4	7.600628344	0.200628344	1.748007922
50 First Dates	tt0343660	2004	3477	3168	5870	12623	33018	80908	126854	77424	31384	34308	409034	6.8	6.99540625	0.19540625	1.666959715
50/50	tt1306980	2011	1614	818	1419	3098	10200	33118	94917	121193	53334	31810	351521	7.6	7.68567454	0.08567454	1.368796836
500 Days of Summer	tt1022603	2009	5039	2960	4540	9254	22142	57514	142562	188180	99737	77444	609372	7.6	7.701102118	0.101102118	1.590749083
54	tt0120577	1998	914	767	1467	3101	6799	9625	6888	3290	1065	1668	35584	5.9	5.952085207	0.052085207	1.865012244
6 Days	tt4703048	2017	382	216	499	1171	3547	8591	7636	2935	737	874	26588	6.2	6.340491951	0.140491951	1.534921248
6 Souls	tt1179069	2010	1007	719	1308	2723	5723	10554	8682	4299	1599	2133	38747	6	6.19627326	0.19627326	1.887032731
6 Underground	tt8106534	2019	6724	5233	7787	12994	25153	47118	49552	28505	11309	14871	209246	6.1	6.338926431	0.238926431	2.048764716
65	tt12261776	2023	3094	3528	6403	12597	24337	27571	15606	5688	1840	3842	104506	5.4	5.51723346	0.11723346	1.85133167
7500	tt6436726	2019	1400	627	891	1725	4475	9691	9671	4721	1551	1348	36100	6.3	6.250747922	-0.049252078	1.870026936
777 Charlie	tt7466810	2022	886	99	104	154	340	740	2095	4289	6745	31207	46659	8.7	9.213742258	0.513742258	1.62359518
8 Mile	tt0298203	2002	3768	1736	2930	5910	16134	47479	111935	88989	31146	37481	347508	7.2	7.35463644	0.15463644	1.607815323
8 Women	tt0283832	2002	646	398	609	1023	2407	5413	10359	8601	3359	3068	35883	7	7.081514924	0.081514924	1.802714333
8-Bit Christmas	tt11540284	2021	376	185	361	737	1901	5351	7957	4674	1676	1977	25195	6.7	6.919349077	0.219349077	1.696745145
8½	tt0056801	1963	3107	1360	1793	2575	4880	8772	18088	31336	24582	35235	131728	8	7.966643386	-0.033356614	2.042797149
88 Minutes	tt0411061	2007	2288	2114	3251	5919	12683	22306	17790	7722	2556	3500	80129	5.9	6.009135269	0.109135269	1.883690301
8MM	tt0134273	1999	2644	2161	3442	6680	14969	34365	45706	25492	7869	6808	150136	6.6	6.579541216	-0.020458784	1.731926051
9	tt0472033	2009	1416	1015	1878	3913	9773	25235	47894	35646	16470	12557	155797	7	7.183918817	0.183918817	1.632513538
9 Songs	tt0411705	2004	2331	1764	2458	3454	4588	4011	2685	1585	768	1604	25248	4.8	5.088799113	0.288799113	2.418414984
9 to 5	tt0080319	1980	482	273	567	1307	3424	8153	12258	7994	3426	4771	42655	6.9	7.087023796	0.187023796	1.753660826
9½ Weeks	tt0091635	1986	1301	1155	1950	3740	7886	11346	8591	4761	2314	3445	46489	5.9	6.139688959	0.239688959	2.043215664
96	tt7019842	2018	1191	202	220	271	601	1214	3159	6691	9133	21229	43911	8.5	8.739404705	0.239404705	1.902502924
99 Homes	tt2891174	2014	363	151	260	617	1939	7058	16349	10051	2531	1742	41061	7.1	7.087163001	-0.012836999	1.368626295
A Bad Moms Christmas	tt6359956	2017	2344	1728	2953	5624	12315	15896	10601	5026	1970	3569	62026	5.6	5.835310999	0.235310999	2.013628303
A Beautiful Day in the Neighborhood	tt3224458	2019	1150	597	865	1799	4458	12404	27844	25360	10407	8407	93291	7.2	7.335863052	0.135863052	1.632816148
A Beautiful Mind	tt0268978	2001	4739	2427	3481	6382	15782	47108	161804	356075	269542	176915	1044255	8.2	8.219618771	0.019618771	1.358723818
A Better Tomorrow	tt0092263	1986	269	130	212	448	1085	2950	7415	8364	3601	3554	28028	7.4	7.594120166	0.194120166	1.608447113
A Bigger Splash	tt2056771	2015	802	569	865	1820	4065	8789	10582	5626	1707	1337	36162	6.4	6.43462751	0.03462751	1.754347332
A Bittersweet Life	tt0456912	2005	489	171	311	659	1736	4756	12313	14355	6488	5288	46566	7.5	7.600373663	0.100373663	1.575613805
A Boy Called Christmas	tt10187208	2021	497	300	517	957	2642	6602	8908	5166	2230	3287	31106	6.7	6.941490388	0.241490388	1.819799591
A Bridge Too Far	tt0075784	1977	484	228	372	844	2356	7248	20262	20366	8294	6284	66738	7.4	7.536156313	0.136156313	1.470230716
A Brilliant Young Mind	tt3149038	2014	324	159	264	522	1539	4804	10220	7866	3008	2441	31147	7.1	7.255626545	0.155626545	1.55542213
A Bronx Tale	tt0106489	1993	788	327	510	1061	3509	11580	41051	66130	30889	25116	180961	7.8	7.956404971	0.156404971	1.350555521
A Bug's Life	tt0120623	1998	1650	1232	2345	5772	17172	52435	116526	83405	28286	25384	334207	7.2	7.259102891	0.059102891	1.450712919
A Christmas Carol	tt0044008	1951	471	156	160	321	910	1854	4343	7162	5102	8481	28960	8.1	8.171477901	0.071477901	1.820290736
A Christmas Carol	tt1067106	2009	1807	1257	2361	4846	12034	28350	41788	24720	10098	12934	140195	6.8	6.930033168	0.130033168	1.761862829
A Christmas Story	tt0085334	1983	4349	1599	2031	3088	6566	13374	27335	42730	30572	48467	180111	7.9	7.95103575	0.05103575	2.019808057
A Cinderella Story	tt0356470	2004	2773	2241	3978	7532	15359	21822	17481	10841	5300	13103	100430	5.9	6.421079359	0.521079359	2.201763577
A Civil Action	tt0120633	1998	404	282	462	1117	3267	8539	10790	4890	1385	1203	32339	6.6	6.60304895	0.00304895	1.541149545
A Clockwork Orange	tt0066921	1971	15608	6900	8705	12938	24288	51114	126071	233515	229555	220244	928938	8.2	8.132352213	-0.067647787	1.82123926
A Complete Unknown	tt11563598	2024	1082	449	764	1711	4689	13812	34486	32866	12495	8672	111026	7.3	7.394105885	0.094105885	1.512590715
A Cure for Wellness	tt4731136	2016	2156	1667	3041	6402	14425	29868	34770	18216	5830	5308	121683	6.4	6.461231232	0.061231232	1.736963806
A Dangerous Method	tt1571222	2011	1601	1134	2173	5025	13161	30229	33340	15689	4775	4449	111576	6.4	6.489065749	0.089065749	1.62479847
A Different Man	tt21097228	2024	646	346	507	1078	2698	6538	11153	7927	2357	3089	36339	6.9	6.975398332	0.075398332	1.757053406
A Dog's Journey	tt8385474	2019	384	169	246	508	1252	3361	8241	8411	3816	5899	32287	7.4	7.688140738	0.288140738	1.727976785
A Dog's Purpose	tt1753383	2017	6003	492	712	1462	3606	9320	19676	17410	8992	17750	85423	7.3	7.309050256	0.009050256	2.374599735
A Family Affair	tt21051906	2024	1678	1521	2525	4853	9181	9771	5613	2138	652	1290	39222	5.4	5.389857733	-0.010142267	1.913957578
A Fantastic Woman	tt5639354	2017	872	279	355	598	1460	4077	8823	7532	2769	1604	28369	7.2	7.036800733	-0.163199267	1.804296082
A Few Good Men	tt0104257	1992	1450	708	1203	2439	7282	23762	77114	112944	51948	33856	312706	7.7	7.817742544	0.117742544	1.362281803
A Fish Called Wanda	tt0095159	1988	1197	837	1402	2717	6528	17434	42273	51118	23727	16638	163871	7.5	7.566726266	0.066726266	1.557631762
A Fistful of Dollars	tt0058461	1964	1176	581	784	1559	4374	14608	51702	96298	47313	32154	250549	7.9	7.982865627	0.082865627	1.337846946
A Ghost Story	tt6265828	2017	3992	2006	2441	3408	6141	11444	18955	18587	10612	8081	85667	6.8	6.840755483	0.040755483	2.2435197
A Girl Walks Home Alone at Night	tt2326554	2014	964	485	786	1312	2877	6141	11223	10027	4198	2977	40990	6.9	7.004147353	0.104147353	1.86437415
A Good Day to Die Hard	tt1606378	2013	10155	9746	15837	27484	48897	51763	29914	13001	4797	10501	222095	5.2	5.419959927	0.219959927	2.04583458
A Good Person	tt14153080	2023	381	179	265	483	1346	3846	8748	7192	2960	2982	28382	7.1	7.346346276	0.246346276	1.662828397
A Good Year	tt0401445	2006	987	771	1266	2740	7070	18235	33173	22102	9497	10356	106197	6.9	7.157518574	0.257518574	1.672048408
A Goofy Movie	tt0113198	1995	561	508	849	2092	5487	12416	19501	12413	5308	9687	68822	7	7.190665775	0.190665775	1.779778059
A Guide to Recognizing Your Saints	tt0473488	2006	457	299	388	765	1852	4397	8089	6158	2752	2983	28140	6.9	7.157285004	0.257285004	1.809564841
A Hard Day's Night	tt0058182	1964	527	344	491	939	2684	5579	10808	12539	6521	10260	50692	7.5	7.705259212	0.205259212	1.809315913
A Haunted House	tt2243537	2013	3890	3009	4212	5874	9434	9327	6995	4064	1785	5348	53938	5.1	5.565538211	0.465538211	2.477010459
A Haunted House 2	tt2828996	2014	2443	1711	2160	3227	4889	3834	2692	1567	692	2332	25547	4.7	5.230751165	0.530751165	2.526542121
A Haunting in Venice	tt22687790	2023	1352	1039	1998	4726	14549	40106	45687	18594	5256	5479	138786	6.5	6.573890738	0.073890738	1.497390581
A Hero	tt11777738	2021	4213	602	268	351	902	2440	6488	7972	3461	5913	32610	7.5	6.937933149	-0.562066851	2.797073208
A Hidden Life	tt5827916	2019	613	313	477	835	1676	3624	7352	8058	4693	3948	31589	7.4	7.400645794	0.000645794	1.888524851
A History of Violence	tt0399146	2005	3384	1645	2643	4966	11661	31517	77237	84601	32785	19925	270364	7.4	7.373969907	-0.026030093	1.592140973
A Hologram for the King	tt2980210	2016	2032	775	1378	2905	7807	15416	12316	4362	1114	1357	49462	6.1	5.975718734	-0.124281266	1.778804728
A House of Dynamite	tt32376165	2025	6248	2892	3734	5902	11816	21111	26970	16233	5282	4172	104360	6.4	6.137408969	-0.262591031	2.135071255
A Knight's Tale	tt0183790	2001	1957	1467	2703	5480	13835	35932	66532	46009	19487	23148	216550	7	7.205476795	0.205476795	1.684015526
A League of Their Own	tt0104694	1992	1156	514	925	2082	5968	16352	37560	32229	15389	16644	128819	7.4	7.506128754	0.106128754	1.621771922
A Life Less Ordinary	tt0119535	1997	648	506	986	2045	4578	9172	9907	5722	2293	2401	38258	6.3	6.547441058	0.247441058	1.817038336
A Little Bit of Heaven	tt1440161	2011	718	547	831	1582	3719	7255	6809	4264	1895	2943	30563	6.2	6.577168472	0.377168472	1.998418557
A Little Chaos	tt2639254	2014	375	232	443	1028	2912	6683	7519	3971	1562	1939	26664	6.5	6.705183018	0.205183018	1.724829907
A Little Princess	tt0113670	1995	373	186	280	542	1450	3571	8204	10176	5549	8435	38766	7.6	7.8820616	0.2820616	1.721876791
A Lonely Place to Die	tt1422136	2011	682	470	825	1816	4393	9057	8417	3776	1177	1400	32013	6.2	6.290819355	0.090819355	1.744831104
A Long Way Down	tt0458413	2014	423	399	735	1753	4324	9457	10328	4777	1557	1788	35541	6.3	6.505303734	0.205303734	1.659645926
A Lot Like Love	tt0391304	2005	1139	707	1251	2784	7296	15847	20261	11687	4987	7192	73151	6.6	6.850624052	0.250624052	1.824541325
A Love Song for Bobby Long	tt0369672	2004	343	185	298	573	1659	4017	7873	6877	3179	3076	28080	7.1	7.328846154	0.228846154	1.70672321
A Man Apart	tt0266465	2003	957	716	1527	3294	8184	15333	11252	5008	1701	3009	50981	6	6.223710794	0.223710794	1.786295298
A Man Called Otto	tt7405458	2022	2435	920	1372	2422	6891	19956	53001	63017	28769	26439	205222	7.5	7.653779809	0.153779809	1.607429908
A Man Called Ove	tt4080728	2015	335	158	256	597	1688	5459	17629	26508	12479	8693	73802	7.7	7.854922631	0.154922631	1.369468579
A Man Escaped	tt0049902	1956	934	96	178	259	662	1601	4682	9081	6170	6622	30285	8.1	8.016641902	-0.083358098	1.884156745
A Man for All Seasons	tt0060665	1966	937	331	359	577	1410	3327	7798	11230	6164	7564	39697	7.7	7.747134544	0.047134544	1.902723873
A Matter of Life and Death	tt0038733	1946	555	146	188	322	787	1923	4644	7567	5498	5867	27497	8	7.977888497	-0.022111503	1.815967032
A Midsummer Night's Dream	tt0140379	1999	618	413	659	1332	3210	6895	7132	4061	1747	2087	28154	6.4	6.577182638	0.177182638	1.881273184
A Mighty Heart	tt0829459	2007	1168	369	553	1020	2423	5991	8459	4646	1909	2155	28693	6.6	6.650332834	0.050332834	1.985876429
A Mighty Wind	tt0310281	2003	392	209	308	603	1448	3991	8767	8040	3819	3235	30812	7.2	7.391341036	0.191341036	1.68218398
A Million Miles Away	tt21940010	2023	404	113	155	324	850	2822	7612	6925	2946	3511	25662	7.3	7.555178864	0.255178864	1.667891553
A Million Ways to Die in the West	tt2557490	2014	6054	4689	7532	13685	26976	49673	50432	26758	9964	12869	208632	6.1	6.284462594	0.184462594	1.972873389
A Minecraft Movie	tt3566834	2025	9332	5240	7744	12329	21190	28439	22215	13144	5884	24878	150395	5.6	6.192606137	0.592606137	2.549505555
A Moment to Remember	tt0428870	2004	365	87	128	229	559	1388	3864	7056	6245	7201	27122	8.1	8.283791756	0.183791756	1.665079064
A Monster Calls	tt3416532	2016	769	450	735	1514	3956	11189	26021	28796	13693	11060	98183	7.4	7.569497775	0.169497775	1.571908462
A Most Violent Year	tt2937898	2014	922	566	924	1939	5432	15331	28639	18878	5450	3068	81149	6.9	6.937300521	0.037300521	1.508291052
A Most Wanted Man	tt1972571	2014	1232	740	1236	2648	6851	18034	29174	16733	4622	2794	84064	6.7	6.745943567	0.045943567	1.568606083
A Night at the Opera	tt0026778	1935	614	245	350	568	1279	2853	6085	10447	6528	7274	36243	7.8	7.880197555	0.080197555	1.826113229
A Night at the Roxbury	tt0120770	1998	2076	1793	2441	4421	8351	14072	13754	8782	3887	8740	68317	6.2	6.525066967	0.325066967	2.209338042
A Nightmare on Elm Street	tt0087800	1984	2101	1353	2428	4727	11993	32953	80162	81263	33151	37604	287735	7.4	7.556671938	0.156671938	1.598170648
A Nightmare on Elm Street	tt1179056	2010	7189	5537	8647	13818	23975	23780	15045	7183	2753	6221	114148	5.2	5.359682167	0.159682167	2.188429529
A Nightmare on Elm Street 2: Freddy's Revenge	tt0089686	1985	2086	2947	5257	10313	19472	20825	12364	5438	1950	4541	85193	5.5	5.638080593	0.138080593	1.93961674
A Nightmare on Elm Street 3: Dream Warriors	tt0093629	1987	1026	850	1797	3726	9914	21840	27164	16207	6256	10032	98812	6.7	6.882352346	0.182352346	1.777287543
A Nightmare on Elm Street 4: The Dream Master	tt0095742	1988	1155	1406	3011	7064	15489	17554	10621	4804	1753	4439	67296	5.6	5.898879577	0.298879577	1.881254091
A Nightmare on Elm Street: The Dream Child	tt0097981	1989	1659	2195	4481	8974	15111	10846	5748	2495	907	2926	55342	5	5.305879802	0.305879802	1.957121846
A Perfect Getaway	tt0971209	2009	1093	875	1697	3421	8375	19964	24451	11873	3960	4601	80310	6.5	6.612725688	0.112725688	1.691231698
A Perfect Murder	tt0120787	1998	721	576	1138	3105	9729	26930	33064	14515	4115	3659	97552	6.6	6.654143431	0.054143431	1.44820024
A Perfect World	tt0107808	1993	590	291	551	1190	3094	9530	26078	29742	12220	9342	92628	7.5	7.601556765	0.101556765	1.466212748
A Place in the Sun	tt0043924	1951	251	133	168	305	912	2383	6042	8413	4015	3969	26591	7.7	7.766612764	0.066612764	1.603770459
A Prayer Before Dawn	tt4080956	2017	484	253	408	758	1896	5349	9671	5975	1716	1454	27964	6.8	6.876734373	0.076734373	1.643515893
A Prophet	tt1235166	2009	808	297	493	908	2431	7483	22267	38017	22326	11739	106769	7.8	7.885200761	0.085200761	1.432486806
A Quiet Place	tt6644200	2018	6775	4147	6361	10859	24213	64391	163925	206553	94727	66598	648549	7.5	7.560602206	0.060602206	1.613942882
A Quiet Place Part II	tt8332922	2020	2650	1644	2722	5505	14970	45499	106009	84281	29385	24092	316757	7.2	7.278967789	0.078967789	1.517028004
A Quiet Place: Day One	tt13433802	2024	4357	2925	4635	9362	22846	47561	44713	19646	5885	7457	169387	6.3	6.251070035	-0.048929965	1.789836423
A Rainy Day in New York	tt7139936	2019	1191	799	1313	2762	6290	13600	16998	8961	2791	2850	57555	6.4	6.517574494	0.117574494	1.767770508
A Real Pain	tt21823606	2024	1743	938	1437	2543	7314	20286	55891	30642	9737	5932	136463	7	7.032778116	0.032778116	1.493662221
A River Runs Through It	tt0105265	1992	668	470	741	1380	3393	9153	20728	17802	8056	7717	70108	7.2	7.394591202	0.194591202	1.652141316
A Room with a View	tt0091867	1985	638	426	668	1242	2793	6584	13563	12339	6266	7181	51700	7.2	7.423365571	0.223365571	1.791925719
A Royal Affair	tt1276419	2012	368	156	232	515	1569	5093	15922	18419	6665	4704	53643	7.5	7.599686818	0.099686818	1.39899666
A Scanner Darkly	tt0405296	2006	1681	1055	1727	3298	7418	17231	34762	29976	13430	10736	121314	7	7.204543581	0.204543581	1.737784351
A Separation	tt1832382	2011	5971	1264	1430	2516	5322	11325	34473	69790	63125	80225	275441	8.3	8.304569763	0.004569763	1.807857862
A Serbian Film	tt1273235	2010	15138	4404	5111	6640	9998	10931	9961	6899	3271	6548	78901	4.9	5.085524898	0.185524898	2.841956336
A Series of Unfortunate Events	tt0339291	2004	2413	1988	3640	8091	19068	46426	71542	41727	15972	18897	229764	6.8	6.924048154	0.124048154	1.700860636
A Serious Man	tt1019452	2009	3170	1881	2862	5019	10944	24007	43412	36439	17715	11750	157199	7	7.040038423	0.040038423	1.840826882
A Short Film About Love	tt0095467	1988	225	129	139	207	550	1497	4646	8893	6471	5104	27861	8.1	8.126233804	0.026233804	1.521360658
A Shot in the Dark	tt0058586	1964	221	117	254	542	1476	4183	9384	9810	3874	3704	33565	7.3	7.505943691	0.205943691	1.543475396
A Silent Voice: The Movie	tt5323662	2016	1236	559	671	1149	2546	6325	17069	32781	31758	40693	134787	8.2	8.414209085	0.214209085	1.617255166
A Simple Favor	tt7040874	2018	2608	1541	2666	5747	14826	40698	64160	34698	11407	10159	188510	6.7	6.821659328	0.121659328	1.616447047
A Simple Plan	tt0120324	1998	688	433	642	1285	3045	8705	22812	26430	11182	6568	81790	7.5	7.501124832	0.001124832	1.516295702
A Single Man	tt1315981	2009	1501	742	1063	2056	5030	11972	28415	35841	19927	15026	121573	7.5	7.621889729	0.121889729	1.68203121
A Star Is Born	tt1517451	2018	6031	2707	3851	6677	16309	42345	98513	126637	73254	68340	444664	7.6	7.715250166	0.115250166	1.723800959
A Street Cat Named Bob	tt3606888	2016	239	121	220	466	1473	4411	10757	9806	3992	5044	36529	7.3	7.581674834	0.281674834	1.556152333
A Streetcar Named Desire	tt0044081	1951	1725	690	988	1722	3828	8736	21105	35340	23257	21844	119235	7.9	7.906411708	0.006411708	1.741719398
A Tale of Two Sisters	tt0365376	2003	1168	665	1050	2046	4488	10211	19583	17860	8311	7909	73291	7.1	7.25038545	0.15038545	1.808623001
A Taxi Driver	tt6878038	2017	404	70	86	201	597	2077	7491	13621	7353	5188	37088	7.9	7.994904012	0.094904012	1.440509538
A Thousand Words	tt0763831	2012	1354	1093	1833	3384	7678	12177	9267	4512	1817	3974	47089	5.9	6.181592304	0.281592304	2.033675274
A Thursday	tt13028258	2022	658	171	197	292	646	1497	3500	4494	3832	11696	26983	7.6	8.407923507	0.807923507	2.013804059
A Time to Kill	tt0117913	1996	1518	731	1199	2388	6577	19938	57036	64217	26826	20920	201350	7.5	7.609952818	0.109952818	1.486195837
A Very Harold & Kumar Christmas	tt1268799	2011	1569	1154	1968	4227	9908	20128	18617	8670	3115	5638	74994	6.2	6.415059871	0.215059871	1.864981782
A Very Long Engagement	tt0344510	2004	826	322	478	985	2497	7027	17910	24703	13153	9729	77630	7.6	7.730928765	0.130928765	1.583756544
A View to a Kill	tt0090264	1985	1066	1103	2408	5584	14521	33548	31304	12407	3624	5449	111014	6.3	6.415542184	0.115542184	1.600552609
A Walk Among the Tombstones	tt0365907	2014	1151	802	1581	4181	13557	38895	45029	16859	4413	4939	131407	6.5	6.579246159	0.079246159	1.441977873
A Walk in the Clouds	tt0114887	1995	620	427	694	1513	3505	7544	10263	6776	2996	4418	38756	6.7	6.956084219	0.256084219	1.885150709
A Walk in the Woods	tt1178665	2015	472	291	597	1355	3934	9234	9402	4008	1157	1483	31933	6.4	6.465411956	0.065411956	1.62037408
A Walk to Remember	tt0281358	2002	3471	2093	3289	5709	11793	25452	47254	49396	30265	51107	229829	7.3	7.664124197	0.364124197	1.960059003
A Wednesday	tt1280558	2008	2132	633	625	898	1562	3231	9135	20167	23357	23727	85467	8.1	8.293551897	0.193551897	1.886818292
A Woman Under the Influence	tt0072417	1974	395	198	307	495	1008	2259	4939	8995	7051	6983	32630	8	8.032730616	0.032730616	1.751284373
A Working Man	tt9150192	2025	1863	1793	3177	6008	13850	20309	13139	5387	1994	4864	72384	5.7	5.965006079	0.265006079	1.938880564
A Wrinkle in Time	tt1620680	2018	9004	4574	5759	7331	7954	5831	3507	1983	996	2643	49582	4.3	4.342624339	0.042624339	2.516108518
A.I. Artificial Intelligence	tt0212720	2001	6257	3745	5738	10104	21180	48243	90154	76282	38702	36094	336499	7.2	7.183756861	-0.016243139	1.871951875
A.R.O.G	tt1286126	2008	1458	352	478	823	1980	4910	11076	11335	5538	10419	48369	7.4	7.618350596	0.218350596	2.022945371
Aankhon ki Gustaakhiyan	tt28812582	2025	483	75	57	92	143	187	343	3102	6773	17750	29005	5.9	9.263333908	3.363333908	1.475243408
Aashiqui 2	tt2203308	2013	1537	529	579	938	1981	3816	6923	6923	4428	10056	37710	7.1	7.561442588	0.461442588	2.31020745
Aavesham	tt26660021	2024	519	136	156	282	671	1850	5130	8050	5660	9772	32226	7.8	8.248370881	0.448370881	1.762183914
Abduction	tt1600195	2011	6579	4389	6125	9822	16140	16537	10999	5679	2507	6838	85615	5.1	5.446592303	0.346592303	2.379424752
Abigail	tt27489557	2024	1836	1298	2205	4373	11031	27177	34650	16754	4951	7110	111385	6.5	6.634618665	0.134618665	1.721678071
Abominable	tt6324278	2019	1000	275	466	903	2732	7770	14594	9690	3870	4974	46274	7	7.154946622	0.154946622	1.776169415
About a Boy	tt0276751	2002	1418	955	1785	3952	10810	31925	67085	49287	18410	13277	198904	7.1	7.20167518	0.10167518	1.501698781
About Elly	tt1360860	2009	1653	351	387	608	1383	3488	10170	17655	11690	13119	60504	7.9	7.976679228	0.076679228	1.879544064
About Last Night	tt1826590	2014	915	477	746	1579	3633	7296	5562	2611	1049	1945	25813	6	6.240150312	0.240150312	1.990294016
About Schmidt	tt0257360	2002	1953	1346	2035	3483	8643	20206	42316	35249	13734	8544	137509	7.2	7.100502513	-0.099497487	1.68050309
About Time	tt2194499	2013	2088	1190	2012	4057	10619	31348	87224	135119	79071	73821	426549	7.8	7.992713616	0.192713616	1.486774245
Above the Law	tt0094602	1988	1122	701	1242	2436	6122	10169	7355	3642	1284	2657	36730	6	6.162945821	0.162945821	1.961580461
Abraham Lincoln: Vampire Hunter	tt1611224	2012	5175	4397	7101	13188	25864	40710	35301	18200	6733	10655	167324	5.9	6.104671177	0.204671177	2.01533774
Absolute Power	tt0118548	1997	508	305	713	1736	5139	15340	23776	10812	3266	2721	64316	6.7	6.801853349	0.101853349	1.447093982
Absolutely Anything	tt1727770	2015	883	897	1903	3903	9051	16569	12029	4825	1457	2190	53707	6	6.078965498	0.078965498	1.711754339
Accepted	tt0384793	2006	1689	1530	2895	6574	16806	36894	40385	20278	7409	10390	144850	6.4	6.631853642	0.231853642	1.727867016
Ace in the Hole	tt0043338	1951	904	280	185	309	860	2376	7321	14061	9156	6436	41888	8.1	7.933298319	-0.166701681	1.715170824
Ace Ventura: Pet Detective	tt0109040	1994	4311	3644	5885	11353	26152	63287	108657	66873	26818	32156	349136	6.9	6.9991436	0.0991436	1.753965161
Ace Ventura: When Nature Calls	tt0112281	1995	4334	4285	7292	14014	30753	57689	60689	33656	13995	20204	246911	6.4	6.531912308	0.131912308	1.913461599
Across the Universe	tt0445922	2007	2665	1399	1899	3064	5922	11877	22676	26514	17407	23770	117193	7.3	7.590001109	0.290001109	2.052532496
Act of Valor	tt1591479	2012	2225	1140	1702	3464	6896	14444	17575	11471	5440	9325	73682	6.4	6.807822806	0.407822806	2.095268896
Ad Astra	tt2935510	2019	6841	5454	8431	14513	31386	63289	76169	45465	15146	10333	277027	6.5	6.404808918	-0.095191082	1.839981645
Adam	tt1185836	2009	357	193	303	633	1782	5631	11792	9414	3622	2967	36694	7.1	7.276502971	0.176502971	1.555490738
Adam's Apples	tt0418455	2005	420	202	340	578	1654	4655	12838	19923	10389	7454	58453	7.7	7.829315861	0.129315861	1.493880422
Adaptation.	tt0268126	2002	2564	1613	2121	3672	8205	19250	44130	63144	38728	29140	212567	7.7	7.702888971	0.002888971	1.717433083
Addams Family Values	tt0106220	1993	763	650	1445	3620	9917	26031	36501	21505	8772	12939	122143	6.9	7.061673612	0.161673612	1.662764371
Addicted to Love	tt0118556	1997	503	412	795	1632	4117	7404	6343	3041	1054	1289	26590	6.1	6.256261753	0.156261753	1.775697645
Adipurush	tt12915716	2023	52202	3247	1659	1113	1137	1236	4099	19155	20888	32127	136863	2.6	5.643753242	3.043753242	3.956936246
Admission	tt1814621	2013	797	625	1352	3244	8079	11515	6927	2547	783	1167	37036	5.7	5.836105411	0.136105411	1.683689173
Adore	tt2103267	2013	1209	861	1286	2437	4952	8687	8664	5158	2189	3050	38493	6.2	6.378614294	0.178614294	2.05500883
Adrift	tt6306064	2018	717	462	811	1866	5658	16282	21994	10518	3271	3892	65471	6.6	6.781338302	0.181338302	1.570820097
Adventureland	tt1091722	2009	2218	1579	2734	5552	14270	35801	56618	32731	11698	10608	173809	6.8	6.855099563	0.055099563	1.657079722
Adventures in Babysitting	tt0092513	1987	435	276	573	1350	3915	9856	16378	10131	4034	6410	53358	6.9	7.176374677	0.276374677	1.686104172
Ae Dil Hai Mushkil	tt4559006	2016	4178	1003	1046	1604	2851	3776	3976	3020	1739	5361	28554	5.9	6.090285074	0.190285074	2.996800995
Æon Flux	tt0402022	2005	4697	4889	8512	15662	28197	32990	22323	10199	3500	5390	136359	5.4	5.608995373	0.208995373	1.958654253
Afflicted	tt2309961	2013	702	500	751	1513	3338	6910	7224	3873	1221	1315	27347	6.2	6.357114126	0.157114126	1.843710793
After	tt4126476	2019	6279	3652	4788	6721	10772	11645	9107	6040	3351	12162	74517	5.3	5.937021082	0.637021082	2.726352905
After Earth	tt1815862	2013	21066	14114	20328	29848	42049	39943	23708	10660	4115	9832	215663	4.8	4.943657466	0.143657466	2.2757405
After Hours	tt0088680	1985	763	467	706	1363	3382	8617	22605	30742	15307	9976	93928	7.6	7.660899838	0.060899838	1.549720771
After the Sunset	tt0367479	2004	645	542	1099	2580	7019	16351	14733	5788	1690	2257	52704	6.2	6.3707119	0.1707119	1.59448411
After the Wedding	tt0457655	2006	277	149	224	400	1073	3116	9421	13768	6562	3970	38960	7.6	7.745302875	0.145302875	1.454262969
After We Collided	tt10362466	2020	3965	2235	2789	3999	6380	5855	4525	3110	1760	8773	43391	5.1	5.990942822	0.890942822	2.862491338
After Yang	tt8633464	2021	725	485	625	1166	2627	5172	6722	4956	2032	1405	25915	6.6	6.615512252	0.015512252	1.927698327
After.Life	tt0838247	2009	1275	1006	1834	3596	7235	11223	8724	4072	1549	2266	42780	5.9	6.005867228	0.105867228	1.941809485
Aftermath	tt4581576	2017	801	644	1225	2682	6366	8466	4750	1737	529	1026	28226	5.7	5.714057961	0.014057961	1.77588573
Aftersun	tt19770238	2022	1616	1006	1353	2198	5216	12221	26190	34453	22594	16931	123778	7.6	7.654793259	0.054793259	1.756707983
Against the Ice	tt13873302	2022	259	136	327	824	2706	8533	11173	4575	1184	1408	31125	6.5	6.717526104	0.217526104	1.436534799
Agent Cody Banks	tt0313911	2003	1803	1581	2837	5343	9579	8230	4634	2015	739	2195	38956	5.2	5.372266146	0.172266146	2.064107932
Agneepath	tt1849718	2012	1127	368	515	826	1778	3605	6599	5494	2923	5291	28526	6.9	7.242305265	0.342305265	2.209795625
Agora	tt1186830	2009	1121	571	845	1681	4332	10636	20946	18620	8697	8421	75870	7.1	7.315974694	0.215974694	1.75194711
Aguirre, the Wrath of God	tt0068182	1972	1628	562	714	1260	2497	5587	12156	17931	11979	12713	67027	7.8	7.749444254	-0.050555746	1.945203775
Air	tt16419074	2023	1219	482	713	1429	4849	19588	65085	64856	20392	12680	191293	7.4	7.50985138	0.10985138	1.313444266
Air America	tt0099005	1990	605	524	1190	2802	6839	9573	6055	2406	764	1415	32173	5.8	5.928045255	0.128045255	1.739021484
Air Force One	tt0118571	1997	3101	2501	4193	8746	22262	56504	68700	33437	11105	11472	222021	6.5	6.616765982	0.116765982	1.663000705
Airheads	tt0109068	1994	926	824	1673	3724	8714	16030	13782	6799	2400	4393	59265	6.2	6.388846705	0.188846705	1.83201275
Airlift	tt4387040	2016	1824	337	341	506	1206	3283	8293	11955	9651	23890	61286	7.9	8.333436674	0.433436674	2.014896071
Airplane II: The Sequel	tt0083530	1982	851	941	1751	4043	9405	17381	14099	6534	2354	3019	60378	6.2	6.25741164	0.05741164	1.742824311
Airplane!	tt0080339	1980	1850	1401	2200	4120	10144	26547	62805	85349	44912	43938	283266	7.7	7.77978649	0.07978649	1.604477062
Akira	tt0094625	1988	2317	1069	1667	2936	6043	14501	35768	64769	49450	44484	223004	8	8.057429463	0.057429463	1.661310225
Ala Vaikunthapurramuloo	tt9537292	2020	1364	251	251	397	951	2087	4420	4752	2989	8792	26254	7.3	7.81827531	0.51827531	2.367230089
Aladdin	tt0103639	1992	2251	1067	1721	3684	10322	31211	97383	172230	91455	84543	495867	8	8.048944576	0.048944576	1.416003572
Aladdin	tt6139732	2019	7762	3665	5309	9459	21595	50276	88258	64307	27736	32913	311280	6.9	7.033866615	0.133866615	1.921170947
Alan Partridge	tt0469021	2013	463	255	461	937	2305	6276	10717	7682	2762	2090	33948	6.9	6.996524096	0.096524096	1.645234205
Albert Nobbs	tt1602098	2011	418	332	426	966	2372	6015	8067	4468	1649	1672	26385	6.7	6.744286526	0.044286526	1.727621592
Alex Cross	tt1712170	2012	2218	1676	2698	4683	7840	7588	4909	2162	790	2070	36634	5.2	5.366408255	0.166408255	2.168109517
Alexander	tt0346491	2004	10004	6313	10509	18232	33321	40641	29655	15575	6627	11551	182428	5.6	5.727596641	0.127596641	2.189846124
Alexander and the Terrible, Horrible, No Good, Very Bad Day	tt1698641	2014	897	624	1109	2641	7101	14611	12197	5111	1591	2758	48640	6.2	6.319346217	0.119346217	1.733626413
Alfie	tt0375173	2004	1164	939	1571	3436	8096	15531	13851	6621	2380	2762	56351	6.2	6.284360526	0.084360526	1.794665303
Ali	tt0248667	2001	1943	802	1437	3254	8848	24517	36694	19224	6129	6738	109586	6.7	6.802027631	0.102027631	1.660823175
Ali G Indahouse	tt0284837	2002	2610	1815	2998	5504	12279	23765	24728	13181	4853	7404	99137	6.2	6.430454825	0.230454825	1.949550244
Ali: Fear Eats the Soul	tt0071141	1974	231	136	138	291	606	1727	4848	8482	5334	3902	25695	8	7.95061296	-0.04938704	1.558519972
Alice Doesn't Live Here Anymore	tt0071115	1974	305	144	214	474	1305	3817	9486	8699	2909	2192	29545	7.3	7.332983584	0.032983584	1.518168998
Alice in Wonderland	tt0043274	1951	1026	812	1504	3159	8651	22337	48648	40972	16889	20652	164650	7.3	7.433392044	0.133392044	1.616316408
Alice in Wonderland	tt1014759	2010	7713	6121	11336	22541	51267	109207	125516	69218	27166	34033	464118	6.4	6.620911061	0.220911061	1.825528044
Alice Through the Looking Glass	tt2567026	2016	2492	2096	3823	7952	17542	35358	32200	15707	5903	9960	133033	6.2	6.416468094	0.216468094	1.867655805
Alien	tt0078748	1979	5747	2667	3859	7068	16368	44016	140554	295493	296183	238946	1050901	8.5	8.373571821	-0.126428179	1.43246999
Alien vs. Predator	tt0370263	2004	8043	7176	12452	21950	42475	58985	42543	18840	6287	11653	230404	5.7	5.796210135	0.096210135	1.986922749
Alien: Covenant	tt2316204	2017	8148	5521	9152	17235	37459	82134	99541	49638	15549	16561	340938	6.4	6.438493216	0.038493216	1.811065159
Alien: Resurrection	tt0118583	1997	5826	5362	9625	19606	39996	78838	72249	33157	11086	13725	289470	6.2	6.235119356	0.035119356	1.806567324
Alien: Romulus	tt18412256	2024	3522	2138	3526	6470	15962	42703	87284	72815	24718	18415	277553	7.1	7.135228227	0.035228227	1.62596943
Alien³	tt0103644	1992	9156	7175	10602	18192	40801	90955	96126	44426	15112	16641	349186	6.4	6.324775335	-0.075224665	1.847570776
Aliens	tt0090605	1986	5994	2543	3481	6420	14942	39199	117380	238152	211748	192807	832666	8.4	8.307995042	-0.092004958	1.505651999
Aliens in the Attic	tt0775552	2009	1154	906	1557	2831	5302	5917	3681	1788	727	1944	25807	5.4	5.697175185	0.297175185	2.157288895
Aliens vs. Predator: Requiem	tt0758730	2007	12742	11248	15863	23516	29871	22686	13352	6390	2497	7197	145362	4.6	4.825119357	0.225119357	2.257961912
Alita: Battle Angel	tt0437086	2019	2735	1620	2898	6001	15153	40070	86027	86523	40326	39103	320456	7.3	7.499297876	0.199297876	1.638084753
Alive	tt0106246	1993	414	243	501	1178	3581	11273	25398	15541	5234	4952	68315	7.1	7.193120105	0.093120105	1.450307783
All About Eve	tt0042192	1950	2828	875	1191	2109	4242	8102	21883	40833	32110	33741	147914	8.2	8.063158322	-0.136841678	1.824817061
All About My Mother	tt0185125	1999	1575	564	776	1356	3001	7662	20737	34624	21263	17163	108721	7.8	7.878698687	0.078698687	1.675704739
All About Steve	tt0881891	2009	3337	2948	4373	7048	9745	8148	4834	2302	881	2318	45934	4.8	5.040275177	0.240275177	2.211458094
All Dogs Go to Heaven	tt0096787	1989	548	460	1047	2151	4911	10322	13665	7782	3217	5995	50098	6.8	6.916723222	0.116723222	1.850569547
All Eyez on Me	tt1666185	2017	1327	676	983	1904	3769	6249	5189	2407	954	2566	26024	5.9	6.125422687	0.225422687	2.220180595
All Good Things	tt1175709	2010	788	599	1333	3094	8782	19071	17822	7228	2200	2400	63317	6.2	6.365983859	0.165983859	1.584142907
All Is Lost	tt2017038	2013	1907	1117	1618	2934	6493	15714	27227	18932	6597	4655	87194	6.9	6.829001996	-0.070998004	1.776646784
All of Us Strangers	tt21192142	2023	1845	610	727	1266	2766	6969	15620	22119	14003	10911	76836	7.6	7.644632724	0.044632724	1.864582216
All Quiet on the Western Front	tt0020629	1930	1639	553	537	840	1951	4386	11504	21703	15085	13200	71398	8.1	7.92324715	-0.17675285	1.837843424
All Quiet on the Western Front	tt1016150	2022	1476	729	1176	2139	5967	18847	63154	123033	57802	33041	307364	7.8	7.921893911	0.121893911	1.328572468
All That Jazz	tt0078754	1979	479	239	389	720	1487	3314	7067	10845	7188	7899	39627	7.8	7.879324703	0.079324703	1.777743725
All the Boys Love Mandy Lane	tt0490076	2006	2101	1313	2125	3901	7070	8550	5729	2532	889	1668	35878	5.5	5.529739673	0.029739673	2.098182144
All the Bright Places	tt3907584	2020	961	563	876	1762	4072	9108	11820	7449	3166	3926	43703	6.6	6.79260005	0.19260005	1.898457272
All the King's Men	tt0405676	2006	875	487	791	1713	3614	6835	6287	3177	1126	1542	26447	6.1	6.243921806	0.143921806	1.939486289
All the Money in the World	tt5294550	2017	868	402	845	2018	6728	22378	39174	16747	3771	2856	95787	6.8	6.795076576	-0.004923424	1.354680475
All the Old Knives	tt3706352	2022	837	520	805	1807	4389	8996	8166	3866	1095	1238	31719	6.2	6.23493805	0.03493805	1.772491257
All the President's Men	tt0074119	1976	1163	376	550	1085	2987	8721	27661	49913	25999	17740	136195	7.9	7.926047212	0.026047212	1.452345825
Allied	tt3640424	2016	1048	653	1132	2699	8312	27779	64397	46330	14992	11132	178474	7.1	7.241654247	0.141654247	1.407463459
Almost Famous	tt0181875	2000	2700	1259	1847	3357	8480	23126	61399	95121	59761	55203	312253	7.9	7.961438321	0.061438321	1.58842655
Aloha	tt1243974	2015	2947	2757	4680	8885	16538	19157	12134	5227	1924	3056	77305	5.4	5.566302309	0.166302309	1.959100122
Alone	tt1322930	2008	1040	414	568	883	2001	3921	6234	4519	2426	3272	25278	6.8	6.922185299	0.122185299	2.181283776
Alone	tt7711170	2020	872	638	1009	2055	5082	10479	8999	3785	1002	1239	35160	6.2	6.153583618	-0.046416382	1.740778391
Alone in the Dark	tt0369226	2005	20202	8251	5763	3801	2732	1502	916	616	2633	1851	48267	2.4	3.012741625	0.612741625	2.626018986
Along Came a Spider	tt0164334	2001	774	747	1708	4272	11901	31270	32430	12756	3363	3569	102790	6.4	6.485261212	0.085261212	1.470550595
Along Came Polly	tt0343135	2004	2039	2127	4615	10305	26618	47629	34107	13192	4102	5129	149863	6	6.090329167	0.090329167	1.631730462
Alpha	tt4244998	2018	1083	744	1262	2498	6368	15396	21454	11792	4471	6057	71125	6.6	6.831465729	0.231465729	1.771883191
Alpha Dog	tt0426883	2006	2318	1012	1616	3073	7389	18812	35308	23454	8802	9289	111073	6.9	7.006158112	0.106158112	1.78244451
Alphaville	tt0058898	1965	522	434	597	1012	2145	4176	7696	6705	3475	3027	29789	7	7.11897009	0.11897009	1.90837146
Altered States	tt0080360	1980	575	389	789	1436	3288	7773	12429	8808	3398	2968	41853	6.9	6.935488495	0.035488495	1.733979791
Alvin and the Chipmunks	tt0952640	2007	6141	4498	6893	11226	20770	21830	14471	7182	2850	7699	103560	5.3	5.57109888	0.27109888	2.254114259
Alvin and the Chipmunks: Chipwrecked	tt1615918	2011	4843	3289	4445	6842	7597	5653	3726	2119	956	4357	43827	4.4	5.002281698	0.602281698	2.596909075
Alvin and the Chipmunks: The Road Chip	tt2974918	2015	2510	1281	1762	2763	4598	3856	2394	1299	601	4275	25339	4.9	5.637357433	0.737357433	2.758612097
Alvin and the Chipmunks: The Squeakquel	tt1231580	2009	6111	3998	5599	9480	11649	9008	5313	2934	1195	4548	59835	4.6	4.980613353	0.380613353	2.436126275
Always	tt0096794	1989	658	425	804	1710	4260	8779	8737	4892	2066	2624	34955	6.4	6.575969103	0.175969103	1.844137063
Always Be My Maybe	tt7374948	2019	674	503	867	1894	5293	14367	21729	11984	4260	4414	65985	6.7	6.8951883	0.1951883	1.611336095
Amadeus	tt0086879	1984	4028	1468	2090	3978	8757	21740	65595	134035	115981	105526	463198	8.4	8.277032716	-0.122967284	1.541053775
Amanda Knox	tt5952332	2016	553	169	251	557	1769	5624	10856	5461	1262	847	27349	6.9	6.799846429	-0.100153571	1.516550488
Amarcord	tt0071129	1973	997	417	490	877	1795	3724	8451	13571	9041	11634	50997	7.8	7.913445889	0.113445889	1.903858048
Amazing Grace	tt0454776	2006	351	155	176	397	1041	2951	6440	6859	3661	4362	26393	7.4	7.661463267	0.261463267	1.732621395
Ambulance	tt4998632	2022	3946	2820	4167	7181	15148	27298	26446	13298	4636	6495	111435	6.1	6.178660206	0.078660206	2.002542612
Amélie	tt0211915	2001	13483	4613	5979	9767	19272	43713	114979	208826	204783	207523	832938	8.3	8.202399218	-0.097600782	1.765587658
America's Sweethearts	tt0265029	2001	1511	1467	3024	6041	13031	16990	11591	4983	1667	2254	62559	5.7	5.80763759	0.10763759	1.814352477
American Animals	tt6212478	2018	560	261	450	1090	3101	9337	19245	12175	3638	2348	52205	7	7.023388564	0.023388564	1.472986409
American Assassin	tt1961175	2017	2598	1401	2483	5305	12635	26621	26195	12179	3930	6041	99388	6.2	6.374481829	0.174481829	1.840225646
American Beauty	tt0169547	1999	14963	6315	8041	12846	26322	63201	178731	353847	337402	269142	1270810	8.3	8.202522014	-0.097477986	1.635050565
American Dreamz	tt0465142	2006	1450	1003	1607	2766	5035	5706	4061	1990	784	1162	25564	5.5	5.545884838	0.045884838	2.123381744
American Fiction	tt23561236	2023	1229	462	559	1189	3385	11145	33388	56720	15217	8088	131382	7.5	7.593810415	0.093810415	1.363284039
American Gangster	tt0765429	2007	3486	1048	1569	3280	9500	30905	107139	181747	87255	55070	480999	7.8	7.892496658	0.092496658	1.381858949
American Gigolo	tt0080365	1980	513	398	990	1937	4379	8877	7504	3866	1446	1965	31875	6.3	6.378164706	0.078164706	1.798446711
American Graffiti	tt0069704	1973	804	507	921	1875	4828	12346	27788	28615	13673	13255	104612	7.4	7.545405881	0.145405881	1.625390852
American History X	tt0120586	1998	7763	2751	3478	6255	13736	39169	144146	364941	409380	268946	1260565	8.5	8.452434424	-0.047565576	1.356054066
American Honey	tt3721936	2016	1332	655	1020	1658	3431	7469	13449	11509	5110	3724	49357	7	6.964523776	-0.035476224	1.921154753
American Hustle	tt1800241	2013	5266	3016	5274	10451	26455	73155	164546	143736	54532	29456	515887	7.2	7.224812798	0.024812798	1.539882573
American Made	tt3532216	2017	1286	580	1029	2402	8269	33193	94236	62578	15754	10706	230033	7.1	7.237074681	0.137074681	1.275375617
American Mary	tt1959332	2012	798	607	986	1844	3783	6972	7189	4278	1761	2344	30562	6.2	6.443590079	0.243590079	1.992552224
American Murder: The Family Next Door	tt12987894	2020	232	127	218	463	1458	5154	13937	10015	2939	2399	36942	7.2	7.290509447	0.090509447	1.380606124
American Pie	tt0163651	1999	8044	4927	7376	12910	29059	69725	145081	102022	41019	42874	463037	7	7.094389865	0.094389865	1.788280465
American Pie 2	tt0252866	2001	4762	3738	6177	12839	32039	72772	77683	39437	15198	19869	284514	6.5	6.585619688	0.085619688	1.788802514
American Psycho	tt0144084	2000	6348	4087	6343	12037	28436	78512	205094	259543	126617	92570	819587	7.6	7.652886149	0.052886149	1.555307608
American Reunion	tt1605630	2012	3328	2116	3903	8295	20978	48819	69476	38816	15129	21499	232359	6.7	6.878425195	0.178425195	1.774827491
American Sniper	tt2179136	2014	15311	3932	5549	10281	24211	63567	161873	158381	66380	53918	563403	7.3	7.312992654	0.012992654	1.809719652
American Splendor	tt0305206	2003	526	309	481	894	2248	6107	14243	16774	7846	4963	54391	7.4	7.504587156	0.104587156	1.584064126
American Ultra	tt3316948	2015	2002	1516	2906	6217	15352	28568	24644	10848	3302	4342	99697	6.1	6.210999328	0.110999328	1.744685565
American Underdog	tt11729298	2021	376	151	242	533	1397	4051	8535	6668	2617	3125	27695	7.1	7.319696696	0.219696696	1.678772922
American Wedding	tt0328828	2003	3884	3073	5762	12159	30019	61933	57289	27681	10221	15209	227230	6.3	6.44366941	0.14366941	1.798993035
Amistad	tt0118607	1997	1125	506	792	1615	4008	10923	27637	23407	9337	7521	86871	7.3	7.327059663	0.027059663	1.614597495
Ammonite	tt7983894	2020	792	342	476	1021	2451	5800	7420	4269	1635	1946	26152	6.5	6.665264607	0.165264607	1.904609472
Amores Perros	tt0245712	2000	4022	1429	1435	2289	5387	13829	43475	89455	63903	45957	271181	8	8.057024644	0.057024644	1.623932499
Amour	tt1602620	2012	1370	689	904	1562	3443	8140	20548	34368	22879	15976	109879	7.9	7.846940726	-0.053059274	1.673786235
Amsterdam	tt10304142	2022	2765	1964	3409	6719	14326	26330	26379	13970	4696	5147	105705	6.2	6.277404096	0.077404096	1.873882219
Amy	tt2870648	2015	553	179	242	426	1198	4045	13219	21832	9881	6000	57575	7.8	7.811011724	0.011011724	1.434120985
An Action Hero	tt15600222	2022	5040	264	268	518	1151	2589	4689	5474	4601	8908	33502	7	7.069339144	0.069339144	3.032474627
An Affair to Remember	tt0050105	1957	303	273	308	660	1463	3806	8770	9472	4781	5600	35436	7.4	7.640789028	0.240789028	1.702467134
An American Crime	tt0802948	2007	525	248	378	713	1779	5159	11910	10579	4279	4004	39574	7.2	7.36364785	0.16364785	1.654590041
An American Haunting	tt0429573	2005	2289	1670	2514	3585	5561	4577	3035	1662	939	1946	27778	5	5.228238174	0.228238174	2.394003215
An American in Paris	tt0043278	1951	485	355	511	1055	2487	5755	11037	8908	4354	4011	38958	7.1	7.231685405	0.131685405	1.755382246
An American Pickle	tt9059704	2020	1115	681	1112	2552	6016	8449	5449	2005	560	856	28795	5.7	5.715506164	0.015506164	1.815224932
An American Tail	tt0090633	1986	466	347	630	1554	4718	12073	20230	11285	4024	5747	61074	6.9	7.054884239	0.154884239	1.615455679
An American Tail: Fievel Goes West	tt0101329	1991	336	238	503	1344	3601	7908	7923	3965	1465	2658	29941	6.5	6.68300992	0.18300992	1.745692735
An American Werewolf in London	tt0082010	1981	897	523	1066	2098	5361	14962	34563	39468	17905	15929	132772	7.5	7.593694454	0.093694454	1.565421983
An American Werewolf in Paris	tt0118604	1997	1431	1436	2488	4092	6336	5853	3717	1589	559	1312	28813	5.1	5.26897581	0.16897581	2.07910876
An Education	tt1174732	2009	1065	629	1081	2349	6404	19640	46003	39782	14885	8807	140645	7.2	7.303025348	0.103025348	1.468816296
An Inconvenient Truth	tt0497116	2006	5445	1123	1092	1500	3335	8030	19307	21353	11274	14391	86850	7.4	7.290397237	-0.109602763	2.314098479
An Officer and a Gentleman	tt0084434	1982	549	418	731	1570	4286	10874	21956	15008	5724	5558	66674	7.1	7.159972403	0.059972403	1.598099932
An Unfinished Life	tt0350261	2005	413	174	327	720	2157	5952	11846	7920	3101	3241	35851	7	7.188641879	0.188641879	1.616919044
Anaconda	tt0118615	1997	6418	7735	12677	20250	26903	22901	13038	5222	1688	4790	121622	4.9	5.007103978	0.107103978	2.051907499
Anacondas: The Hunt for the Blood Orchid	tt0366174	2004	2361	2304	3947	6355	8105	6157	3602	1595	610	1872	36908	4.8	4.982144792	0.182144792	2.159560501
Analyze That	tt0289848	2002	1194	1291	2900	7104	17789	29749	19142	7318	2320	3585	92392	5.9	6.035143735	0.135143735	1.642822438
Analyze This	tt0122933	1999	1260	1159	2208	4932	14175	39586	59685	29007	8574	7567	168153	6.7	6.785534602	0.085534602	1.491385285
Anand	tt0066763	1971	1761	325	313	392	778	1293	2733	5810	9064	14728	37197	8.1	8.361776487	0.261776487	2.260703436
Anastasia	tt0118617	1997	1169	717	1405	3244	8985	22306	39224	29900	15287	23181	145418	7.2	7.438666465	0.238666465	1.742687291
Anatomy of a Fall	tt17009710	2023	1605	921	1355	2465	6269	17255	47325	80242	31995	14407	203839	7.6	7.640750789	0.040750789	1.437475125
Anatomy of a Murder	tt0052561	1959	1231	279	347	590	1616	4399	14036	27468	16531	10512	77009	8	7.94139646	-0.05860354	1.582979583
Anbe Sivam	tt0367495	2003	2531	91	103	160	223	448	1287	3317	6031	13794	27985	8.6	8.405538681	-0.194461319	2.633788221
Anchorman 2: The Legend Continues	tt1229340	2013	5091	3750	5903	11708	25669	50460	51648	26171	9420	10711	200531	6.3	6.338326742	0.038326742	1.871604503
Anchorman: The Legend of Ron Burgundy	tt0357413	2004	6109	4105	6088	10790	23310	54298	105026	94213	46893	46942	397774	7.1	7.286609985	0.186609985	1.832807713
And Justice for All	tt0078718	1979	290	145	264	572	1598	4790	13419	13471	5328	4574	44451	7.4	7.554003285	0.154003285	1.476666016
Andaz Apna Apna	tt0109117	1994	2729	709	584	790	1188	2099	4485	8912	12434	23644	57574	8	8.313301143	0.313301143	2.325741813
Andhadhun	tt8108198	2018	2668	459	501	800	1752	4428	12632	26829	28865	35380	114314	8.2	8.400178456	0.200178456	1.80096521
Andrei Rublev	tt0060107	1966	2109	721	930	1114	2001	3436	7948	13468	10847	17417	59991	8	7.94437499	-0.05562501	2.200188581
Angel Eyes	tt0225071	2001	1048	705	1274	2465	5121	6317	4485	2284	965	1749	26413	5.7	5.886836028	0.186836028	2.076446314
Angel Has Fallen	tt6189022	2019	1624	1111	2081	4761	12987	33011	36062	16727	5417	7421	121202	6.4	6.611664824	0.211664824	1.660665277
Angel Heart	tt0092563	1987	1088	599	1055	2099	5472	13931	29339	27391	12011	9691	102676	7.2	7.346439285	0.146439285	1.639730148
Angel-A	tt0473753	2005	569	318	465	1006	2213	5220	10028	8686	4292	4344	37141	7.1	7.290083735	0.190083735	1.803668835
Angels & Demons	tt0808151	2009	3764	2587	4754	10183	26490	68712	105850	60168	21453	19396	323357	6.7	6.859245354	0.159245354	1.627698052
Angels in the Outfield	tt0109127	1994	598	536	1061	2357	5642	9800	8048	4276	1572	3332	37222	6.2	6.429074203	0.229074203	1.896719773
Anger Management	tt0305224	2003	3435	3295	6137	13232	32332	67274	64632	29390	9187	10911	239825	6.3	6.36299385	0.06299385	1.692437462
Angus, Thongs and Perfect Snogging	tt0963743	2008	903	601	964	1776	3696	6464	6719	4099	2013	4359	31594	6.3	6.675223144	0.375223144	2.16613251
Animal	tt13751694	2023	18094	3385	3210	3757	5948	7821	10541	11245	11531	37418	112950	6.2	6.798530323	0.598530323	3.31649446
Animal Kingdom	tt1313092	2010	695	408	638	1328	3238	8165	18644	18128	7394	4296	62934	7.2	7.292639908	0.092639908	1.59187038
Anna	tt7456310	2019	1803	1093	1830	3725	8529	21281	34553	19593	6552	7078	106037	6.7	6.819063157	0.119063157	1.727576291
Anna	tt1715336	2013	300	219	395	1058	2967	7212	8087	3701	1219	1373	26531	6.4	6.602841958	0.202841958	1.600345629
Anna and the King	tt0166485	1999	520	377	609	1342	3560	8603	11773	7072	3015	3324	40195	6.7	6.897599204	0.197599204	1.738177162
Anna Karenina	tt1781769	2012	2363	1548	2458	4997	10977	23365	29547	19039	8412	8839	111545	6.6	6.733919046	0.133919046	1.892930102
Annabelle	tt3322940	2014	6267	6077	11229	21204	41014	48542	30348	13621	5219	9818	193339	5.5	5.688459131	0.188459131	1.970785552
Annabelle Comes Home	tt8350360	2019	2556	2067	3943	7777	17992	27915	19984	9025	3083	5648	99990	5.9	6.034523452	0.134523452	1.885942602
Annabelle: Creation	tt5140878	2017	2413	1817	3289	6805	17278	39971	49216	26051	9082	11833	167755	6.5	6.690340079	0.190340079	1.740245083
Annie	tt0083564	1982	1005	737	1235	2319	5341	10521	12209	8104	3802	7697	52970	6.6	6.9241835	0.3241835	2.035208604
Annie	tt1823664	2014	4574	1723	2278	3486	6214	7342	5715	3491	1850	6373	43046	5.4	5.859615295	0.459615295	2.726664602
Annie Hall	tt0075686	1977	5326	2199	2690	4157	8817	20356	50538	82236	59777	53527	289623	7.9	7.89150033	-0.00849967	1.816531201
Annihilation	tt2798920	2018	7374	5328	8508	15072	33187	73077	110889	82144	32942	20749	389270	6.8	6.796264803	-0.003735197	1.79966359
Anniyan	tt0376127	2005	458	105	108	146	361	839	2397	5735	5694	10087	25930	8.4	8.607404551	0.207404551	1.720302956
Anomalisa	tt2401878	2015	1409	841	1292	2122	4680	10344	19906	20468	10642	6547	78251	7.2	7.223588197	0.023588197	1.818014579
Anon	tt5397194	2018	836	744	1348	3154	7853	15438	13041	5771	1621	1603	51409	6.1	6.204186037	0.104186037	1.648026359
Anonymous	tt1521197	2011	840	494	725	1475	3159	6961	12166	9013	3989	4344	43166	6.8	7.044224621	0.244224621	1.87061244
Anora	tt28607951	2024	9745	3440	4218	6099	12414	26955	71434	66529	34120	23552	258506	7.4	7.165578362	-0.234421638	2.009339472
Another 48 Hrs.	tt0099044	1990	645	745	1501	3631	9819	15395	8945	3503	1121	1893	47198	5.9	5.980867833	0.080867833	1.654615635
Another Earth	tt1549572	2011	1890	1262	1808	3335	7391	17052	30546	22896	10011	7545	103736	6.9	6.988740649	0.088740649	1.799677164
Another Round	tt10288566	2020	1058	532	886	1771	4937	17219	56208	82610	36969	19797	221987	7.7	7.770229788	0.070229788	1.334671535
Another Simple Favor	tt20214908	2025	2926	1281	1842	3151	6259	6631	3939	1723	606	1569	29927	5.3	5.252781769	-0.047218231	2.266766677
Another Year	tt1431181	2010	507	332	419	746	1669	3763	8424	9339	4438	2386	32023	7.4	7.301533273	-0.098466727	1.732018306
Ant-Man	tt0478970	2015	6127	3214	5283	11584	34447	108525	262938	214847	69020	55249	771234	7.2	7.301463628	0.101463628	1.464494301
Ant-Man and the Wasp	tt5095030	2018	4370	2822	5304	11481	31474	90994	179003	103882	29949	28661	487940	7	6.999655695	-0.000344305	1.511377128
Ant-Man and the Wasp: Quantumania	tt10954600	2023	9590	6520	10679	19778	39995	69045	60268	25757	7925	14368	263925	6	6.028079947	0.028079947	1.969351968
Antebellum	tt10065694	2020	2309	1149	1482	2512	4348	6366	5919	3694	1459	2332	31570	5.8	5.906651885	0.106651885	2.352466119
Anthropoid	tt4190530	2016	455	190	347	683	2254	7849	20158	16399	5390	4689	58414	7.2	7.372718869	0.172718869	1.443644974
Antichrist	tt0870984	2009	6890	3823	4913	7546	13059	22338	30884	26401	15202	12605	143661	6.5	6.606149198	0.106149198	2.274311825
Antim: The Final Truth	tt13491110	2021	7729	546	495	581	973	1329	1595	1744	9023	19283	43298	6.1	7.497413275	1.397413275	3.43521235
Antitrust	tt0218817	2001	535	627	987	2125	4368	8285	7470	3722	1367	1729	31215	6.1	6.293736985	0.193736985	1.832249612
Antlers	tt7740510	2021	975	867	1747	3999	9616	15150	9932	4002	1111	1662	49061	5.9	5.93312407	0.03312407	1.700660408
Antwone Fisher	tt0168786	2002	447	175	263	550	1616	5041	12461	10759	4528	4579	40419	7.3	7.470570771	0.170570771	1.590630067
Antz	tt0120587	1998	1743	1617	2997	6991	18552	44704	53972	24853	7598	7242	170269	6.5	6.579858929	0.079858929	1.576774559
Any Given Sunday	tt0146838	1999	2034	1299	2124	4215	10020	24033	40748	27393	10289	8340	130495	6.9	6.916303307	0.016303307	1.716370447
Anyone But You	tt26047818	2023	4478	3423	5543	10475	23091	41283	39035	19589	7271	10741	164929	6.1	6.280350939	0.180350939	1.944052696
Anything Else	tt0313792	2003	848	559	911	1773	4064	8544	9268	4677	1716	1708	34068	6.3	6.404573207	0.104573207	1.834676146
Apocalypse Now	tt0078788	1979	7627	3540	4877	8160	16632	37547	96193	188756	199016	200065	762413	8.4	8.323065058	-0.076934942	1.64751498
Apocalypto	tt0472043	2006	3675	1752	2495	4394	9595	24708	68120	116061	66375	56191	353366	7.8	7.90420131	0.10420131	1.610941519
Apollo 11	tt8760684	2019	285	82	94	202	541	1554	4611	8891	6987	5140	28387	8.1	8.146545954	0.046545954	1.514768752
Apollo 13	tt0112384	1995	1754	1014	1495	3216	9288	28150	88277	115982	50248	33750	333174	7.7	7.719684009	0.019684009	1.401927196
Apollo 18	tt1772240	2011	3246	3037	4787	7547	12071	13091	8632	3820	1265	2362	59858	5.2	5.325253099	0.125253099	2.087837773
Apostle	tt6217306	2018	1596	1232	2011	3838	8621	17041	17545	8596	2451	2192	65123	6.3	6.239853815	-0.060146185	1.782865856
Appaloosa	tt0800308	2008	742	487	898	1937	5624	15248	23600	12107	3744	3208	67595	6.7	6.799289888	0.099289888	1.546509316
Apt Pupil	tt0118636	1998	659	405	664	1466	4021	9842	14349	7670	2525	2327	43928	6.7	6.744673101	0.044673101	1.648971776
Aquaman	tt1477834	2018	16863	7511	12060	21800	46183	95207	144841	104856	44827	54268	548416	6.8	6.849326059	0.049326059	2.013813837
Aquaman and the Lost Kingdom	tt9663764	2023	6576	3938	6223	11121	22106	28773	19176	7962	2717	6319	114911	5.6	5.624735665	0.024735665	2.107550836
Aquamarine	tt0429591	2006	2293	1641	2743	4805	8517	9942	6288	3768	1757	6128	47882	5.5	5.983751723	0.483751723	2.379983425
Arachnophobia	tt0099052	1990	943	805	1594	3598	9352	21469	23833	11499	3238	3733	80064	6.5	6.527228217	0.027228217	1.623355397
Arbitrage	tt1764183	2012	583	373	703	1745	5296	15587	20531	8612	2030	1814	57274	6.6	6.625048015	0.025048015	1.441706293
Arcadian	tt22939186	2024	955	789	1374	2830	6092	7460	4356	1526	466	1023	26871	5.5	5.594097726	0.094097726	1.85912313
Archive	tt6882604	2020	608	341	683	1353	3298	6984	7915	4511	1597	1659	28949	6.4	6.549483575	0.149483575	1.798625794
Arctic	tt6820256	2018	640	388	704	1443	4348	13451	23789	11837	3223	2742	62565	6.8	6.86313434	0.06313434	1.474746499
Are We There Yet?	tt0368578	2005	2944	2292	3452	5581	7622	6186	3616	1885	685	2345	36608	4.8	5.065586757	0.265586757	2.303041457
Are You There God? It's Me, Margaret.	tt9185206	2023	525	191	272	498	1415	4613	11875	10912	3647	2954	36902	7.3	7.350604303	0.050604303	1.564593279
Argentina, 1985	tt15301048	2022	292	97	142	295	902	3051	9555	12740	5228	3306	35608	7.6	7.689985397	0.089985397	1.411855853
Argo	tt1024648	2012	8631	2813	3835	6734	17738	53714	168027	236075	109895	53936	661398	7.7	7.64573827	-0.05426173	1.512457346
Argylle	tt15009428	2024	4420	3891	5932	9730	16642	22079	17751	8952	3309	5298	98004	5.6	5.747071548	0.147071548	2.127398603
Arif V 216	tt6697582	2018	2689	467	706	1074	2522	5628	8388	6436	3363	9979	41252	6.9	7.191796761	0.291796761	2.478182925
Arizona Dream	tt0106307	1993	801	473	688	1205	2451	5602	11224	11119	6122	7804	47489	7.2	7.478700331	0.278700331	1.908012973
Arjun Reddy	tt7294534	2017	1788	287	270	370	744	1237	2891	5103	5342	11873	29905	7.9	8.147901689	0.247901689	2.435146161
Arlington Road	tt0137363	1999	1123	674	934	2002	4973	13492	31674	26367	10052	5935	97226	7.2	7.215868183	0.015868183	1.568143124
Armageddon	tt0120591	1998	11290	8141	12021	20890	42802	89326	126220	84645	36900	42598	474833	6.7	6.772783273	0.072783273	1.969562756
Armored	tt0913354	2009	825	695	1373	3016	7204	10200	5670	1867	569	1250	32669	5.7	5.750558634	0.050558634	1.746064706
Army of Darkness	tt0106308	1992	2311	1591	2537	4331	9314	22459	47931	54655	27391	33923	206443	7.4	7.606254511	0.206254511	1.782468133
Army of Shadows	tt0064040	1969	737	125	151	293	655	1748	4553	8334	6380	5739	28715	8.1	8.0002786	-0.0997214	1.827063899
Army of the Dead	tt0993840	2021	10701	7089	10877	17288	32860	47584	37249	17440	6180	11869	199137	5.8	5.780136288	-0.019863712	2.153797423
Army of Thieves	tt13024674	2021	1570	1090	2031	4060	10427	24895	28674	13624	4470	5895	96736	6.4	6.579536057	0.179536057	1.722057935
Around the World in 80 Days	tt0048960	1956	385	287	544	1047	2663	6701	10292	5566	1900	2188	31573	6.7	6.836600893	0.136600893	1.674535056
Around the World in 80 Days	tt0327437	2004	1747	1820	3571	7931	18635	28809	20177	8439	2811	4960	98900	5.9	6.04148635	0.14148635	1.781031255
ARQ	tt5640450	2016	717	525	984	2049	5303	11877	12940	5968	1748	1637	43748	6.3	6.425848039	0.125848039	1.652638719
Arrival	tt2543164	2016	7765	3917	5695	9839	22656	61515	159875	266860	187127	122938	848187	7.9	7.925066053	0.025066053	1.575456539
Arsenic and Old Lace	tt0036613	1944	1625	519	647	1136	2647	5538	12987	21568	15299	16326	78292	7.9	7.919263782	0.019263782	1.862947518
Artemis Fowl	tt3089630	2020	5045	3131	3808	4612	5095	3877	2439	1353	595	1529	31484	4.3	4.397725829	0.097725829	2.462291784
Arthur	tt0082031	1981	428	371	543	1196	2610	5960	9219	6176	2879	3764	33146	6.9	7.056205877	0.156205877	1.83821659
Arthur	tt1334512	2011	2555	1614	2569	4737	9102	12893	9956	5038	2002	3285	53751	5.7	5.882123123	0.182123123	2.116641184
Arthur and the Invisibles	tt0344854	2006	1336	927	1621	3064	6690	11880	9379	4428	1630	2960	43915	6	6.157030627	0.157030627	1.966409156
Arthur Christmas	tt1430607	2011	848	386	760	1499	4206	12057	23594	16148	6588	7133	73219	7.1	7.21441156	0.11441156	1.644631382
Arthur the King	tt10720352	2024	497	207	310	665	1976	5770	11973	7598	2958	5867	37821	7	7.373892811	0.373892811	1.740971891
Article 15	tt10324144	2019	1528	169	163	214	539	1526	5045	10124	9054	12644	41006	8.1	8.274276935	0.174276935	1.981503344
Article 370	tt30970235	2024	1511	149	162	196	425	951	2474	4899	4993	11310	27070	7.8	8.32866642	0.52866642	2.306462665
As Above, So Below	tt2870612	2014	2232	2037	3724	7362	15298	29241	32621	19477	7399	8724	128115	6.3	6.532068844	0.232068844	1.868093866
As Good as It Gets	tt0119822	1997	2080	1363	2070	3857	10451	29177	80178	111422	55269	39272	335139	7.7	7.747603233	0.047603233	1.492363562
Assassin's Creed	tt2094766	2016	6285	6501	11882	21616	40485	53319	38673	17938	7034	13895	217628	5.6	5.882547283	0.282547283	2.020081412
Assassins	tt0112401	1995	1031	1006	2038	4587	12071	25892	25019	11419	3677	5056	91796	6.3	6.463789272	0.163789272	1.668575888
Assault on Precinct 13	tt0074156	1976	452	273	492	1122	2718	7835	18154	16681	6709	5721	60157	7.3	7.408597503	0.108597503	1.551135788
Assault on Precinct 13	tt0398712	2005	1098	784	1537	3989	11253	26547	24667	9197	2259	2726	84057	6.3	6.336366989	0.036366989	1.530625309
Asterix & Obelix: Mission Cleopatra	tt0250223	2002	736	675	1249	2442	5860	12529	16778	11002	5103	5842	62216	6.7	6.909540954	0.209540954	1.814267867
Asterix and Obelix vs. Caesar	tt0133385	1999	955	935	1735	3433	8071	13888	10483	4450	1504	2459	47913	6	6.105900278	0.105900278	1.809505003
Asterix at the Olympic Games	tt0463872	2008	1454	1456	2500	4467	8002	7812	4763	1936	703	1588	34681	5.2	5.410801303	0.210801303	2.010771985
Asteroid City	tt14230388	2023	4228	2768	4058	7157	15516	31494	39150	23312	8147	5910	141740	6.4	6.42076337	0.02076337	1.889132291
Astro Boy	tt0375568	2009	911	558	1012	2239	5604	11581	11018	4959	1759	2849	42490	6.3	6.416662744	0.116662744	1.816912155
Asuran	tt9477520	2019	995	134	119	177	413	874	2698	6449	8687	16301	36847	8.4	8.720058621	0.320058621	1.835108204
At Eternity's Gate	tt6938828	2018	487	335	526	1130	3005	7533	14066	9913	3622	2979	43596	6.9	7.056427195	0.156427195	1.625008062
Athena	tt15445056	2022	786	324	443	838	1887	4403	7331	5214	2110	1798	25134	6.8	6.842006843	0.042006843	1.915179125
Atlantis: The Lost Empire	tt0230011	2001	1080	741	1373	3646	10572	27245	46008	29540	11895	13676	145776	6.9	7.132765339	0.232765339	1.613173473
Atlas	tt14856980	2024	3756	2390	3282	5139	9371	13259	10754	5303	1919	3627	58800	5.6	5.724319728	0.124319728	2.23762747
ATM	tt1603257	2012	2385	1977	2762	4219	5545	4516	2456	1180	415	1149	26604	4.7	4.818034882	0.118034882	2.216219873
Atomic Blonde	tt2406566	2017	3254	1875	3518	7135	18899	48047	70830	39729	13314	11750	218351	6.7	6.777358473	0.077358473	1.652244838
Atonement	tt0783233	2007	3040	1570	2317	4228	9520	24976	67964	103247	59091	48253	324206	7.8	7.845542649	0.045542649	1.599040244
Atrangi Re	tt9766332	2021	4169	608	641	909	1716	2976	4345	3901	2609	7277	29151	6.5	6.698020651	0.198020651	3.047551534
Attack the Block	tt1478964	2011	2830	1671	2659	4692	10031	23014	34381	21572	7548	6703	115101	6.7	6.684225159	-0.015774841	1.845884067
Au Revoir Les Enfants	tt0092593	1987	628	180	175	363	840	2303	7011	12720	7729	6231	38180	8	7.954190676	-0.045809324	1.648797505
Audition	tt0235198	1999	1616	1030	1568	2744	5837	13357	26796	25177	11566	8119	97810	7.1	7.186944075	0.086944075	1.784619771
August Rush	tt0426931	2007	1622	1044	1559	2562	5127	11265	23322	28511	17057	22035	114104	7.4	7.686540349	0.286540349	1.885246066
August: Osage County	tt1322269	2013	1381	759	1189	2193	5185	13206	28584	26565	11530	8339	98931	7.2	7.279487724	0.079487724	1.686563895
Auron Mein Kahan Dum Tha	tt26659814	2024	568	140	158	246	439	2563	3588	8316	5158	20031	41207	6.2	8.694032567	2.494032567	1.734601529
Austenland	tt1985019	2013	537	414	724	1510	2934	5379	5635	3621	1702	2745	25201	6.3	6.654577199	0.354577199	2.032455846
Austin Powers in Goldmember	tt0295178	2002	5198	3840	6821	13274	30582	62309	58948	29011	10098	12924	233005	6.3	6.343413231	0.043413231	1.831557752
Austin Powers: International Man of Mystery	tt0118655	1997	4116	2600	3668	6759	16397	41827	90141	61862	23250	20572	271192	7	7.084117526	0.084117526	1.693980033
Austin Powers: The Spy Who Shagged Me	tt0145660	1999	5025	3550	5139	9493	23151	56071	81755	44879	16053	15569	260685	6.7	6.709933445	0.009933445	1.766276429
Australia	tt0455824	2008	2895	2022	3256	5983	13074	26769	35887	22556	9900	10846	133188	6.6	6.726131483	0.126131483	1.917217227
Automata	tt1971325	2014	1152	999	1978	4555	10108	17506	14631	6352	2032	2122	61435	6	6.114120615	0.114120615	1.723056697
Autumn in New York	tt0174480	2000	1328	1085	1708	3025	5806	6827	4777	2536	1139	1986	30217	5.6	5.776615812	0.176615812	2.146955384
Autumn Sonata	tt0077711	1978	572	367	417	545	1026	2366	6162	12066	9868	8163	41552	8.1	8.042139969	-0.057860031	1.753031686
Ava	tt8784956	2020	2454	2233	3799	7217	14999	18220	10625	4168	1338	2441	67494	5.5	5.565991051	0.065991051	1.888925041
Avatar	tt0499549	2009	30464	11958	16779	26799	54898	118564	256362	377359	275502	308112	1476797	7.9	7.835762803	-0.064237197	1.923565317
Avatar: Fire and Ash	tt1757678	2025	1981	759	1099	1925	4461	11631	25295	27576	13487	16995	105209	7.4	7.562024161	0.162024161	1.8393007
Avatar: The Way of Water	tt1630029	2022	10666	4960	7505	11891	25378	58158	123295	164301	86209	100013	592376	7.5	7.630266925	0.130266925	1.868740055
Avengers: Age of Ultron	tt2395427	2015	13029	5548	9074	19227	47896	132219	287653	253274	108826	110425	987171	7.3	7.379163286	0.079163286	1.681225988
Avengers: Endgame	tt4154796	2019	36550	7000	8850	13391	29618	66937	160834	301252	321773	471759	1417964	8.4	8.34279079	-0.05720921	1.917907316
Avengers: Infinity War	tt4154756	2018	29343	5056	6142	9406	21240	53387	143920	305236	346541	425607	1345878	8.4	8.430403053	0.030403053	1.781641741
Awake	tt0211933	2007	1407	986	1836	3798	8586	19282	24375	13118	5188	6500	85076	6.5	6.699445202	0.199445202	1.804981561
Awake	tt10418662	2021	1874	1704	2749	4437	6736	5467	2950	1245	459	911	28532	4.9	4.963199215	0.063199215	2.044897196
Awakenings	tt0099077	1990	654	371	479	1242	3405	11529	40236	64287	30812	21731	174746	7.8	7.923305827	0.123305827	1.33396918
Away We Go	tt1176740	2009	766	483	769	1503	3631	9136	16817	13327	5688	4335	56455	7	7.118926579	0.118926579	1.701486594
Ayla: The Daughter of War	tt6316138	2017	990	232	242	379	839	2017	4816	7770	7626	22635	47546	8.2	8.641084424	0.441084424	1.879961166
Baahubali 2: The Conclusion	tt4849438	2017	4881	843	784	1155	2348	4648	10758	20042	21955	64190	131604	8.2	8.57347801	0.37347801	2.123645533
Baahubali: The Beginning	tt2631186	2015	6066	1131	1170	1692	3150	5713	13311	24295	25914	69276	151718	8	8.450922105	0.450922105	2.194966619
Baazigar	tt0106333	1993	1138	164	245	340	776	2108	5120	6301	3507	12023	31722	7.6	8.137254902	0.537254902	2.136305903
Babe	tt0112431	1995	1996	1496	2508	4978	12285	26406	39096	25354	12153	14772	141044	6.9	6.98991804	0.08991804	1.838296992
Babe: Pig in the City	tt0120595	1998	1090	970	1607	3411	6987	9282	6186	3364	1666	2696	37259	5.9	6.019753617	0.119753617	2.043736849
Babel	tt0449467	2006	4655	2418	3594	6251	13539	34801	86086	100617	46734	28625	327320	7.5	7.44278382	-0.05721618	1.668988481
Baby	tt3848892	2015	2497	403	373	560	1167	2939	7713	12731	11877	22581	62841	7.9	8.253735618	0.353735618	2.123169394
Baby Driver	tt3890160	2017	4874	2985	4886	9109	23983	70944	180300	215124	100474	60796	673475	7.5	7.576873678	0.076873678	1.500924427
Baby Geniuses	tt0118665	1999	10349	3870	2596	1999	1779	1254	824	555	302	4793	28321	2.6	3.924578934	1.324578934	3.331098654
Baby Mama	tt0871426	2008	1342	799	1432	3296	7810	13811	10590	4964	1857	3164	49065	6	6.20668501	0.20668501	1.893455734
Baby's Day Out	tt0109190	1994	1599	1430	2197	3999	7418	12330	12038	7695	3417	7718	59841	6.2	6.5486038	0.3486038	2.182709176
Babygirl	tt30057084	2024	4520	2775	4102	6946	13304	18302	14156	7259	2341	3783	77488	5.8	5.711271423	-0.088728577	2.136607567
Babylon	tt10640346	2022	5316	2797	3712	5647	12307	26539	49797	50230	25892	20166	202403	7.1	7.166445161	0.066445161	1.959268981
Babylon A.D.	tt0364970	2008	3201	3092	5514	10893	21503	26193	16613	6829	2326	4360	100524	5.5	5.666597032	0.166597032	1.912417866
Bachchhan Paandey	tt10699086	2022	9974	1237	1019	1051	1444	1547	1196	2537	4089	13103	37197	5	6.256149689	1.256149689	3.80778561
Bachelor Party	tt0086927	1984	744	755	1557	2910	6200	11439	9807	5484	2115	3539	44550	6.3	6.400561167	0.100561167	1.911572883
Bachelorette	tt1920849	2012	2912	2233	3470	6259	10921	10832	6703	3221	1292	2312	50155	5.3	5.38048051	0.08048051	2.116518011
Back in Action	tt21191806	2025	1687	1254	2243	4570	11001	18600	13345	5507	1839	4681	64727	5.9	6.127906438	0.227906438	1.915416482
Back to Black	tt21261712	2024	834	409	640	1350	3388	7511	8279	4054	1265	1747	29477	6.3	6.453099026	0.153099026	1.83934039
Back to School	tt0090685	1986	429	383	737	1598	3915	8647	11025	6357	2446	3477	39014	6.7	6.819859538	0.119859538	1.765970572
Back to the Future	tt0088763	1985	5831	2455	3932	7711	19746	57165	188151	396791	379736	369123	1430641	8.5	8.45448998	-0.04551002	1.386695647
Back to the Future Part II	tt0096874	1989	1923	1479	2515	5556	16279	50449	142908	202959	97852	92325	614245	7.8	7.890475299	0.090475299	1.426679298
Back to the Future Part III	tt0099088	1990	1999	1630	3178	7277	21416	65412	156583	139281	56760	60436	513972	7.5	7.527612399	0.027612399	1.494063388
Backcountry	tt2944198	2014	638	525	895	1840	4321	7874	6207	2580	760	1038	26678	6	6.068333458	0.068333458	1.773808565
Backdraft	tt0101393	1991	731	629	1272	2987	7926	20728	30930	16438	5462	5608	92711	6.7	6.849273549	0.149273549	1.569446398
Bacurau	tt2762506	2019	841	354	516	857	1713	3603	7400	8815	4809	4857	33765	7.3	7.430149563	0.130149563	1.97023903
Bad Boys	tt0112442	1995	3278	2150	3701	8361	21747	61358	109299	60109	20086	22122	312211	6.8	6.972742793	0.172742793	1.594616396
Bad Boys for Life	tt1502397	2020	4341	2423	4161	8149	19802	45620	55604	29237	10589	15046	194972	6.5	6.646497959	0.146497959	1.845767685
Bad Boys II	tt0172156	2003	5178	3449	5583	11274	26131	62773	83319	46401	18113	23730	285951	6.6	6.770292812	0.170292812	1.820843247
Bad Boys: Ride or Die	tt4919268	2024	2852	1368	1972	4145	10478	24723	31725	16717	5931	10115	110026	6.5	6.717975751	0.217975751	1.894967054
Bad Company	tt0280486	2002	1237	1177	2718	5332	11592	15088	8761	3243	971	1623	51742	5.6	5.678191798	0.078191798	1.748694989
Bad Day at Black Rock	tt0047849	1955	217	109	160	274	862	2230	6210	9185	4026	2890	26163	7.7	7.71260941	0.01260941	1.504955885
Bad Education	tt0275491	2004	914	390	633	1044	2637	6941	16604	20521	9224	6700	65608	7.4	7.514510426	0.114510426	1.656458991
Bad Education	tt8206668	2019	527	232	343	618	2011	7378	18656	11781	2714	1435	45695	7.1	7.05615494	-0.04384506	1.377080956
Bad Genius	tt6788942	2017	232	91	110	232	621	2131	6305	8265	4072	3185	25244	7.6	7.776739027	0.176739027	1.503705378
Bad Lieutenant	tt0103759	1992	846	563	1008	1772	3527	7823	14699	11431	5318	4806	51793	7	7.084355029	0.084355029	1.83358495
Bad Lieutenant: Port of Call New Orleans	tt1095217	2009	1781	1274	2068	3878	8306	17435	24093	14873	5549	4876	84133	6.6	6.638548489	0.038548489	1.839156671
Bad Moms	tt4651520	2016	3223	2248	3714	7428	17989	37645	35434	17573	6316	8741	140311	6.2	6.394822929	0.194822929	1.846167875
Bad Newz	tt24517830	2024	4726	1501	502	691	1081	1980	1548	2945	2681	9835	27490	4.7	6.771844307	2.071844307	3.45937802
Bad Samaritan	tt3203528	2018	459	314	552	1256	2860	7002	8425	4144	1378	1533	27923	6.4	6.587329442	0.187329442	1.710032221
Bad Santa	tt0307987	2003	2603	1707	2646	4696	10440	25438	48757	38346	16134	15929	166696	7	7.139523444	0.139523444	1.785086012
Bad Santa 2	tt1798603	2016	1082	958	1559	3095	6469	8775	5308	2091	706	1459	31502	5.6	5.710050156	0.110050156	1.918795227
Bad Taste	tt0092610	1987	1518	1105	1467	2460	4689	9243	12488	8744	3860	5458	51032	6.5	6.732246434	0.232246434	2.102260272
Bad Teacher	tt1284575	2011	6012	5826	10579	21838	46256	61238	38505	15882	5453	9596	221185	5.7	5.773849945	0.073849945	1.860559686
Bad Times at the El Royale	tt6628394	2018	1557	1018	1695	3555	9854	28974	59955	45913	15204	9230	176955	7.1	7.132530869	0.032530869	1.495380362
Bad Trip	tt9684220	2021	866	485	661	1233	2676	6280	8221	4645	1618	2113	28798	6.5	6.604972568	0.104972568	1.932986474
Bad Words	tt2170299	2013	671	405	764	1735	5125	13828	19466	9673	3056	3038	57761	6.6	6.766434099	0.166434099	1.570900341
Bade Miyan Chote Miyan	tt18072316	2024	3578	848	670	721	807	567	390	2361	3418	27266	40626	3.7	8.434130852	4.734130852	2.930506847
Badhaai Ho	tt7725596	2018	615	135	133	208	646	2008	7087	12472	8341	8796	40441	7.9	8.15528795	0.25528795	1.612350267
Badla	tt8130968	2019	1225	199	192	288	773	1984	5707	9300	6622	7837	34127	7.7	7.953731649	0.253731649	1.989643395
Badlands	tt0069762	1973	619	318	583	1076	2638	7509	19590	26112	14053	10897	83395	7.7	7.758558667	0.058558667	1.547535939
Badlapur	tt3678782	2015	774	213	269	457	1065	2675	6696	7894	4053	4296	28392	7.4	7.560967878	0.160967878	1.898933338
Bajirao Mastani	tt3735246	2015	3271	561	513	727	1669	3751	8176	8957	5336	8929	41890	7.3	7.302291716	0.002291716	2.509468236
Bajrangi Bhaijaan	tt3863552	2015	6283	860	779	1077	2230	4721	12040	21663	20893	38953	109499	8.1	8.121307044	0.021307044	2.344005601
Ballerina	tt7181546	2025	1855	946	1608	3151	8606	24526	43126	26887	8801	11026	130532	6.8	7.031287347	0.231287347	1.671435976
Balls of Fury	tt0424823	2007	2186	2046	3299	5627	9515	10217	6804	3169	1125	2512	46500	5.4	5.500752688	0.100752688	2.111471138
Balto	tt0112453	1995	503	240	485	1126	3287	8106	15343	10144	4593	7508	51335	7.1	7.343586247	0.243586247	1.728007458
Bambi	tt0034492	1942	1115	876	1547	3432	9317	23767	50767	39766	15127	17815	163529	7.3	7.327220248	0.027220248	1.606070707
Bananas	tt0066808	1971	541	290	528	1038	2680	7302	13080	8613	3071	2656	39799	6.9	7.00349255	0.10349255	1.642279858
Band of Outsiders	tt0057869	1964	292	152	250	541	1084	2715	6332	8601	4805	3854	28626	7.6	7.690106896	0.090106896	1.662385704
Bandidas	tt0416496	2006	962	928	1727	3681	7849	11031	6816	2816	949	2037	38796	5.7	5.858980307	0.158980307	1.868574482
Bandits	tt0219965	2001	792	675	1262	3011	7768	18240	22512	11937	4077	3532	73806	6.5	6.657250088	0.157250088	1.618571741
Bang Bang	tt2905838	2014	3084	1049	1222	1890	3490	4391	3821	2387	1437	5021	27792	5.7	6.087723086	0.387723086	2.828606059
Bangalore Days	tt3668162	2014	466	92	102	118	345	855	2799	6829	6673	9360	27639	8.3	8.544628966	0.244628966	1.656327898
Bangkok Dangerous	tt0814022	2008	2494	2270	3884	7050	13560	14754	8808	3329	1058	2239	59446	5.3	5.44039969	0.14039969	1.942223489
Baraka	tt0103767	1992	358	145	176	291	629	1503	4171	9906	11345	14304	42828	8.5	8.59468105	0.09468105	1.536269795
Barb Wire	tt0115624	1996	6169	5393	5974	4802	3933	2408	1435	789	325	1639	32867	3.6	3.768825874	0.168825874	2.388788106
Barbarella	tt0062711	1968	1305	1261	2037	3321	6384	9411	7712	4461	1685	2711	40288	5.9	6.045348491	0.145348491	2.08309132
Barbarian	tt15791034	2022	4731	2784	4507	7774	17330	42053	80182	58943	19885	14195	252384	7	6.924436573	-0.075563427	1.733211293
Barbershop	tt0303714	2002	838	572	905	1704	3968	9220	9352	4814	1618	2467	35458	6.4	6.483191381	0.083191381	1.86550697
Barbie	tt1517268	2023	46113	13856	16950	24619	48986	96114	159869	119423	57841	70990	654761	6.8	6.643188889	-0.156811111	2.376407258
Barefoot	tt2355495	2014	433	346	619	1227	2852	6138	8008	4416	1905	2804	28748	6.5	6.802107973	0.302107973	1.854606589
Barfi!	tt2082197	2012	3110	730	816	1104	1934	4057	10771	21378	22053	26811	92764	8.1	8.176167479	0.076167479	2.043997874
Barney's Version	tt1423894	2010	328	157	214	464	1264	3432	8330	8162	3145	1802	27298	7.3	7.325921313	0.025921313	1.553543964
Barnyard	tt0414853	2006	1524	1263	2039	3513	6837	8549	6064	3287	1315	3493	37884	5.6	5.944646817	0.344646817	2.206070176
Barry Lyndon	tt0072684	1975	3348	1235	1505	2483	5413	12496	31914	54868	41349	46486	201097	8.1	8.064013884	-0.035986116	1.788078287
Barton Fink	tt0101410	1991	1205	667	1104	1994	4709	12515	33035	42906	22066	14534	134735	7.6	7.651233904	0.051233904	1.569395474
BASEketball	tt0131857	1998	1347	1092	1786	3619	6911	13095	16627	10957	5067	8271	68772	6.5	6.817425697	0.317425697	2.021570138
Basic	tt0264395	2003	949	797	1499	3217	7510	16774	20375	10772	3625	3732	69250	6.4	6.597083032	0.197083032	1.705631869
Basic Instinct	tt0103772	1992	2290	1489	2609	5763	14984	40910	80030	54821	20525	16557	239978	7.1	7.107318171	0.007318171	1.577642458
Basic Instinct 2	tt0430912	2006	5213	3754	5133	7560	7797	5766	3414	1693	731	2376	43437	4.4	4.597969473	0.197969473	2.370216966
Batman	tt0096895	1989	3189	2084	3159	5743	15668	44553	117822	134097	53953	48141	428409	7.5	7.586164156	0.086164156	1.537215525
Batman & Robin	tt0118688	1997	47098	37380	45220	48497	42372	26671	14717	6601	2597	9295	280448	3.8	3.90639976	0.10639976	2.236546315
Batman Begins	tt0372784	2005	14781	4072	5066	9755	23666	72122	265765	571855	423251	301168	1691501	8.2	8.208294881	0.008294881	1.433390969
Batman Forever	tt0112462	1995	8661	9310	17728	34224	64601	70473	41762	17062	5464	10732	280017	5.5	5.530128528	0.030128528	1.885615835
Batman Returns	tt0103776	1992	3560	2704	4565	8791	21910	57832	112461	74356	30143	31142	347464	7.1	7.134986646	0.034986646	1.664152896
Batman v Superman: Dawn of Justice	tt2975590	2016	27953	16149	26598	44763	82210	140694	167635	115775	57278	107015	786070	6.4	6.691017339	0.291017339	2.239090527
Batman: Mask of the Phantasm	tt0106364	1993	565	202	261	568	1722	4911	13620	18853	10035	11942	62679	7.8	7.945228865	0.145228865	1.582409581
Batman: The Killing Joke	tt4853102	2016	1298	800	1580	3470	7488	15380	17583	9209	3494	4754	65056	6.4	6.563222455	0.163222455	1.847835194
Batman: The Movie	tt0060153	1966	849	619	1057	1897	4100	8343	9208	5243	2049	4316	37681	6.5	6.67193015	0.17193015	2.015033734
Battle for the Planet of the Apes	tt0069768	1973	853	961	1970	4436	9762	10055	5200	2131	666	1455	37489	5.4	5.589933047	0.189933047	1.778906142
Battle Los Angeles	tt1217613	2011	7372	6081	10003	17065	31282	44096	36161	19131	7582	10735	189508	5.7	5.912953543	0.212953543	2.083205496
Battle of Britain	tt0064072	1969	289	145	239	552	1596	4539	8703	5480	2481	2456	26480	7	7.189123867	0.189123867	1.629453261
Battle of the Sexes	tt4622512	2017	1191	469	653	1545	4683	15116	24215	10561	2525	2157	63115	6.7	6.696775727	-0.003224273	1.526523401
Battle Royale	tt0266308	2000	2217	1235	2035	3732	8247	19866	45699	62936	32116	27339	205422	7.5	7.652374137	0.152374137	1.679904095
Battlefield Earth	tt0185183	2000	39319	13299	9324	6184	5317	3849	2561	1546	714	3326	85439	2.5	2.788948841	0.288948841	2.412266667
Battleship	tt1440129	2012	10516	8724	13053	21937	39586	57370	53052	30346	12921	20111	267616	5.8	6.085405955	0.285405955	2.167994412
Battleship Potemkin	tt0015648	1925	1853	511	590	916	2261	4866	11180	18340	11267	12801	64585	7.9	7.791329256	-0.108670744	1.964516868
Baywatch	tt1469304	2017	7713	6795	11672	21084	42349	56925	36959	15682	5416	11734	216329	5.5	5.751438781	0.251438781	1.989311253
Be Cool	tt0377471	2005	2881	2267	3821	7108	14033	18669	13715	6409	2189	3560	74652	5.6	5.787748486	0.187748486	1.997305236
Be Kind Rewind	tt0799934	2008	2200	1654	2658	4988	10624	21845	26234	14946	5527	5411	96087	6.4	6.50122285	0.10122285	1.864862939
Beaches	tt0094715	1988	683	406	606	1062	2342	4496	6680	5607	3175	5559	30616	7	7.252025085	0.252025085	2.094059433
Bean	tt0118689	1997	1854	1637	2655	5467	13059	27754	30508	16374	6138	10334	115780	6.5	6.649766799	0.149766799	1.85656755
Beast	tt11301946	2022	7672	1360	1412	1835	2724	2728	2211	1661	1530	15822	38955	5.2	6.487254524	1.287254524	3.592921244
Beast	tt13223398	2022	2088	1556	2378	4521	10361	13634	7625	2731	769	1878	47541	5.6	5.57310532	-0.02689468	1.912017067
Beastly	tt1152398	2011	4012	3083	4708	7914	13832	16103	12283	7670	3642	8480	81727	5.5	5.954641673	0.454641673	2.343244923
Beasts of No Nation	tt1365050	2015	602	190	269	625	1841	6647	23188	34469	14569	8219	90619	7.7	7.777121796	0.077121796	1.33850795
Beasts of the Southern Wild	tt2125435	2012	1407	935	1392	2414	4976	11261	21270	21743	12100	9051	86549	7.2	7.299899479	0.099899479	1.839971429
Beau Is Afraid	tt13521006	2023	2869	1722	2297	3943	6929	13190	18179	14803	7246	5884	77062	6.6	6.650385404	0.050385404	2.121406545
Beautiful Boy	tt1226837	2018	743	347	594	1321	3750	12789	36060	39039	17117	11897	123657	7.4	7.615759722	0.215759722	1.42840166
Beautiful Creatures	tt1559547	2013	2594	1948	3298	6427	12334	20458	19294	11961	5261	9452	93027	6.1	6.440334527	0.340334527	2.103015212
Beautiful Girls	tt0115639	1996	524	266	368	819	2168	5191	9390	8502	4378	4478	36084	7.1	7.353674759	0.253674759	1.780879664
Beautiful Thing	tt0115640	1996	869	221	276	447	1010	2151	4480	5678	4253	7657	27042	7.6	7.895643813	0.295643813	2.118398371
Beauty and the Beast	tt0101414	1991	3325	1474	2440	4658	12783	35365	96297	151091	88023	106054	501510	8	8.063416482	0.063416482	1.556206053
Beauty and the Beast	tt0038348	1946	1101	256	285	441	1048	2344	5070	7735	5333	6025	29638	7.9	7.731729536	-0.168270464	2.082451835
Beauty and the Beast	tt2771200	2017	6795	3200	4992	9280	21794	53210	96890	76317	35978	46775	355231	7.1	7.245536003	0.145536003	1.874497265
Beavis and Butt-Head Do America	tt0115641	1996	1366	791	1091	2202	4965	11672	17936	11484	4527	6513	62547	6.8	6.925719859	0.125719859	1.899283906
Because I Said So	tt0490084	2007	2111	1559	2129	3658	7261	9096	6712	3903	1891	3583	41903	5.6	5.922869484	0.322869484	2.266200983
Beckett	tt10230994	2021	1441	982	1500	2817	5957	8382	5532	2126	638	973	30348	5.7	5.616646896	-0.083353104	1.932632073
Becky	tt10314450	2020	1021	619	925	1766	4308	8165	7017	3335	1005	1535	29696	6.1	6.156452047	0.056452047	1.910271452
Becoming Jane	tt0416508	2007	760	431	701	1480	3990	11118	20520	14218	6644	7922	67784	7	7.268721232	0.268721232	1.704564568
Bedazzled	tt0230030	2000	1613	2050	3904	8233	18492	32102	27460	13126	4498	6589	118067	6.1	6.259403559	0.159403559	1.788378585
Bedknobs and Broomsticks	tt0066817	1971	377	245	436	1036	2922	7197	12912	8842	3732	5291	42990	7.1	7.251197953	0.151197953	1.695341972
Bedtime Stories	tt0960731	2008	2123	1883	3479	6879	16003	30306	24475	10999	3639	5781	105567	6	6.209999337	0.209999337	1.81326999
Bee Movie	tt0389790	2007	4361	3625	6371	12662	28746	53071	46011	20462	6840	12175	194324	6.1	6.24015047	0.14015047	1.866200981
Beerfest	tt0486551	2006	2109	1605	2451	4208	8228	15042	16730	10855	4741	7347	73316	6.2	6.560437012	0.360437012	2.098531761
Beethoven	tt0103786	1992	1378	1802	3439	7550	18032	22715	13492	5605	1898	4732	80643	5.7	5.898032067	0.198032067	1.830916336
Beethoven's 2nd	tt0106375	1993	1105	1555	2894	5350	7678	5511	3069	1526	605	1983	31276	5	5.266626167	0.266626167	2.094136341
Beetlejuice	tt0094721	1988	2395	1799	3246	6482	17194	47007	113225	120017	50882	51811	414058	7.4	7.579686904	0.179686904	1.560238487
Beetlejuice Beetlejuice	tt2049403	2024	3094	1973	3295	6590	16058	37710	51949	27918	8947	11644	169178	6.6	6.701728357	0.101728357	1.766853522
Before I Fall	tt1691916	2017	958	659	1179	2604	6678	14710	16082	8769	3564	4740	59943	6.4	6.674357306	0.274357306	1.799079313
Before I Go to Sleep	tt1726592	2014	779	727	1622	3967	10939	26065	26676	11440	3434	3347	88996	6.3	6.479841791	0.179841791	1.532151948
Before I Wake	tt3174376	2016	880	663	1407	3099	7866	16186	14095	6600	2113	2743	55652	6.2	6.346240926	0.146240926	1.707540319
Before Midnight	tt2209418	2013	2358	1183	1563	2574	5786	14349	36616	56847	35427	26964	183667	7.9	7.809263504	-0.090736496	1.684364971
Before Night Falls	tt0247196	2000	549	234	357	692	1439	3346	7481	6897	3004	3117	27116	7.1	7.297388995	0.197388995	1.834211476
Before Sunrise	tt0112471	1995	3744	1843	2291	3906	8555	21154	59515	112281	82203	75879	371371	8.1	8.113439122	0.013439122	1.617519465
Before Sunset	tt0381681	2004	4695	1829	2181	3392	7587	18860	51958	94682	64907	60815	310906	8.1	8.018610127	-0.081389873	1.709359429
Before the Devil Knows You're Dead	tt0292963	2007	1021	679	1110	2371	5937	16394	38461	35031	12775	6738	120517	7.3	7.260983928	-0.039016072	1.501037602
Before the Flood	tt5929776	2016	481	91	74	168	470	1507	4434	7923	6466	7944	29558	8.2	8.288957304	0.088957304	1.664089018
Before We Go	tt0443465	2014	835	593	1030	2123	5340	12937	20196	12908	5567	6664	68193	6.8	7.028639303	0.228639303	1.754297981
Begin Again	tt1980929	2013	1006	569	1025	2121	6158	20559	52104	54002	22097	15523	175164	7.4	7.528339156	0.128339156	1.442187426
Beginners	tt1532503	2010	1422	760	1193	2251	5259	13506	28257	25159	11462	7758	97027	7.2	7.241953271	0.041953271	1.696433736
Behind Enemy Lines	tt0159273	2001	2397	1333	2390	4960	12542	30711	36131	16705	5261	6008	118438	6.4	6.526917037	0.126917037	1.715836307
Behind the Candelabra	tt1291580	2013	975	311	466	942	2706	7733	16945	10893	3446	2600	47017	7	7.007337771	0.007337771	1.633412951
Behind the Mask: The Rise of Leslie Vernon	tt0437857	2006	851	428	646	1107	2252	4582	6929	5161	2378	2546	26880	6.7	6.825818452	0.125818452	2.041247364
Being John Malkovich	tt0120601	1999	5054	2578	3547	6000	12795	30370	76154	116557	70036	44295	367386	7.7	7.702672394	0.002672394	1.692709635
Being the Ricardos	tt4995540	2021	1036	662	1001	2062	4764	10739	13635	7740	2503	2623	46765	6.5	6.585844114	0.085844114	1.800221363
Being There	tt0078841	1979	1197	507	635	1032	2488	5793	13943	25122	16585	14851	82153	7.9	7.933903814	0.033903814	1.724913741
Beirut	tt4669264	2018	653	213	373	785	2408	7601	9187	3728	803	934	26685	6.5	6.508675286	0.008675286	1.596391262
Belfast	tt12789558	2021	940	532	944	1969	5051	13083	45647	28523	11932	7921	116542	7.2	7.300166464	0.100166464	1.465492995
Belle	tt2404181	2013	545	168	227	455	1415	4326	9910	9203	4031	4357	34637	7.3	7.484943846	0.184943846	1.68146659
Belle de Jour	tt0061395	1967	596	281	418	844	2042	5103	12234	16364	8236	6684	52802	7.6	7.65368736	0.05368736	1.645325219
Below	tt0276816	2002	429	351	754	1671	3836	7350	6534	2950	875	1063	25813	6.1	6.244915353	0.144915353	1.708172682
Ben Is Back	tt7545524	2018	448	195	297	656	1973	5909	9011	4384	1321	1174	25368	6.7	6.758514664	0.058514664	1.591045289
Ben-Hur	tt0052618	1959	3352	1481	1878	3039	7285	16726	44027	79082	55625	56405	268900	8.1	8.056545184	-0.043454816	1.69221754
Ben-Hur	tt2638144	2016	2512	1391	2222	4013	8259	11952	8971	4479	1926	3471	49196	5.7	5.929181234	0.229181234	2.156944398
Bend It Like Beckham	tt0286499	2002	1725	1236	2057	4415	11000	25270	35527	22204	9081	9545	122060	6.7	6.866688514	0.166688514	1.757882567
Beneath the Planet of the Apes	tt0065462	1970	885	933	2163	4323	9565	17563	12507	5031	1612	2548	57130	6	6.082968668	0.082968668	1.72954131
Benedetta	tt6823148	2021	966	359	586	1130	2487	6077	9109	5563	1593	1362	29232	6.7	6.605192939	-0.094807061	1.839944762
Benny & Joon	tt0106387	1993	532	332	588	1252	3402	9337	18872	14501	6966	9123	64905	7.1	7.442200139	0.342200139	1.678478586
Beowulf	tt0442933	2007	5424	3621	5709	11041	23825	43291	44388	23658	8449	9600	179006	6.3	6.283861993	-0.016138007	1.930531646
Berlin Syndrome	tt3335606	2017	581	406	666	1465	3742	8381	8488	3332	922	1026	29009	6.3	6.304146989	0.004146989	1.665484505
Bernie	tt1704573	2011	886	592	969	2101	5333	13706	22429	13394	4180	3159	66749	6.8	6.826274551	0.026274551	1.608417249
Best in Show	tt0218839	2000	869	560	720	1291	2826	7154	16811	20891	11536	9235	71893	7.5	7.61334205	0.11334205	1.709049175
Better Man	tt14260836	2024	1094	310	324	540	1335	3613	9817	13537	6670	6023	43263	7.5	7.638721309	0.138721309	1.817484605
Better Off Dead	tt0088794	1985	735	517	765	1439	3288	7022	13043	11582	6243	8599	53233	7.1	7.411305018	0.311305018	1.887709787
Better Watch Out	tt4443658	2016	1607	857	1216	2181	4912	12202	16102	7925	2517	2613	52132	6.5	6.49048569	-0.00951431	1.848806848
Between Family	tt7642818	2017	597	137	205	354	865	2392	6071	7815	4407	5522	28365	7.6	7.808179094	0.208179094	1.818996176
Between Two Ferns: The Movie	tt9398640	2019	1122	655	1133	2525	5752	11317	9567	4085	1103	1476	38735	6.1	6.116664515	0.016664515	1.785625821
Beverly Hills Chihuahua	tt1014775	2008	6853	2447	2820	3304	3343	2606	1903	1105	527	2348	27256	4	4.261740534	0.261740534	2.832670623
Beverly Hills Cop	tt0086960	1984	969	682	1189	2591	8510	27939	76960	66883	23117	20902	229742	7.4	7.474928398	0.074928398	1.402504818
Beverly Hills Cop II	tt0092644	1987	1125	1079	2382	5185	15148	40728	45979	20474	6393	8306	146799	6.6	6.658894134	0.058894134	1.560095742
Beverly Hills Cop III	tt0109254	1994	2210	2841	5379	10763	23108	26925	15551	6350	2075	4360	99562	5.5	5.685934393	0.185934393	1.833900004
Beverly Hills Cop: Axel F	tt3083016	2024	1128	785	1451	3141	8849	22114	25799	11376	3461	7859	85963	6.4	6.722473622	0.322473622	1.734306209
Beverly Hills Ninja	tt0118708	1997	1495	1618	2775	4907	8860	10440	7545	3665	1431	3512	46248	5.6	5.832857637	0.232857637	2.114165345
Bewitched	tt0374536	2005	4377	4513	7468	13203	18645	14324	7802	3539	1236	2896	78003	4.9	5.010038075	0.110038075	2.035791446
Beyond Borders	tt0294357	2003	999	482	963	1728	3252	6386	6982	3993	1840	3042	29667	6.4	6.543904001	0.143904001	2.100806485
Bhaag Milkha Bhaag	tt2356180	2013	1983	429	366	557	1242	3036	8721	18517	19682	23401	77934	8.2	8.352246773	0.152246773	1.848634599
Bharat	tt7721800	2019	8425	1092	977	1188	1647	1573	1253	1057	3314	13063	33589	4.7	6.360653785	1.660653785	3.793037503
Bhediya	tt14099334	2022	1840	359	410	552	1406	3261	4966	3870	3012	9096	28772	6.7	7.52057556	0.82057556	2.539957823
Bholaa	tt15302222	2023	1897	448	450	617	1192	1583	1490	1689	4855	11682	25903	5.8	7.973053314	2.173053314	2.780945396
Bhool Bhulaiyaa	tt0995031	2007	701	188	278	555	1270	3156	7859	9623	5634	8619	37883	7.5	7.874508355	0.374508355	1.840861409
Bhool Bhulaiyaa 2	tt6455162	2022	4417	1186	1086	1545	2823	3913	3663	3338	3459	10484	35914	5.7	6.742106142	1.042106142	3.096249682
Bhool Bhulaiyaa 3	tt26932223	2024	22900	5308	5099	3922	1837	1803	1324	3481	9265	23746	78685	4.6	5.623244583	1.023244583	3.886061021
Bhool Chuk Maaf	tt32058735	2025	621	239	278	507	1101	1656	1478	1438	5842	12253	25413	5.8	8.513752804	2.713752804	2.175341932
Bhoot Police	tt10083640	2021	2229	313	375	531	1009	1707	1867	2443	4463	13353	28290	6.6	8.048815836	1.448815836	2.750051564
Bhuj: The Pride of India	tt10062556	2021	6308	1270	1103	1053	1236	949	747	927	1906	10930	26429	4.2	6.331756782	2.131756782	3.826567629
Bicentennial Man	tt0182789	1999	1775	1410	2237	4822	10457	22088	34845	25839	12521	14842	130836	6.9	7.086298878	0.186298878	1.856186469
Bicycle Thieves	tt0040522	1948	2960	1080	1288	2250	4999	9963	27155	53102	44707	43301	190805	8.2	8.139362176	-0.060637824	1.740971163
Big	tt0094737	1988	1143	814	1451	3331	10295	34240	86824	71937	26026	21181	257242	7.3	7.411973939	0.111973939	1.412344838
Big Daddy	tt0142342	1999	3359	2831	5099	11017	27452	63128	71313	36205	12436	16342	249182	6.5	6.616003564	0.116003564	1.725217613
Big Eyes	tt1126590	2014	672	369	731	1908	5724	19331	41508	22383	6283	5128	104037	6.9	7.048338572	0.148338572	1.37933726
Big Fat Liar	tt0265298	2002	1325	1362	2482	4712	8899	9923	6518	3110	1213	3025	42569	5.5	5.780004228	0.280004228	2.063276982
Big Fish	tt0319061	2003	4569	2000	2960	5441	12571	32764	83072	147369	99560	85440	475746	7.9	8.007525024	0.107525024	1.604977767
Big Game	tt2088003	2014	1586	1388	2324	4302	8316	9347	5533	2133	655	1363	36947	5.4	5.454407665	0.054407665	1.940125451
Big Hero 6	tt2245084	2014	2368	1009	1913	4419	13356	43035	123383	183836	95176	77090	545585	7.8	7.908289267	0.108289267	1.410574199
Big Momma's House	tt0208003	2000	4428	4324	6833	12274	20831	21025	12997	5816	2019	4558	95105	5.3	5.407013301	0.107013301	2.064187852
Big Momma's House 2	tt0421729	2006	4210	2915	4406	7349	9930	8076	4846	2549	1021	3585	48887	4.8	5.116145397	0.316145397	2.368630506
Big Mommas: Like Father, Like Son	tt1464174	2011	3475	2335	3045	4604	5632	4291	2732	1417	669	2853	31053	4.5	4.979003639	0.479003639	2.55926979
Big Nothing	tt0488085	2006	375	279	524	1115	2638	6685	10707	6030	2180	2244	32777	6.7	6.880251396	0.180251396	1.662657778
Big Stan	tt0490086	2007	1269	1011	1576	3059	6598	12850	12583	6304	2329	3857	51436	6.2	6.384419473	0.184419473	1.94104752
Big Trouble in Little China	tt0090728	1986	1226	1110	1949	3873	9304	21554	43558	40072	18675	23729	165050	7.2	7.46122993	0.26122993	1.722881594
Bigil	tt9260636	2019	2817	446	466	637	1328	2109	2687	2320	2263	11774	26847	6.7	7.539948598	0.839948598	3.006628706
Bill & Ted Face the Music	tt1086064	2020	2363	1774	2594	4500	8870	14131	11105	5402	1838	3594	56171	5.9	5.950793114	0.050793114	2.0854882
Bill & Ted's Bogus Journey	tt0101452	1991	1370	1278	2305	4897	11236	22220	20542	10760	3926	5932	84466	6.3	6.445871712	0.145871712	1.831416881
Bill & Ted's Excellent Adventure	tt0096928	1989	1420	1065	1902	4029	10403	26511	47187	30031	11284	14421	148253	6.9	7.101212117	0.201212117	1.67511838
Billy Elliot	tt0249462	2000	1326	612	808	1502	3988	11389	34040	48993	25248	22768	150674	7.7	7.860626253	0.160626253	1.545985411
Billy Lynn's Long Halftime Walk	tt2513074	2016	799	418	741	1450	3248	5901	5923	3437	1399	1748	25064	6.2	6.396903926	0.196903926	1.984072554
Billy Madison	tt0112508	1995	3654	3059	4523	8393	18526	36407	40808	24705	10685	15471	166231	6.4	6.630267519	0.230267519	1.978034453
Bio-Dome	tt0115683	1996	4408	2640	3027	3855	4607	4232	3037	1776	792	2988	31362	4.4	4.945188445	0.545188445	2.707495315
Bird Box	tt2737304	2018	7111	5443	9242	17394	40862	94371	126943	69712	23097	22797	416972	6.6	6.638275472	0.038275472	1.743167939
Bird Box: Barcelona	tt14400246	2023	1534	1135	1881	3404	6783	7086	3864	1434	430	844	28395	5.3	5.294030639	-0.005969361	1.938151769
Bird on a Wire	tt0099141	1990	793	736	1489	3678	9211	15590	10746	4345	1405	2435	50428	6	6.108035219	0.108035219	1.713555576
Birdemic: Shock and Terror	tt1316037	2010	17219	3036	1018	386	485	311	347	343	235	3441	26821	1.7	2.754483427	1.054483427	3.152927178
Birdman or (The Unexpected Virtue of Ignorance)	tt2562232	2014	15199	7425	9659	15106	29628	62042	135116	196241	137077	85691	693184	7.7	7.568243064	-0.131756936	1.89748861
Birds of Prey and the Fantabulous Emancipation of One Harley Quinn	tt7713068	2020	13941	7151	11009	19067	38938	67344	62123	31482	11346	17594	279995	6.1	6.075333488	-0.024666512	2.110631861
Birdy	tt0086969	1984	370	186	293	548	1328	3404	7539	7183	2942	2619	26412	7.2	7.336892322	0.136892322	1.694451164
Birth	tt0337876	2004	1754	1160	1624	3045	5987	9906	9041	6027	2806	2673	44023	6.3	6.223655816	-0.076344184	2.100134478
Birthday Girl	tt0188453	2001	472	425	867	1797	4253	8295	6509	2679	833	917	27047	6	6.13036566	0.13036566	1.684875483
Bitter Moon	tt0104779	1992	777	455	613	1224	2510	5899	12226	11260	5731	4973	45668	7.2	7.299137251	0.099137251	1.818176981
Biutiful	tt1164999	2010	1076	532	809	1615	3847	10214	25184	30009	14689	9509	97484	7.4	7.541719667	0.141719667	1.604158291
Black	tt0375611	2005	1236	267	275	403	785	1705	4502	9320	8807	10047	37347	8.1	8.144402496	0.044402496	2.004802228
Black Adam	tt6443346	2022	9059	6091	9925	17783	36245	60214	64591	43602	19098	33591	300199	6.1	6.573646148	0.473646148	2.136414301
Black and Blue	tt7390646	2019	927	304	500	1063	3014	7598	8546	3959	1292	2053	29256	6.4	6.548981406	0.148981406	1.847416722
Black Bag	tt30988739	2025	1299	839	1382	2780	7543	19243	27758	15592	4170	4918	85524	6.7	6.748608578	0.048608578	1.659111907
Black Book	tt0389557	2006	945	302	448	862	2095	6013	18755	30352	14446	9183	83401	7.7	7.779750842	0.079750842	1.513184436
Black Cat, White Cat	tt0118843	1998	971	382	424	709	1387	3250	8249	16304	12611	14100	58387	8	8.134550499	0.134550499	1.779859362
Black Christmas	tt0071222	1974	743	491	839	1507	3464	7958	15028	12482	5720	7408	55640	7.1	7.296010065	0.196010065	1.823374664
Black Christmas	tt0454082	2006	3192	2441	3395	4824	5776	4925	3172	1688	702	2814	32929	4.7	5.045734763	0.345734763	2.499776007
Black Crab	tt6708668	2022	904	728	1252	2509	5928	7942	5257	2099	671	1024	28314	5.7	5.767959313	0.067959313	1.841678827
Black Death	tt1181791	2010	846	718	1199	2605	6459	14445	15892	7356	2250	2361	54131	6.4	6.451312557	0.051312557	1.679163634
Black Dynamite	tt1190536	2009	1099	492	653	1147	2495	5716	12296	14320	7857	7930	54005	7.4	7.518674197	0.118674197	1.88023972
Black Friday	tt0400234	2004	712	102	104	172	301	630	2106	5480	7064	8594	25265	8.4	8.521630714	0.121630714	1.842994507
Black Hawk Down	tt4330758	1997	192	66	95	195	561	1944	7656	14492	6279	3297	34777	7.9	7.903700722	0.003700722	1.279185324
Black Hawk Down	tt0265086	2001	3637	1845	2847	5282	13189	36487	103742	150452	74903	57727	450111	7.7	7.782680272	0.082680272	1.529710806
Black Knight	tt0265087	2001	2853	2560	4268	6809	9827	8477	5132	2346	871	2473	45616	5	5.157642055	0.157642055	2.18268673
Black Mass	tt1355683	2015	1970	1130	1800	4346	13785	41115	74175	40107	11221	11513	201162	6.8	6.953743749	0.153743749	1.498183332
Black Mirror: Bandersnatch	tt9495224	2018	3187	1758	2672	4555	9935	21076	36797	31433	16432	14767	142612	7.1	7.107894146	0.007894146	1.930793908
Black Narcissus	tt0039192	1947	288	173	257	548	1259	2952	6274	8872	4906	5292	30821	7.7	7.773011907	0.073011907	1.703452913
Black Panther	tt1825683	2018	24385	8296	10963	19228	43827	106114	226518	227252	110611	121611	898805	7.3	7.367391147	0.067391147	1.932898813
Black Panther: Wakanda Forever	tt9114286	2022	15622	6478	8786	14541	31848	66818	102799	58260	24853	32871	362876	6.6	6.644991678	0.044991678	2.098356168
Black Phone 2	tt29644189	2025	1230	950	1529	2903	5996	10379	10844	5869	2011	3249	44960	6.1	6.339679715	0.239679715	1.981556069
Black Rain	tt0096933	1989	595	424	862	2218	6019	15753	20569	10435	3212	3480	63567	6.6	6.743829345	0.143829345	1.56674349
Black Sea	tt2261331	2014	467	348	707	1711	4964	12896	13840	5303	1286	1402	42924	6.4	6.45843817	0.05843817	1.491230832
Black Sheep	tt0115697	1996	756	738	1304	2606	6011	11790	11104	5765	2103	3466	45643	6.2	6.458777907	0.258777907	1.859505951
Black Sheep	tt0779982	2006	1871	1369	2197	3709	6808	10382	8781	4304	1569	2337	43327	5.8	5.902970434	0.102970434	2.078626244
Black Snake Moan	tt0462200	2006	1028	544	875	1890	4653	11620	21270	15237	5960	5340	68417	6.9	7.061285938	0.161285938	1.704326934
Black Swan	tt0947798	2010	10704	5134	7573	11911	23526	58314	151800	276850	198248	135454	879514	8	7.930540048	-0.069459952	1.659399066
Black Widow	tt3480822	2021	9706	5264	9108	18725	45318	105141	137664	74773	26435	38060	470194	6.6	6.721142762	0.121142762	1.8262439
BlackBerry	tt21867434	2023	357	155	226	432	1646	7480	25512	22131	5570	3096	66605	7.3	7.400420389	0.100420389	1.224651628
Blackfish	tt2545118	2013	491	123	156	294	864	3382	13219	28728	16409	12326	75992	8.1	8.162582903	0.062582903	1.334434212
Blackhat	tt2717822	2015	2779	2430	4228	8059	15153	15948	10280	4509	1428	2211	67025	5.5	5.475658336	-0.024341664	1.938696021
BlacKkKlansman	tt7349662	2018	4202	1386	1948	3605	9626	30768	89305	107656	40510	21123	310129	7.5	7.487784116	-0.012215884	1.507539191
Blacklight	tt14060094	2022	1532	1531	2720	4792	7219	5233	2384	967	349	1247	27974	4.9	4.984986058	0.084986058	2.020412882
Blade	tt0120611	1998	2921	1902	3441	6742	17894	49425	111904	78305	26845	27034	326413	7.1	7.204826401	0.104826401	1.570160761
Blade II	tt0187738	2002	2707	2049	3796	8269	22436	57784	81068	41189	14117	16878	250293	6.7	6.803921804	0.103921804	1.637699495
Blade Runner	tt0083658	1982	7558	4605	6935	11983	25753	59757	135225	223824	195259	202160	873059	8.1	8.119623072	0.019623072	1.691734103
Blade Runner 2049	tt1856101	2017	8909	4958	6587	10271	21756	51921	124267	213840	169438	128810	740757	8	7.956194812	-0.043805188	1.705655206
Blade: Trinity	tt0359013	2004	4404	4393	8817	17053	37267	56497	37855	16440	5974	10918	199618	5.8	5.974516326	0.174516326	1.868819128
Blades of Glory	tt0445934	2007	3491	2550	4667	9891	22648	46149	49042	25322	9113	11565	184438	6.3	6.483625934	0.183625934	1.813447557
Blair Witch	tt1540011	2016	3592	3046	4679	7557	11258	10438	6596	3030	982	1714	52892	5	5.090694245	0.090694245	2.100578962
Blast from the Past	tt0124298	1999	639	628	1274	2766	7042	16520	22600	13244	5061	6605	76379	6.7	6.897995522	0.197995522	1.70029211
Blazing Saddles	tt0071230	1974	1923	970	1498	2772	6437	14450	32350	43617	27122	31358	162497	7.7	7.824107522	0.124107522	1.765604905
Bleed for This	tt1620935	2016	330	94	184	480	1835	7431	13509	6310	1505	1544	33222	6.8	6.946571549	0.146571549	1.370479667
Blended	tt1086772	2014	3159	2136	3449	6194	14286	33255	43116	24880	10274	15327	156076	6.5	6.792216612	0.292216612	1.903710574
Blind Date	tt0092666	1987	488	506	999	2016	4844	7277	5047	2301	877	1322	25677	6	6.047941738	0.047941738	1.824091258
Blinded by the Light	tt8266310	2019	565	229	382	750	1883	5062	9184	6291	2269	1796	28411	6.9	6.967477386	0.067477386	1.709467489
Blindness	tt0861689	2008	2772	1445	2064	3687	7270	15082	20592	13593	5568	4814	76887	6.5	6.562669892	0.062669892	2.010467933
Blindspotting	tt7242142	2018	720	257	409	684	1584	3906	8840	9684	4780	3207	34071	7.4	7.366822224	-0.033177776	1.783476452
Blink Twice	tt14858658	2024	2862	1660	2461	4830	11623	29305	38893	19190	5566	6725	123115	6.5	6.578767819	0.078767819	1.764496211
Blitz	tt1297919	2011	1359	1056	2151	4946	13585	30419	24836	9532	2873	4983	95740	6.1	6.329036975	0.229036975	1.653583039
Blockers	tt2531344	2018	2332	1569	2397	4887	12022	24717	23297	10252	3407	6406	91286	6.2	6.358466797	0.158466797	1.878960143
Blonde	tt1655389	2022	8595	4445	5462	8051	12048	12914	10808	7194	3232	4836	77585	5.4	5.341947541	-0.058052459	2.517868019
Blood and Bone	tt0346631	2009	632	365	628	1354	3146	7569	10984	6045	2503	4448	37674	6.7	6.956017413	0.256017413	1.859618995
Blood Diamond	tt0450259	2006	2723	1008	1605	3440	9508	32151	114646	240487	131096	83421	620085	8	8.070267786	0.070267786	1.304630289
Blood Father	tt3647498	2016	918	630	1239	2858	8423	20938	21331	8302	2408	3405	70452	6.4	6.479943792	0.079943792	1.591746486
Blood In, Blood Out	tt0106469	1993	478	166	243	397	921	2208	5501	9936	6964	10384	37198	7.9	8.212565192	0.312565192	1.729528658
Blood Red Sky	tt6402468	2021	1843	1259	2106	4177	8656	15790	14461	6694	2066	2701	59753	6.1	6.121701002	0.021701002	1.88671582
Blood Simple	tt0086979	1984	811	451	802	1518	3868	11508	29561	38101	16229	9759	112608	7.5	7.583519821	0.083519821	1.479388213
Blood Work	tt0309377	2002	573	367	825	1922	5654	15866	16157	5894	1409	1723	50390	6.4	6.45163723	0.05163723	1.481980381
BloodRayne	tt0383222	2005	13047	6110	5466	3878	3169	2056	1258	757	358	2256	38355	3	3.285151871	0.285151871	2.566944303
Bloodshot	tt1634106	2020	2498	2160	4026	8311	18176	25322	16571	6745	2206	4312	90327	5.7	5.844132983	0.144132983	1.867053972
Bloodsport	tt0092675	1988	1050	968	1787	3402	8164	18901	29094	17910	7485	12994	101755	6.8	7.079986241	0.279986241	1.819627491
Bloody Sunday	tt0280491	2002	341	128	159	347	806	2153	6525	9297	4165	2672	26593	7.6	7.658631971	0.058631971	1.563308287
Blow	tt0221027	2001	1381	799	1444	3294	9199	27676	75539	92365	41314	32859	285870	7.5	7.698069052	0.198069052	1.449904537
Blow Out	tt0082085	1981	524	272	538	1220	3403	9608	22314	20961	9025	6318	74183	7.4	7.421053341	0.021053341	1.510450858
Blow-Up	tt0060176	1966	1039	710	1150	1887	3623	7614	15307	19156	11022	10464	71972	7.4	7.523634191	0.123634191	1.864990564
Blown Away	tt0109303	1994	464	424	817	1913	5235	11241	9566	4208	1116	1395	36379	6.2	6.312872811	0.112872811	1.605978043
Blue Beetle	tt9362930	2023	5756	3310	4847	8334	16591	26924	23261	11994	4433	9287	114737	5.9	6.068643942	0.168643942	2.188626615
Blue Crush	tt0300532	2002	1028	830	1481	3108	6596	8816	6138	2977	1057	2302	34333	5.7	5.963766639	0.263766639	1.987984747
Blue Is the Warmest Colour	tt2278871	2013	3926	1596	2117	3197	6940	15539	35080	49268	30340	23917	171920	7.6	7.59728362	-0.00271638	1.886329568
Blue Jasmine	tt2334873	2013	1980	1103	1867	3788	10253	30023	70496	63150	23406	12888	218954	7.3	7.282570768	-0.017429232	1.494651566
Blue Ruin	tt2359024	2013	777	523	865	1706	4822	14119	29390	22400	7296	3605	85503	7.1	7.095774417	-0.004225583	1.478454747
Blue Streak	tt0181316	1999	1117	1075	2218	4704	11499	25204	24626	12174	4293	6629	93539	6.4	6.544403938	0.144403938	1.747683726
Blue Thunder	tt0085255	1983	246	262	752	1422	3191	6889	6685	3159	1001	1484	25091	6.4	6.453270097	0.053270097	1.704657526
Blue Valentine	tt1120985	2010	2628	1703	2695	5078	11486	27994	60085	62959	29059	19465	223152	7.3	7.350474116	0.050474116	1.676116261
Blue Velvet	tt0090756	1986	2659	1637	2480	4301	9136	21173	51149	70528	40882	36554	240499	7.7	7.729928191	0.029928191	1.715365536
Blues Brothers 2000	tt0118747	1998	2518	2306	3405	5522	7321	6114	3887	2145	932	1867	36017	4.9	5.112835605	0.212835605	2.249681823
Boat Trip	tt0285462	2002	2401	2178	2944	4739	6455	6010	3928	1935	824	1896	33310	4.9	5.170579406	0.270579406	2.280864034
Bob Marley: One Love	tt8521778	2024	811	449	832	1962	4998	10528	9615	4411	1490	2866	37962	6.2	6.450503135	0.250503135	1.826296038
Bobby	tt0308055	2006	1002	425	706	1188	2930	6878	12952	9288	4026	4392	43787	7	7.074291456	0.074291456	1.862940166
Bodies Bodies Bodies	tt8110652	2022	3187	1935	2954	5683	11619	22263	23738	11091	2967	2860	88297	6.2	6.121623611	-0.078376389	1.876253723
Body Double	tt0086984	1984	766	552	929	1820	3819	8413	12927	8587	3258	3121	44192	6.8	6.816324222	0.016324222	1.808448862
Body Heat	tt0082089	1981	515	192	324	704	1795	5155	12763	12457	5414	4038	43357	7.4	7.44274281	0.04274281	1.586680457
Body of Lies	tt0758774	2008	2117	972	1840	4222	12608	40416	92855	61323	18621	13941	248915	7	7.149320049	0.149320049	1.437732822
Bodyguard	tt1729637	2011	5447	1675	1894	2755	3700	3443	2578	1749	1477	5712	30430	4.8	5.491554387	0.691554387	3.145832341
Bohemian Rhapsody	tt1727824	2018	4917	2509	4056	8358	18167	45068	111581	186272	134739	121851	637518	7.9	8.029862686	0.129862686	1.605515813
Boiler Room	tt0181984	2000	538	288	542	1181	3476	10301	21361	13566	4587	3738	59578	7	7.106112995	0.106112995	1.505087877
Boiling Point	tt11127680	2021	383	212	318	592	1657	5193	16157	19462	7204	3389	54567	7.5	7.533729177	0.033729177	1.384270761
Bolt	tt0397892	2008	2256	1574	3076	7528	21443	53598	79588	43673	15535	16628	244899	6.8	6.885050572	0.085050572	1.602797417
Bombshell	tt6394270	2019	2768	1078	1510	2916	8762	29305	49870	25035	7060	6498	134802	6.8	6.814795033	0.014795033	1.607857163
Bone Tomahawk	tt2494362	2015	1669	1072	1590	2934	7362	19788	46390	36385	12260	8045	137495	7.1	7.145401651	0.045401651	1.579192183
Bones and All	tt10168670	2022	2118	934	1356	2704	5954	13039	20617	14635	5392	4289	71038	6.8	6.752597201	-0.047402799	1.886979665
Bonnie and Clyde	tt0061418	1967	1165	485	746	1490	4198	11499	30347	41290	19565	16240	127025	7.7	7.727226924	0.027226924	1.552685826
Boogeyman	tt0357507	2005	3927	3427	4854	6245	6010	3887	2248	1244	435	1380	33657	4.2	4.370502421	0.170502421	2.257582599
Boogie Nights	tt0118749	1997	2593	1278	2055	3413	8250	22472	62287	97727	56754	44772	301601	7.9	7.88253023	-0.01746977	1.563375127
Book Club	tt6857166	2018	999	619	1009	1992	4496	9016	8136	4385	1603	2450	34705	6.1	6.361244777	0.261244777	1.944347844
Book of Shadows: Blair Witch 2	tt0229260	2000	6121	5051	5741	6349	5977	4779	3287	1929	792	1722	41748	4.1	4.316134905	0.216134905	2.418547095
Booksmart	tt1489887	2019	3283	1550	2171	3608	8371	19548	38254	35161	15764	11181	138891	7.1	7.122297341	0.022297341	1.847265177
Boomerang	tt0103859	1992	884	894	1904	3854	7200	7517	4966	2700	1064	2305	33288	5.6	5.824621485	0.224621485	2.031344345
Borat	tt0443453	2006	16020	6041	7568	11211	22241	48858	107059	117799	63324	71442	471563	7.4	7.371536783	-0.028463217	2.078147108
Borat Subsequent Moviefilm	tt13143964	2020	7527	2805	3764	6246	14379	32773	47263	26870	9539	12061	163227	6.6	6.556562333	-0.043437667	2.054992636
Border	tt5501104	2018	829	374	579	969	2474	5854	12051	8977	3052	1851	37010	7	6.939610916	-0.060389084	1.729014131
Borderlands	tt4978420	2024	6568	4232	5561	7525	10520	9661	5563	2543	857	2395	55425	4.7	4.751087055	0.051087055	2.318381265
Borg vs. McEnroe	tt5727282	2017	287	112	225	562	2086	7298	14537	7648	1913	1376	36044	6.9	6.979580513	0.079580513	1.343950484
Born on the Fourth of July	tt0096969	1989	1699	795	1281	2531	6387	17760	41580	31269	11717	8423	123442	7.2	7.182693087	-0.017306913	1.603633608
Boss Level	tt7638348	2020	953	575	996	2251	6368	18389	31531	16762	5421	5068	88314	6.8	6.913411237	0.113411237	1.549864381
Boston Strangler	tt2560078	2023	447	227	387	1030	3586	11857	14694	5470	1274	1403	40375	6.5	6.622117647	0.122117647	1.415173428
Bottle Rocket	tt0115734	1996	851	499	981	2051	5424	15830	28743	18674	7388	7297	87738	6.9	7.125202307	0.225202307	1.609619707
Bottoms	tt17527468	2023	2438	964	1319	2204	4430	9329	14008	10838	4606	5764	55900	6.7	6.782057245	0.082057245	2.149778143
Bound	tt0115736	1996	877	419	585	1241	2973	7967	17988	18823	8618	6720	66211	7.3	7.436271919	0.136271919	1.665266816
Bowfinger	tt0131325	1999	1361	1243	2057	4192	8813	17070	20205	12708	4715	4916	77280	6.5	6.573046066	0.073046066	1.850945008
Bowling for Columbine	tt0310793	2002	6470	1281	1222	1637	3390	8275	24183	46009	29619	29835	151921	8	7.820643624	-0.179356376	2.071257097
Boy	tt1560139	2010	276	94	132	296	910	2977	8958	9962	4259	3406	31270	7.5	7.651071314	0.151071314	1.47550099
Boy A	tt1078188	2007	360	140	252	452	1252	3642	10025	13346	6274	4192	39935	7.5	7.678602729	0.178602729	1.509472155
Boy Erased	tt7008872	2018	1032	336	446	980	2708	8567	16294	9583	3172	2812	45930	6.9	6.951752667	0.051752667	1.671874375
Boy Kills World	tt13923084	2023	856	519	1018	1866	4304	9225	10568	5815	1958	3060	39189	6.4	6.583480058	0.183480058	1.874536076
Boyhood	tt1065073	2014	6083	2859	3999	6417	13974	32107	71949	104691	77137	60666	379882	7.9	7.776209455	-0.123790545	1.799811503
Boys Don't Cry	tt0171804	1999	2019	728	899	1674	4019	9983	26530	32695	15984	12616	107147	7.5	7.561079638	0.061079638	1.735815971
Boyz n the Hood	tt0101507	1991	1259	502	677	1385	3860	11839	38112	59223	27433	21937	166227	7.8	7.862759961	0.062759961	1.4533484
Brahmastra Part One: Shiva	tt6277462	2022	42170	4009	2423	2606	3820	5128	7016	6663	6995	34386	115216	5.6	5.44177892	-0.15822108	3.914351732
Brain on Fire	tt3704700	2016	375	233	413	909	2353	5699	7836	4200	1635	2308	25961	6.6	6.853433997	0.253433997	1.757433216
Bratz	tt0804452	2007	8271	1880	1621	1457	1603	1137	898	639	5434	2631	25571	3.2	4.85600876	1.65600876	3.536865595
Brave	tt1217209	2012	3349	2027	4127	9641	26564	75943	154111	112927	43720	41343	473752	7.1	7.252589963	0.152589963	1.548446783
Braveheart	tt0112573	1995	10495	4639	6455	10641	22929	55300	156526	306704	292404	285014	1151107	8.3	8.304386126	0.004386126	1.593458811
Braven	tt5001754	2018	850	712	1205	2411	6056	10241	6626	3758	5566	6468	43893	5.9	6.800150366	0.900150366	2.168119205
Brawl in Cell Block 99	tt5657856	2017	1769	991	1415	2355	4864	11147	23847	21747	8350	5753	82238	7.1	7.079488801	-0.020511199	1.809612808
Brazil	tt0088846	1985	3409	1813	2587	4027	8362	16291	34524	57800	43980	47979	220772	7.8	7.927354918	0.127354918	1.868883995
Breach	tt0401997	2007	542	301	517	1162	3578	11070	23919	14947	4463	3153	63652	7	7.07533149	0.07533149	1.43987492
Breakdown	tt0118771	1997	419	329	610	1361	3922	12264	25110	14660	4593	4897	68165	7	7.113650701	0.113650701	1.480932088
Breakfast at Tiffany's	tt0054698	1961	1547	1025	1729	3243	7748	19708	47805	59307	30360	30265	202737	7.5	7.713071615	0.213071615	1.630400621
Breakfast on Pluto	tt0411195	2005	499	244	332	593	1273	3076	6671	6499	3265	3567	26019	7.2	7.414581652	0.214581652	1.860609847
Breaking Away	tt0078902	1979	281	93	184	292	933	2429	6040	7992	4538	4443	27225	7.7	7.820532599	0.120532599	1.625980143
Breaking the Waves	tt0115751	1996	1642	743	904	1291	2491	5436	12775	21086	14853	14039	75260	7.8	7.816303481	0.016303481	1.914575689
Breathe	tt5716464	2017	259	98	161	380	1218	3634	8549	6432	2758	2846	26335	7.2	7.402050503	0.202050503	1.572252773
Breathless	tt0053472	1960	1539	641	971	1740	3722	8199	18590	26484	16277	15696	93859	7.7	7.734506014	0.034506014	1.811303256
Brewster's Millions	tt0088850	1985	389	361	764	1939	5076	12607	13786	6682	2218	2682	46504	6.5	6.642890934	0.142890934	1.602208077
Brick	tt0393109	2005	2262	1389	1874	3229	6377	13275	25709	29211	16388	13819	113533	7.1	7.349810187	0.249810187	1.921609379
Brick Mansions	tt1430612	2014	1475	1231	2244	4310	8419	11865	7570	3445	1416	3550	45525	5.6	5.930543657	0.330543657	2.059545333
Bride of Chucky	tt0144120	1998	2464	2413	4113	7573	13517	14542	10586	5944	2396	5920	69468	5.6	5.861346231	0.261346231	2.180691645
Bride of Frankenstein	tt0026138	1935	1123	326	537	959	2251	5404	11488	15960	8724	11401	58173	7.8	7.761727949	-0.038272051	1.853836641
Bride Wars	tt0901476	2009	3801	3716	6191	12387	25586	29899	19734	9973	4031	7063	122381	5.5	5.813884508	0.313884508	2.000996335
Bridesmaids	tt1478338	2011	6858	4540	6830	12221	25615	55309	85718	64609	30345	30886	322931	6.8	6.949174901	0.149174901	1.928132164
Bridge of Spies	tt3682448	2015	1499	714	1171	2760	8478	30820	101349	126582	45967	22733	342073	7.6	7.623875605	0.023875605	1.281798794
Bridge to Terabithia	tt0398808	2007	2415	1391	2310	4327	10309	24942	51505	45046	20678	25330	188253	7.2	7.388657817	0.188657817	1.771968814
Bridget Jones: Mad About the Boy	tt32063050	2025	891	494	723	1314	3161	7056	9199	5307	1853	2570	32568	6.5	6.652880128	0.152880128	1.915114589
Bridget Jones: The Edge of Reason	tt0317198	2004	2331	2113	4047	9030	21453	37544	28445	13920	5365	7868	132116	6	6.242900179	0.242900179	1.817845182
Bridget Jones's Baby	tt1473832	2016	1543	1072	1855	4107	10022	22616	24609	13334	5173	6168	90499	6.4	6.61507862	0.21507862	1.783381308
Bridget Jones's Diary	tt0243155	2001	3198	2452	4404	9029	23193	58332	85269	52704	21586	24317	284484	6.8	6.95767073	0.15767073	1.714917765
Brief Encounter	tt0037558	1945	932	257	407	616	1371	3194	7874	13806	9721	9788	47966	8	7.96574657	-0.03425343	1.807801996
Bright	tt5519340	2017	4397	3733	6468	11277	23652	46710	54091	30742	11543	16003	208616	6.3	6.535380795	0.235380795	1.925963312
Bright Star	tt0810784	2009	501	337	565	1084	2268	4809	7805	5788	2981	3431	29569	6.9	7.08437891	0.18437891	1.906911652
Brightburn	tt7752126	2019	3030	2277	3912	8127	17361	31984	29735	13699	4108	4782	119015	6.1	6.159442087	0.059442087	1.815438659
Brimstone	tt1895315	2016	1478	609	791	1372	2776	6440	13970	12412	5015	3825	48688	7	7.056112389	0.056112389	1.910589508
Bring Her Back	tt32246771	2025	1854	930	1345	2435	6037	15197	31549	28639	11348	7754	107088	7.1	7.176182205	0.076182205	1.710365499
Bring It On	tt0204946	2000	2503	2175	3592	7388	16261	26881	24049	14042	5727	10520	113138	6.2	6.427495625	0.227495625	2.005234024
Bringing Down the House	tt0305669	2003	1346	1195	2044	4022	7889	9983	6789	3441	1340	2919	40968	5.6	5.897285686	0.297285686	2.06106746
Bringing Out the Dead	tt0163988	1999	1499	990	1445	2978	6648	14701	22973	16718	7048	5502	80502	6.9	6.884040148	-0.015959852	1.808438619
Bringing Up Baby	tt0029947	1938	1291	610	813	1286	2846	5924	12204	18222	12088	14588	69872	7.8	7.810625143	0.010625143	1.912515311
Broadcast News	tt0092699	1987	516	226	370	752	2114	5220	11018	8836	4095	3235	36382	7.3	7.25619812	-0.04380188	1.678782634
Broadway Danny Rose	tt0087003	1984	355	119	187	377	1100	3280	8220	8097	3292	2999	28026	7.4	7.485049597	0.085049597	1.597078463
Brokeback Mountain	tt0388795	2005	15175	3103	3793	6168	13151	30687	76086	108893	68027	86967	412050	7.7	7.74898192	0.04898192	2.064324737
Brokedown Palace	tt0120620	1999	417	321	535	1109	2819	6280	6637	3574	1412	1908	25012	6.4	6.625379818	0.225379818	1.810875334
Broken Arrow	tt0115759	1996	1848	1822	3367	7641	18113	32936	25655	11013	3255	4054	109704	6.1	6.124316342	0.024316342	1.698554049
Broken City	tt1235522	2013	1005	730	1624	4270	12778	29696	23405	7547	1839	2759	85653	6.1	6.244206274	0.144206274	1.491186366
Broken Embraces	tt0913425	2009	494	231	392	781	1972	6108	14222	12213	4515	3033	43961	7.2	7.278883556	0.078883556	1.545539294
Broken Flowers	tt0412019	2005	1550	959	1448	2572	6132	15198	33823	29987	11206	6900	109775	7.1	7.164281485	0.064281485	1.652498101
Bronson	tt1172570	2008	1738	1277	1973	3836	9251	22861	45777	36508	14085	10731	148037	7	7.130339037	0.130339037	1.658848193
Brooklyn	tt2381111	2015	923	422	847	1782	5507	17305	46334	49661	21122	13673	157576	7.5	7.559875869	0.059875869	1.426196003
Brooklyn's Finest	tt1210042	2009	929	535	951	2261	5937	15917	23678	11322	3336	3600	68466	6.7	6.739534952	0.039534952	1.596343073
Bros	tt9731598	2022	8049	1267	1068	1426	2719	5453	7221	5145	2347	4399	39094	6.3	5.694582289	-0.605417711	3.014275131
Brother	tt0118767	1997	527	157	204	373	887	2175	5277	7866	4605	5896	27967	7.8	7.891515	0.091515	1.817328767
Brother	tt0222851	2000	367	175	319	621	1528	3618	7228	6556	2684	2636	25732	7.1	7.269780818	0.169780818	1.731604028
Brother Bear	tt0328880	2003	980	786	1663	4129	10663	25478	40230	25445	10865	14360	134599	6.9	7.108485204	0.208485204	1.68772246
Brotherhood of the Wolf	tt0237534	2001	1174	843	1373	2448	4994	11088	20832	17530	8200	7517	75999	7	7.148817748	0.148817748	1.83069434
Brothers	tt0765010	2009	1498	721	1254	2668	7914	26122	59738	43384	14475	11029	168803	7.1	7.224273265	0.124273265	1.47220924
Bruce Almighty	tt0315327	2003	3717	2875	5851	13630	37525	102733	161501	82372	26964	27464	464632	6.8	6.870732106	0.070732106	1.541764831
Brüno	tt0889583	2009	11422	5460	7157	11730	21265	31321	30222	18400	8197	12516	157690	5.9	5.978001141	0.078001141	2.366732416
Bubba Ho-Tep	tt0281686	2002	884	570	1044	1810	3788	7978	13207	11745	5756	7018	53800	6.9	7.204405204	0.304405204	1.917852124
Bubble Boy	tt0258470	2001	1258	1129	2108	3710	6919	8413	6004	3323	1269	3037	37170	5.7	5.922948614	0.222948614	2.134424412
Buffalo '66	tt0118789	1998	1089	688	864	1432	3209	7144	15032	17354	9815	9867	66494	7.4	7.530829849	0.130829849	1.858936912
Buffalo Soldiers	tt0252299	2001	370	201	321	735	2059	5279	8522	5278	1757	1717	26239	6.7	6.9173749	0.2173749	1.647201703
Buffy the Vampire Slayer	tt0103893	1992	1549	1522	2953	5401	10285	12755	8922	4494	1657	3776	53314	5.7	5.891323105	0.191323105	2.045843793
Bug	tt0470705	2006	2868	1470	1781	2683	4597	7915	8148	5748	2408	2631	40249	6.1	6.0463614	-0.0536386	2.345395867
Bugonia	tt12300742	2025	1528	659	862	1503	3668	9972	27878	38176	12771	7084	104101	7.4	7.453809281	0.053809281	1.56518051
Bugsy	tt0101516	1991	392	234	445	1013	2765	7069	10817	6045	1963	2132	32875	6.8	6.860897338	0.060897338	1.624709609
Bull Durham	tt0094812	1988	800	424	757	1470	4098	10204	19201	14197	6561	5770	63482	7	7.186997889	0.186997889	1.690843652
Bullet to the Head	tt1308729	2012	1221	1048	2245	4853	11582	16095	9200	3490	1107	3244	54085	5.7	5.891966349	0.191966349	1.838899173
Bullet Train	tt12593682	2022	4672	2850	4744	8797	21936	60588	148861	156014	64329	47769	520560	7.3	7.453108191	0.153108191	1.567613128
Bulletproof	tt0115783	1996	994	875	1887	3655	8434	12165	7677	3282	1080	2080	42129	5.8	5.903297016	0.103297016	1.837866773
Bulletproof Monk	tt0245803	2003	1472	1559	3374	6380	12416	13735	8175	3379	1077	2141	53708	5.5	5.58728681	0.08728681	1.863665551
Bullets Over Broadway	tt0109348	1994	585	267	388	696	2125	5154	12287	12627	5749	4149	44027	7.4	7.424353238	0.024353238	1.643351569
Bullitt	tt0062765	1968	435	278	572	1227	3382	9599	23789	24565	9157	7828	80832	7.4	7.495237035	0.095237035	1.48292257
Bully	tt0242193	2001	923	556	803	1318	3238	6920	12209	8993	3867	4077	42904	6.9	7.001818012	0.101818012	1.887593954
Bulworth	tt0118798	1998	836	406	664	1037	2258	4584	7288	5579	2896	2556	28104	6.8	6.897736977	0.097736977	2.011355304
Bumblebee	tt4701182	2018	3026	1828	3268	6616	17123	43051	66585	37394	11888	14579	205358	6.7	6.841223619	0.141223619	1.693555956
Buried	tt1462758	2010	4429	2198	2959	5037	11653	28398	56126	38852	14240	11417	175309	7	6.916535945	-0.083464055	1.818015807
Burlesque	tt1126591	2010	2275	1636	2657	4904	10122	18937	21934	15225	7360	13353	98403	6.4	6.833877016	0.433877016	2.092841622
Burn After Reading	tt0887883	2008	5347	3548	5540	10593	24263	59115	117924	92149	34301	19738	372518	7	7.022986809	0.022986809	1.661314467
Burning	tt7282468	2018	1249	636	1009	1773	3973	9252	20571	25024	13430	7534	84451	7.4	7.44119075	0.04119075	1.714427594
Burnt	tt2503944	2015	1272	929	1765	4485	12698	35448	49077	22498	6606	6467	141245	6.6	6.727246982	0.127246982	1.506311921
But I'm a Cheerleader	tt0179116	1999	987	670	879	1782	3662	7658	12301	9861	4999	7301	50100	6.9	7.17257485	0.27257485	1.991839065
Butch Cassidy and the Sundance Kid	tt0064115	1969	1906	1000	1195	2055	5394	14750	43859	79090	51257	37268	237774	8	8.011418406	0.011418406	1.512373629
Byzantium	tt1531901	2012	826	581	1054	2060	4991	11181	14032	8085	2757	2711	48278	6.5	6.63362194	0.13362194	1.74995971
C.R.A.Z.Y.	tt0401085	2005	441	161	209	384	901	2261	6216	10379	7148	6937	35037	7.8	8.02702857	0.22702857	1.664020272
C'mon C'mon	tt10986222	2021	594	334	490	867	1941	4777	10472	12370	6379	4124	42348	7.3	7.449749693	0.149749693	1.713636377
Cabaret	tt0068327	1972	872	487	631	1110	2660	5593	12031	16986	10790	12672	63832	7.8	7.816957012	0.016957012	1.820187304
Cabin Fever	tt0303816	2002	5268	3629	5082	8206	14889	19931	15432	7801	2863	4837	87938	5.6	5.676681298	0.076681298	2.195348996
Caché	tt0387898	2005	1868	1179	1548	2429	4837	10427	22446	23949	12610	8215	89508	7.3	7.258423828	-0.041576172	1.877382959
Caddo Lake	tt15552142	2024	564	364	675	1318	3641	9597	16861	11134	3930	3880	51964	6.8	7.036506043	0.236506043	1.629239804
Caddyshack	tt0080487	1980	1340	1132	1925	3600	8301	17566	32929	30882	16506	19251	133432	7.2	7.414285928	0.214285928	1.811325317
Café Society	tt4513674	2016	1251	689	1253	2785	8060	21672	28572	13349	3871	2830	84332	6.6	6.614274534	0.014274534	1.551668823
Cake	tt3442006	2014	847	516	832	1846	4534	9931	10820	5905	2199	2536	39966	6.4	6.559225342	0.159225342	1.811492246
Calendar Girls	tt0337909	2003	287	206	317	656	2153	5655	9853	6017	2086	2017	29247	6.9	7.009949738	0.109949738	1.582447754
Calibre	tt6218358	2018	422	236	421	913	2830	8045	13648	7485	2105	1386	37491	6.8	6.840308341	0.040308341	1.48642767
Caligula	tt0080491	1979	3305	2287	2954	4302	6787	7145	5636	3590	1650	3582	41238	5.3	5.567583297	0.267583297	2.483034782
Call Me by Your Name	tt5726616	2017	8967	2763	3677	5985	12085	27008	59426	88807	68374	75420	352512	7.8	7.85204759	0.05204759	1.967865204
Calvary	tt2234003	2014	655	398	635	1169	3008	7647	18678	20786	9350	5062	67388	7.4	7.430966938	0.030966938	1.565341005
Cam	tt8361028	2018	1308	1065	1791	3524	6895	10949	8400	3408	946	1038	39324	5.9	5.798850575	-0.101149425	1.835024386
Camp X-Ray	tt2994190	2014	1132	370	614	1181	3038	7524	12954	8636	3441	5278	44168	6.8	7.070435609	0.270435609	1.902209254
Can You Ever Forgive Me?	tt4595882	2018	611	277	425	910	2874	9789	22037	15012	4197	2246	58378	7.1	7.087807051	-0.012192949	1.414249301
Can't Buy Me Love	tt0092718	1987	531	304	641	1455	3748	9191	13128	7942	3276	5132	45348	6.8	7.034577049	0.234577049	1.766022195
Can't Hardly Wait	tt0127723	1998	908	686	1198	2627	6311	12573	14601	8757	3560	5682	56903	6.5	6.757077834	0.257077834	1.880601246
Candy	tt0424880	2006	504	275	448	884	2394	6510	14388	12703	5563	5872	49541	7.2	7.430027654	0.230027654	1.649988016
Candyman	tt0103919	1992	1440	1063	1955	4088	9996	23030	31106	19603	7731	8493	108505	6.7	6.8477766	0.1477766	1.754358404
Candyman	tt9347730	2021	5338	2477	3632	6466	13052	19654	16649	8498	2736	3850	82352	5.9	5.802979891	-0.097020109	2.143457745
Cannibal Holocaust	tt0078935	1980	5976	2599	3201	4719	8364	12038	11489	8104	3652	5965	66107	5.8	5.92182371	0.12182371	2.517124315
Cape Fear	tt0055824	1962	222	66	143	290	781	2698	8838	12969	5050	3295	34352	7.7	7.744934793	0.044934793	1.36627344
Cape Fear	tt0101540	1991	1671	1056	1824	3857	10226	30321	81197	70887	24117	14429	239585	7.3	7.323317403	0.023317403	1.435715093
Capernaum	tt8267604	2018	1959	510	538	815	1792	4051	13531	34405	34019	30269	121889	8.4	8.367752627	-0.032247373	1.633695931
Capitalism: A Love Story	tt1232207	2009	2537	500	451	688	1668	4629	11131	11409	5285	6199	44497	7.4	7.247679619	-0.152320381	2.193814462
Capote	tt0379725	2005	1786	726	1223	2372	6315	17783	45554	44077	17719	10647	148202	7.3	7.369016612	0.069016612	1.552059799
Capricorn One	tt0077294	1978	340	210	379	734	1975	5353	9211	5325	1724	1610	26861	6.8	6.906630431	0.106630431	1.613072863
Captain America: Brave New World	tt14513804	2025	13013	5389	8328	16110	32951	46031	30445	11139	3160	8304	174870	5.6	5.534757248	-0.065242752	2.115159334
Captain America: Civil War	tt3498820	2016	11976	3804	5507	10501	26978	73909	190332	280033	170835	141291	915166	7.8	7.844987685	0.044987685	1.643597251
Captain America: The First Avenger	tt0458339	2011	10963	5836	10534	22994	63469	176250	317304	199106	71562	78130	956148	6.9	7.070445161	0.170445161	1.626652405
Captain America: The Winter Soldier	tt1843866	2014	8350	3184	4503	9495	25678	79353	220755	300323	168963	140027	960631	7.7	7.848508949	0.148508949	1.535373807
Captain Corelli's Mandolin	tt0238112	2001	1086	794	1430	2793	6052	9606	8016	3932	1492	2008	37209	5.9	6.103577092	0.203577092	1.931758909
Captain Fantastic	tt3553976	2016	1757	893	1166	2163	5291	16542	52476	88137	48582	31485	248492	7.8	7.911385477	0.111385477	1.447750732
Captain Marvel	tt4154664	2019	34548	11166	15379	26776	56046	120158	174846	112267	43327	56418	650931	6.7	6.586688912	-0.113311088	2.159797295
Captain Phillips	tt1535109	2013	2170	1016	1491	2988	9296	34544	124507	199753	91357	48534	515656	7.8	7.856976356	0.056976356	1.283352771
Captain Underpants: The First Epic Movie	tt2091256	2017	1001	626	995	2090	4764	8908	8701	4551	1557	2825	36018	6.2	6.398023211	0.198023211	1.954105538
Captive State	tt5968394	2019	1526	1078	1692	3140	6509	10524	9430	5912	10150	10250	60211	6	7.044609789	1.044609789	2.277902988
Capturing the Friedmans	tt0342172	2003	798	583	180	318	868	2630	6706	9102	4577	2697	28459	7.6	7.442882744	-0.157117256	1.88621345
Cargo	tt3860916	2017	924	627	1244	2618	6490	14327	14549	6788	2029	2206	51802	6.3	6.394772403	0.094772403	1.693001938
Carlito's Way	tt0106519	1993	1115	485	746	1553	4588	15227	53224	93385	44937	30112	245372	7.9	7.947271897	0.047271897	1.332576141
Carnage	tt1692486	2011	1775	1090	1683	3273	7711	19856	42455	37597	14439	7805	137684	7.1	7.15950292	0.05950292	1.617745293
Carnival of Souls	tt0055830	1962	380	322	543	974	2150	4751	8528	6993	2990	3148	30779	7	7.142369798	0.142369798	1.795259275
Carol	tt2402927	2015	2362	997	1601	3226	8288	20826	40841	37308	18661	18241	152351	7.3	7.37224567	0.07224567	1.763122219
Carrie	tt0074285	1976	1636	1031	1811	3778	9558	27662	67721	63466	25975	22780	225418	7.4	7.458832036	0.058832036	1.545569062
Carrie	tt1939659	2013	4371	3476	6388	13050	27376	41480	29802	13818	5484	9505	154750	5.8	6.022688207	0.222688207	1.949927539
Carriers	tt0806203	2009	1115	973	1820	3861	9420	16291	11671	4511	1286	1845	52793	5.9	5.997386017	0.097386017	1.716228262
Carry-On	tt21382296	2024	3270	2389	3851	7742	19421	48771	59799	26126	7745	9362	188476	6.5	6.532534646	0.032534646	1.685391298
Cars	tt0317219	2006	3790	2613	4661	10251	26490	69618	152306	133131	57783	63795	524438	7.3	7.442916036	0.142916036	1.621989223
Cars 2	tt1216475	2011	4374	4623	7508	14969	32613	63666	60032	30895	12085	18715	249480	6.2	6.430896264	0.230896264	1.887570857
Cars 3	tt3606752	2017	2066	1120	2181	4903	13120	33474	45921	23553	8474	11312	146124	6.7	6.817237415	0.117237415	1.698859708
Casablanca	tt0034583	1942	9207	3000	3524	6010	12883	29407	80358	153822	160694	190641	649546	8.5	8.369559662	-0.130440338	1.706642194
Casanova	tt0402894	2005	789	508	1023	2380	6383	14860	16715	8062	3024	4186	57930	6.5	6.664008286	0.164008286	1.715976258
Case 39	tt0795351	2009	1525	1534	2894	5718	13557	27262	25428	11893	4010	4894	98715	6.2	6.338185686	0.138185686	1.746918795
Cashback	tt0460740	2006	1252	840	1238	2404	5743	13838	26073	24013	10514	8366	94281	7.1	7.222091408	0.122091408	1.726526392
Casino	tt0112641	1995	3883	1509	2140	3772	9715	28035	97206	207980	153401	103260	610901	8.2	8.189027355	-0.010972645	1.401444831
Casino Royale	tt0381061	2006	5829	2128	3152	5681	13700	40852	129423	263947	157840	112502	735054	8	8.052461452	0.052461452	1.453950256
Casino Royale	tt0061452	1967	2074	1940	2993	4585	7435	6496	4176	2096	912	1805	34512	5	5.264313862	0.264313862	2.196953334
Casper	tt0112642	1995	1516	1794	3901	9438	24757	46000	35612	17310	6149	11767	158244	6.2	6.414897247	0.214897247	1.75149387
Cassandra's Dream	tt0795493	2007	821	506	850	1958	4823	12563	18255	9607	2861	2940	55184	6.6	6.731987533	0.131987533	1.64226307
Cast Away	tt0162222	2000	2834	1879	2839	5769	15008	47940	159227	252822	117867	75421	681606	7.8	7.853573765	0.053573765	1.360047638
Castle in the Sky	tt0092067	1986	2456	735	810	1356	3473	10787	36019	66353	39846	33879	195714	8	8.043512472	0.043512472	1.556521468
Casualties of War	tt0097027	1989	595	261	495	988	2672	7956	18728	12372	3972	3176	51215	7.1	7.131309187	0.031309187	1.526646886
Cat on a Hot Tin Roof	tt0051459	1958	463	210	278	580	1418	3673	10359	19089	11028	9336	56434	7.9	7.991671687	0.091671687	1.533205237
Cat People	tt0034587	1942	201	136	278	688	1684	4276	8439	7277	2831	2463	28273	7.2	7.269585824	0.069585824	1.58472763
Cat People	tt0083722	1982	539	451	855	1831	3688	7093	6022	3216	1043	1454	26192	6.2	6.266684484	0.066684484	1.844145023
Cat's Eye	tt0088889	1985	411	301	666	1574	3969	8694	7957	3618	1123	1930	30243	6.3	6.459875012	0.159875012	1.709414235
Catch and Release	tt0395495	2006	865	699	1121	2138	4735	7666	6047	3129	1340	2189	29929	5.9	6.186641719	0.286641719	2.008979935
Catch Me If You Can	tt0264464	2002	3042	1649	2571	5075	14470	51343	210596	466702	288282	167810	1211540	8.1	8.167445565	0.067445565	1.227551728
Catch-22	tt0065528	1970	344	332	436	873	1934	4270	7735	6366	2997	2788	28075	7.1	7.160249332	0.060249332	1.79294405
Catfish	tt1584016	2010	1353	693	646	1071	2430	6539	14288	10723	3780	2761	44284	7.1	6.950027098	-0.149972902	1.857855554
Cats	tt5697572	2019	26758	7961	5531	3786	3367	2730	2320	1817	1014	3435	58719	2.8	3.097532315	0.297532315	2.748660631
Cats & Dogs	tt0239395	2001	2524	2868	4967	8892	15825	14258	8422	3500	1138	2792	65186	5.2	5.346516123	0.146516123	1.976244956
Catwoman	tt0327554	2004	28766	19687	20860	18987	16167	10193	5966	3104	1316	6172	131218	3.5	3.725243488	0.225243488	2.412944993
Caught Stealing	tt1493274	2025	752	433	753	1497	4174	12308	23501	13809	3607	2609	63443	6.9	6.905647589	0.005647589	1.504358319
Causeway	tt10192406	2022	644	250	364	807	2543	6894	8956	3842	1016	1019	26335	6.6	6.542813746	-0.057186254	1.643834003
Cedar Rapids	tt1477837	2011	660	568	993	2341	5470	11375	11350	5091	1536	1485	40869	6.3	6.327314101	0.027314101	1.672209206
Celal and Ceren	tt2610768	2013	29122	1172	1193	1270	1710	1775	1617	941	466	5388	44654	3.3	3.051148833	-0.248851167	3.250571411
Celebrity	tt0120533	1998	934	550	773	1613	3923	7533	7474	4049	1276	1521	29646	6.3	6.30850705	0.00850705	1.892278605
Celeste & Jesse Forever	tt1405365	2012	436	285	519	1191	3308	8578	10938	5825	1976	1932	34988	6.6	6.733880187	0.133880187	1.624169691
Cell	tt0775440	2016	3045	2659	4262	6272	7058	4884	2290	982	352	941	32745	4.5	4.498244007	-0.001755993	2.066022913
Cell 211	tt1242422	2009	545	186	323	622	1811	6058	19686	27707	10819	5687	73444	7.6	7.672185611	0.072185611	1.367385489
Cellular	tt0337921	2004	1306	1122	2061	4515	11657	28191	33838	15563	4971	6562	109786	6.5	6.621545552	0.121545552	1.659322333
Cemetery Man	tt0109592	1994	488	361	485	885	1714	3530	5909	5569	3087	3837	25865	7	7.269398801	0.269398801	1.998267394
Central Intelligence	tt1489889	2016	2595	2222	4424	10644	30498	68442	65578	28349	9241	12649	234642	6.3	6.484457173	0.184457173	1.629158061
Central Station	tt0140888	1998	912	252	243	392	988	2490	7005	13601	9320	14665	49868	8	8.261129382	0.261129382	1.771784917
Centurion	tt1020558	2010	1110	957	1932	4344	11097	24746	25726	11402	3504	4351	89169	6.3	6.465262591	0.165262591	1.647778558
Certified Copy	tt1020773	2010	442	311	501	839	1725	3645	6898	7340	3982	2961	28644	7.2	7.291998324	0.091998324	1.842843793
Cha Cha Real Smooth	tt14376344	2022	481	210	309	582	1366	3649	8160	8838	4015	3040	30650	7.3	7.413996737	0.113996737	1.702782435
Chain Reaction	tt0115857	1996	886	1160	2708	6223	14162	17923	10064	3468	1021	1649	59264	5.7	5.710735016	0.010735016	1.636355531
Chainsaw Man - The Movie: Reze Arc	tt30472557	2025	664	134	147	206	459	1179	3524	7191	8776	17740	40020	8.4	8.749275362	0.349275362	1.687573101
Chak De! India	tt0871510	2007	3340	596	474	633	1492	2977	9063	19459	19887	33282	91203	8.1	8.384855761	0.284855761	2.043901948
Chalet Girl	tt1487118	2011	521	353	717	1492	3448	7025	6474	3502	1519	2710	27761	6.3	6.586254097	0.286254097	1.921680815
Challengers	tt16426418	2024	5195	2466	3621	6152	13068	27959	45317	39461	17654	11683	172576	7	6.879954339	-0.120045661	1.948105554
Champions	tt15339570	2023	363	176	340	659	2277	7633	12688	6712	2103	2839	35790	6.8	7.023833473	0.223833473	1.552266093
Chandu Champion	tt27470893	2024	533	71	93	134	316	839	3162	4952	10305	15927	36332	7.8	8.859104921	1.059104921	1.571309736
Changeling	tt0824747	2008	2481	1005	1435	2852	7480	22243	62932	95763	46322	31147	273660	7.7	7.768976102	0.068976102	1.498844172
Changing Lanes	tt0264472	2002	920	682	1343	2999	8511	21753	24645	11162	2933	2458	77406	6.5	6.513319381	0.013319381	1.52970614
Chaos	tt0402910	2005	766	546	1119	2520	6751	16077	17865	8028	2689	3781	60142	6.4	6.597751987	0.197751987	1.671222135
Chaos Theory	tt0460745	2007	519	298	578	1297	3323	7947	10933	5671	2049	2310	34925	6.6	6.750866142	0.150866142	1.698760945
Chaos Walking	tt2076822	2021	2040	1643	2749	5207	11226	17482	12672	5041	1639	2932	62631	5.7	5.884082962	0.184082962	1.906904194
Chaplin	tt0103939	1992	435	223	320	761	2518	6729	18148	20673	8225	7102	65134	7.5	7.604538336	0.104538336	1.48530382
Chappie	tt1823672	2015	4644	3382	5883	10755	23051	49152	81328	57405	23698	22598	281896	6.8	6.917593723	0.117593723	1.823824762
Charade	tt0056923	1963	786	290	446	810	2115	6463	18612	31886	16804	13984	92196	7.8	7.936841078	0.136841078	1.505400822
Chariots of Fire	tt0082158	1981	966	599	856	1713	4295	10046	20690	16292	7281	7576	70314	7.1	7.250191996	0.150191996	1.749817378
Charlie and the Chocolate Factory	tt0367594	2005	8768	6553	10956	22403	51077	115681	164088	100135	38537	47171	565369	6.7	6.831050164	0.131050164	1.803571689
Charlie Bartlett	tt0423977	2007	778	458	774	1642	4263	11584	21836	14684	5910	6085	68014	6.9	7.142161908	0.242161908	1.658022826
Charlie Countryman	tt1196948	2013	754	467	828	1583	3411	6635	7602	4717	2091	2575	30663	6.3	6.616704171	0.316704171	1.964595343
Charlie St. Cloud	tt1438254	2010	1680	915	1618	3178	7173	14596	15818	9599	4197	7487	66261	6.4	6.711006474	0.311006474	2.016267464
Charlie Wilson's War	tt0472062	2007	1788	776	1225	2531	7152	20745	45647	32320	10794	6901	129879	7	7.095943147	0.095943147	1.549695857
Charlie's Angels	tt0160127	2000	6607	6020	10693	20455	42455	52822	35395	16549	5637	9180	205813	5.6	5.754947452	0.154947452	1.932795759
Charlie's Angels	tt5033998	2019	12808	4633	5988	8669	14133	14812	10131	5328	2171	5688	84361	5	5.028520288	0.028520288	2.575096338
Charlie's Angels: Full Throttle	tt0305357	2003	8416	7490	12422	21690	31882	25155	14910	7192	2640	6290	138087	5	5.115094107	0.115094107	2.120024067
Charlotte's Web	tt0413895	2006	881	579	1099	2463	6574	13855	12294	5889	2119	3750	49503	6.3	6.483021231	0.183021231	1.803313311
Chasing Amy	tt0118842	1997	2561	1376	2031	3530	7959	18935	37721	36063	18551	19002	147729	7.2	7.367957544	0.167957544	1.845085775
Chasing Liberty	tt0360139	2004	780	742	1505	3123	6453	10559	8325	4797	2119	3870	42273	6.1	6.370780404	0.270780404	1.984959461
Chasing Mavericks	tt1629757	2012	327	174	299	606	1888	4941	10880	8587	3727	4490	35919	7.1	7.416158579	0.316158579	1.639424476
Chasing the Wind	tt32730754	2025	3020	1210	707	528	660	819	882	1283	3291	14364	26764	5.9	7.756090271	1.856090271	3.274234672
Che: Part One	tt0892255	2008	1216	353	436	962	2458	6741	15523	12837	4703	4285	49514	7.1	7.196914004	0.096914004	1.758453696
Che: Part Two	tt0374569	2008	1252	426	434	861	2509	6707	12026	6721	2297	2996	36229	6.8	6.851417373	0.051417373	1.888693453
Cheaper by the Dozen	tt0349205	2003	2297	2165	4157	8836	20803	32061	22473	10780	3772	7946	115290	5.9	6.139144765	0.239144765	1.88597086
Cheaper by the Dozen 2	tt0452598	2005	1923	1826	3275	6863	14528	15967	9782	4945	1975	5257	66341	5.6	5.873788457	0.273788457	2.051265743
Chef	tt2883512	2014	1428	965	1573	3189	9452	31084	79553	72546	27764	20232	247786	7.3	7.442034659	0.142034659	1.442465541
Chehre	tt10309902	2021	3542	350	379	494	1058	1515	1548	1094	1439	17478	28897	6.2	7.926566772	1.726566772	3.178118181
Chennai Express	tt2112124	2013	6966	1753	1867	2939	5747	9000	11024	8096	5268	18593	71253	6.2	6.818547991	0.618547991	2.845876818
Chernobyl Diaries	tt1991245	2012	3646	3660	6299	10344	15686	14246	8354	3633	1326	3120	70314	5.1	5.202676565	0.102676565	2.077607164
Cherry	tt9130508	2021	988	547	840	1647	3574	7689	10976	7617	3215	4334	41427	6.6	6.885292201	0.285292201	1.95560309
Chhaava	tt27922706	2025	2626	411	466	595	1119	1990	3524	4217	4306	22137	41391	7.3	8.293807833	0.993807833	2.579848323
Chhapaak	tt9614460	2020	14315	706	375	336	504	750	924	856	937	8396	28099	5.4	4.659418485	-0.740581515	4.094289754
Chhichhore	tt9052870	2019	1008	232	241	402	888	2435	6273	11714	13766	34372	71331	8.3	8.805288023	0.505288023	1.671134629
Chicago	tt0299658	2002	5671	2993	4248	6958	15030	31965	62151	60532	33055	32063	254666	7.2	7.290376415	0.090376415	1.943078986
Chicken Little	tt0371606	2005	3050	2892	4933	9797	20826	29447	19524	8608	2995	5731	107803	5.7	5.875810506	0.175810506	1.921149667
Chicken Run	tt0120630	2000	2095	1528	2452	5003	13456	35565	73124	53047	20005	17083	223358	7.1	7.164766876	0.064766876	1.594708689
Chicken Run: Dawn of the Nugget	tt8337264	2023	422	265	543	1127	3482	8966	8307	3065	811	1489	28477	6.3	6.431611476	0.131611476	1.612609039
Child 44	tt1014763	2015	1499	844	1525	3453	8376	18701	23091	12145	4231	5358	79223	6.4	6.640950229	0.240950229	1.775799909
Child's Play	tt0094862	1988	1538	1209	2230	4677	12262	29947	38541	21088	7083	11551	130126	6.7	6.824877426	0.124877426	1.735096953
Child's Play	tt8663516	2019	2714	1909	3080	5579	10834	15445	11474	4894	1450	2664	60043	5.7	5.730693003	0.030693003	2.006091892
Child's Play 2	tt0099253	1990	1176	1197	2263	4925	11428	16260	11754	6409	2632	5457	63501	6	6.245051259	0.245051259	1.962738555
Child's Play 3	tt0103956	1991	1696	1966	3875	7126	12390	10344	6028	2687	1027	3488	50627	5.2	5.482963636	0.282963636	2.074721468
Children of Heaven	tt0118849	1997	1555	516	523	1115	2033	3999	11900	24694	20253	22185	88773	8.2	8.197920539	-0.002079461	1.767709716
Children of Men	tt0206634	2006	6480	3033	4378	7722	17095	44597	106149	165164	114527	91048	560193	7.9	7.881574743	-0.018425257	1.673547773
Children of the Corn	tt0087050	1984	1492	1718	3327	6642	12914	16252	10441	4481	1521	3313	62101	5.6	5.785945476	0.185945476	1.909504886
Chinatown	tt0071315	1974	3324	1197	1659	3081	7905	21764	64832	114064	86582	69115	373523	8.1	8.111554041	0.011554041	1.533310671
Chinese Zodiac	tt1424310	2012	760	544	901	1734	3569	6806	5461	2621	1027	2551	25974	6	6.318472318	0.318472318	2.055027809
Chip 'n Dale: Rescue Rangers	tt3513500	2022	1078	543	818	1304	3002	8085	16564	10989	3806	4208	50397	6.9	7.015258845	0.115258845	1.789442553
CHIPS	tt0493405	2017	1710	1231	1745	3248	7336	14965	12609	5964	1908	3033	53749	6	6.183296433	0.183296433	1.923396039
Chitty Chitty Bang Bang	tt0062803	1968	653	499	829	1750	4033	9329	14720	10151	4729	7792	54485	7	7.194750849	0.194750849	1.855522806
Chloe	tt1352824	2009	1222	1092	1971	4313	11287	23408	21946	9665	3255	3804	81963	6.2	6.365445384	0.165445384	1.690097987
Chocolat	tt0241303	2000	1478	995	1777	3651	9797	27918	62806	56006	24120	20656	209204	7.2	7.414896465	0.214896465	1.559603751
Choke	tt1024715	2008	692	490	824	1734	3909	8115	9728	5456	1803	1928	34679	6.4	6.533233369	0.133233369	1.798483258
Choose or Die	tt11514780	2022	1578	1795	3027	4962	6747	5380	2824	1101	360	702	28476	4.8	4.879477455	0.079477455	1.947099927
Chopper	tt0221073	2000	525	245	413	838	2206	6295	13420	11309	4657	4126	44034	7.1	7.312326838	0.212326838	1.630545312
Chor Nikal Ke Bhaga	tt22297828	2023	645	223	210	309	860	2213	4816	4902	13886	28082	56146	7.2	8.892120543	1.692120543	1.649507757
Christiane F.	tt0082176	1981	267	154	248	488	1136	3099	8543	10985	4745	4391	34056	7.5	7.688542401	0.188542401	1.559313942
Christine	tt0085333	1983	828	713	1404	3359	9019	22512	31821	17914	5805	7854	101229	6.8	6.884519258	0.084519258	1.631312661
Christmas with the Kranks	tt0388419	2004	2898	2590	3872	6156	11649	14144	10653	5555	2312	5205	65034	5.5	5.83227235	0.33227235	2.218731361
Christopher Robin	tt4575576	2018	772	373	672	1556	4239	12740	26473	23014	9794	10348	89981	7.2	7.428701615	0.228701615	1.600017487
Chronicle	tt1706593	2012	4083	2458	3924	7259	16982	43587	86894	66664	24589	18938	275378	7	7.075692321	0.075692321	1.685102372
Chungking Express	tt0109424	1994	1067	471	685	1212	2731	7072	19329	32746	23293	20025	108631	7.9	8.028619823	0.128619823	1.609074026
Chup	tt15654262	2022	813	199	192	297	656	1509	3411	5240	5260	9819	27396	7.5	8.272594539	0.772594539	2.043550871
Cinderella	tt0042332	1950	981	706	1394	3255	10020	28124	59878	42273	16106	22439	185176	7.3	7.37197585	0.07197585	1.568893881
Cinderella	tt1661199	2015	2672	1512	2596	5817	15821	38087	59795	37569	15890	23666	203425	6.9	7.094339437	0.194339437	1.775902335
Cinderella	tt10155932	2021	14282	3470	3319	3681	4370	4289	3723	2994	1642	8204	49974	4.4	4.808860608	0.408860608	3.324667438
Cinderella Man	tt0352248	2005	1906	626	760	1460	3780	11340	37656	74262	42706	33164	207660	8	8.051141289	0.051141289	1.47231514
Cinema Paradiso	tt0095765	1988	3847	1298	1439	2695	5686	12267	34396	74908	87411	89839	313786	8.5	8.441093612	-0.058906388	1.630961951
Circle	tt3118452	2015	2181	1843	2929	5329	11271	19416	16662	7655	2475	2293	72054	6	5.994115524	-0.005884476	1.859734892
Cirque du Freak: The Vampire's Assistant	tt0450405	2009	1519	1198	2024	3982	8016	12136	9144	4494	1780	5137	49430	5.8	6.193829658	0.393829658	2.122976361
Citizen Kane	tt0033467	1941	9435	3846	5000	7694	15170	29753	66675	113959	103559	135172	490263	8.2	8.11690664	-0.08309336	1.920709873
Citizenfour	tt4044364	2014	495	149	236	498	1122	3493	10821	20594	12867	9469	59744	8	8.051904794	0.051904794	1.469210663
City by the Sea	tt0269095	2002	481	473	699	1488	4227	8869	6809	2634	793	1076	27549	6.1	6.187411521	0.087411521	1.669617142
City Island	tt1174730	2009	285	135	218	373	1208	4158	10154	10306	3797	2663	33297	7.3	7.448659038	0.148659038	1.472848966
City Lights	tt0021749	1931	3939	1164	1263	2270	4269	8589	24232	52433	57549	58998	214706	8.5	8.332435982	-0.167564018	1.76602577
City of Angels	tt0120632	1998	2316	1721	2794	5420	12265	26344	36127	23510	10513	12746	133756	6.7	6.865149975	0.165149975	1.880773401
City of Ember	tt0970411	2008	798	612	1358	3154	8089	19024	21413	10201	3575	4312	72536	6.4	6.618713466	0.218713466	1.653377235
City of God	tt0317248	2002	11444	2809	3051	5003	10625	24878	81162	211824	277997	232806	861599	8.6	8.520644755	-0.079355245	1.550067142
City Slickers	tt0101587	1991	547	435	769	1936	5394	14521	23246	12587	4018	3655	67108	6.8	6.879865292	0.079865292	1.529448141
Civil War	tt17279496	2024	6973	3774	5218	8930	19410	42903	74247	61438	23110	14378	260381	7	6.849063488	-0.150936512	1.866509678
Clash of the Titans	tt0082186	1981	578	458	757	1645	3857	9241	15303	9984	3978	4977	50778	6.9	7.043227382	0.143227382	1.743988947
Clash of the Titans	tt0800320	2010	7462	7181	13454	26188	55516	82311	60923	26981	9118	14197	303331	5.8	5.949688624	0.149688624	1.869452098
Cleaner	tt0896798	2007	921	400	908	2402	7323	16857	12194	3992	966	1421	47384	6.1	6.162586527	0.062586527	1.543380638
Clear and Present Danger	tt0109444	1994	663	435	903	2148	6827	22568	45152	23792	7050	5646	115184	6.9	7.020827545	0.120827545	1.385652158
Cléo from 5 to 7	tt0055852	1962	210	103	188	347	931	2491	6599	10068	5728	4187	30852	7.8	7.848048749	0.048048749	1.516557483
Cleopatra	tt0056937	1963	546	322	562	1052	2605	6579	12525	8492	3547	4357	40587	7	7.162071599	0.162071599	1.747867551
Clerks	tt0109445	1994	3184	1646	2251	3714	8106	19422	47599	68909	40454	43948	239233	7.7	7.829931489	0.129931489	1.757021038
Clerks II	tt0424345	2006	2572	1350	1734	3325	7183	17610	34696	34591	17910	22894	143865	7.3	7.472832169	0.172832169	1.883681065
Click	tt0389860	2006	6764	6091	10470	20558	43633	84946	99295	56578	23061	30611	382007	6.4	6.601389503	0.201389503	1.894744206
Cliffhanger	tt0106582	1993	1610	1421	2802	6316	16792	39250	44168	20995	6153	7607	147114	6.5	6.56745789	0.06745789	1.624277804
Climax	tt8359848	2018	3189	1772	2274	3361	6086	11669	20373	20286	11491	8037	88538	6.9	6.958944182	0.058944182	2.126019924
Close	tt9660502	2022	500	200	255	471	1210	3337	9204	15069	9227	6818	46291	7.8	7.902702469	0.102702469	1.576957729
Close	tt5316540	2019	638	586	1110	2426	6207	8469	5428	2073	642	949	28528	5.7	5.837808469	0.137808469	1.727770489
Close Encounters of the Third Kind	tt0075860	1977	2179	1325	2286	4106	9435	23845	54994	67337	35044	30168	230719	7.6	7.62436557	0.02436557	1.660000974
Close-Up	tt0100234	1990	293	131	180	278	579	1520	3940	7109	5988	6265	26283	8.2	8.18841076	-0.01158924	1.670787222
Closer	tt0376541	2004	3786	2472	3687	6809	14724	34558	65732	62215	30039	25022	249044	7.1	7.253376913	0.153376913	1.796096497
Cloud Atlas	tt1371111	2012	7997	4467	6227	10522	21385	42808	78201	92685	61209	59402	384903	7.3	7.470092465	0.170092465	1.980233332
Clouds of Sils Maria	tt2452254	2014	740	482	732	1295	2904	5978	8899	6617	2575	2158	32380	6.7	6.777393453	0.077393453	1.879549122
Cloudy with a Chance of Meatballs	tt0844471	2009	2108	1570	2946	6851	19842	54237	97400	56871	19799	19372	280996	6.9	7.027861607	0.127861607	1.541532667
Cloudy with a Chance of Meatballs 2	tt1985966	2013	1535	1377	2510	5971	15527	34432	33582	15269	5436	8255	123894	6.3	6.526789029	0.226789029	1.713331706
Cloverfield	tt1060277	2008	12212	5916	8217	13819	28897	65081	121563	98581	45370	41166	440822	7	7.028961803	0.028961803	1.948840625
Clown	tt1780798	2014	841	829	1445	2825	5789	8101	5301	2248	655	1119	29153	5.7	5.757932288	0.057932288	1.859192681
Club Dread	tt0331953	2004	1338	1070	1784	3085	5499	7053	5651	3192	1246	2686	32604	5.7	5.954790823	0.254790823	2.194477973
Clue	tt0088930	1985	768	700	1237	2741	6603	15816	30912	27842	13887	20393	120899	7.3	7.549996278	0.249996278	1.730853046
Clueless	tt0112697	1995	2678	2202	3893	8427	20944	49866	77238	52744	23948	31777	273717	6.9	7.132567579	0.232567579	1.765271892
Coach Carter	tt0393162	2005	938	376	770	1746	6119	21742	61241	55949	21778	18536	189195	7.3	7.556605619	0.256605619	1.395973946
Cobain: Montage of Heck	tt4229236	2015	502	190	256	512	1282	3271	8113	10359	4820	3920	33225	7.5	7.583957863	0.083957863	1.677692925
Cobra	tt0090859	1986	2377	2295	3859	7518	15601	21482	15173	7390	2718	6479	84892	5.8	6.008764077	0.208764077	2.028764071
Cobweb	tt9100018	2023	941	869	1678	3505	8455	13418	9648	3945	1179	1777	45415	5.9	5.989056479	0.089056479	1.752459351
Cocaine Bear	tt14209916	2023	3865	3222	5393	9978	20847	33622	26189	11396	3436	6798	124746	5.9	5.978243791	0.078243791	1.938736541
Cocktail	tt0094889	1988	2153	2100	3581	7437	16999	26812	20862	9295	3180	4889	97308	5.9	6.069542073	0.169542073	1.843832559
Coco	tt2380307	2017	7160	1365	1942	3694	9508	29233	93644	198224	178541	167357	690668	8.4	8.361715035	-0.038284965	1.503559863
Coco Before Chanel	tt1035736	2009	404	257	507	1295	3660	10476	14116	7268	2691	2744	43418	6.6	6.849463356	0.249463356	1.574230578
Cocoon	tt0088933	1985	613	449	893	2097	6483	16991	24959	12111	3737	4229	72562	6.7	6.814351865	0.114351865	1.539599328
CODA	tt10366460	2021	1239	529	635	1290	3206	9690	30459	76806	44488	34414	202756	8	8.166096194	0.166096194	1.388491964
Code 8	tt6259380	2019	847	589	1222	2967	8623	18726	14743	5592	1503	2526	57338	6.1	6.274268374	0.174268374	1.61111332
Code Name: K.O.Z.	tt4458206	2015	22574	286	127	78	84	78	58	73	108	4124	27590	1.7	2.462087713	0.762087713	3.255699791
Coffee and Cigarettes	tt0379217	2003	933	703	1027	1790	4045	10209	21661	17000	7336	5649	70353	7	7.166716416	0.166716416	1.708367077
Coherence	tt2866360	2013	1931	1234	1806	3414	8457	23047	50549	45920	19766	12505	168629	7.2	7.28336763	0.08336763	1.616893246
Cold Creek Manor	tt0331468	2003	1388	1306	2259	3830	6597	5364	2787	1087	365	1061	26044	5.1	5.120795577	0.020795577	2.008964828
Cold in July	tt1179031	2014	434	285	552	1224	3166	8777	13909	7227	1980	1788	39342	6.7	6.784784708	0.084784708	1.541267582
Cold Mountain	tt0159365	2003	1653	994	1703	3247	8388	22128	49847	42919	17739	14470	163088	7.2	7.315547435	0.115547435	1.613115173
Cold Pursuit	tt5719748	2019	1793	1326	2410	4960	11974	24807	21990	8939	2590	3135	83924	6.2	6.200002383	0.000002383	1.71697046
Cold War	tt6543652	2018	621	377	562	1057	2468	6799	15756	20084	10918	6271	64913	7.5	7.584905951	0.084905951	1.59406545
Colette	tt5437928	2018	565	212	348	691	1936	6349	9864	5049	1524	1379	27917	6.7	6.788587599	0.088587599	1.626240133
Collateral	tt0369339	2004	2484	1213	2199	4919	14233	47330	136268	156588	60190	37177	462601	7.5	7.579724212	0.079724212	1.379185632
Collateral Beauty	tt4682786	2016	1982	1368	2086	3441	7788	19111	29935	21193	10046	11723	108673	6.8	7.040193976	0.240193976	1.886786747
Collateral Damage	tt0233469	2002	1944	1858	3901	8739	20369	23706	12051	4100	1154	2745	80567	5.5	5.60270334	0.10270334	1.721642664
Colombiana	tt1657507	2011	1716	1236	2380	5004	12355	28928	32232	16353	5702	7624	113530	6.4	6.612287501	0.212287501	1.742859491
Colonia	tt4005402	2015	669	346	602	1180	3158	8557	19090	14925	5572	5282	59381	7	7.258500194	0.258500194	1.615425505
Color of Night	tt0109456	1994	1258	1351	2312	3689	5935	5322	3663	1794	748	1223	27295	5.2	5.356805276	0.156805276	2.100397167
Color of Victory	tt29808429	2024	16650	199	66	56	128	258	310	242	431	22157	40497	6.1	6.153863249	0.053863249	4.38619392
Color Out of Space	tt5073642	2019	2303	1607	2507	4374	8300	14543	16024	8812	2806	2530	63806	6.1	6.151615836	0.051615836	1.968266658
Colors	tt0094894	1988	327	214	407	999	2703	7625	11375	5411	1588	1913	32562	6.7	6.804618881	0.104618881	1.555648396
Colossal	tt4680182	2016	2174	1486	2559	4632	10228	18821	19060	9200	2653	2290	73103	6.2	6.144946172	-0.055053828	1.829786432
Come and See	tt0091251	1985	3257	945	1109	1549	3054	5693	13971	28584	26332	35190	119684	8.3	8.183675345	-0.116324655	1.988842117
Coming 2 America	tt6802400	2021	5485	4094	5665	8865	16184	17109	10475	5093	2006	5480	80456	5.3	5.426879288	0.126879288	2.272285572
Coming Soon	tt3698408	2014	1537	255	399	678	1495	3884	7834	7241	3918	9807	37048	7.3	7.634231268	0.334231268	2.206266812
Coming to America	tt0094898	1988	1490	1302	2364	5199	14299	38318	76482	52898	21482	24075	237909	7.1	7.255005065	0.155005065	1.596455936
Commando	tt0088944	1985	1619	1624	3076	6746	17433	40771	53759	30430	11297	19158	185913	6.7	6.916546987	0.216546987	1.744931474
Companion	tt26584495	2025	1694	938	1651	3503	10396	32335	61040	33734	9367	7869	162527	6.9	6.944507682	0.044507682	1.483781599
Compliance	tt1971352	2012	1347	784	1123	1880	4158	9782	11752	6116	1796	1535	40273	6.4	6.356417451	-0.043582549	1.863354338
Con Air	tt0118880	1997	3204	2775	4760	9878	24878	64715	112810	67778	23220	22608	336626	6.9	6.957810745	0.057810745	1.614581558
Conan the Barbarian	tt0082198	1982	2016	1624	2899	6109	13599	30368	47249	31978	14883	21423	172148	6.9	7.10635035	0.20635035	1.838190201
Conan the Barbarian	tt0816462	2011	5378	4805	8264	14331	23620	22955	13335	5814	2123	4848	105473	5.2	5.312999535	0.112999535	2.065871276
Conan the Destroyer	tt0087078	1984	1458	1691	3304	7419	16826	25719	17472	7876	2802	5102	89669	5.9	6.071462824	0.171462824	1.814156469
Conclave	tt20215234	2024	3943	1268	1624	2971	7862	24622	88135	77237	25985	13521	247168	7.4	7.339918598	-0.060081402	1.500839021
Concussion	tt3322364	2015	1332	381	586	1415	4399	15142	38153	27331	8677	6846	104262	7.1	7.237833535	0.137833535	1.485524614
Coneheads	tt0106598	1993	2173	2283	4111	7580	13126	13168	9242	4591	1694	3523	61491	5.5	5.625668797	0.125668797	2.063796474
Confess, Fletch	tt12718300	2022	411	272	469	1015	2844	7602	8955	3483	850	860	26761	6.4	6.466611861	0.066611861	1.549174254
Confessions	tt1590089	2010	591	343	444	853	1642	3585	8511	13837	8530	6280	44616	7.7	7.745741438	0.045741438	1.735958966
Confessions of a Dangerous Mind	tt0270288	2002	1215	753	1140	2209	5963	15629	32190	23033	7879	5008	95019	7	7.04228628	0.04228628	1.58802327
Confessions of a Shopaholic	tt1093908	2009	2212	2067	3563	6818	14649	21668	17000	9243	3979	6808	88007	5.9	6.185814765	0.285814765	2.016995858
Confessions of a Teenage Drama Queen	tt0361467	2004	2636	2132	3408	5389	6597	5108	3178	1688	729	2498	33363	4.8	5.0835956	0.2835956	2.369284267
Confidence	tt0310910	2003	415	279	545	1194	3281	8172	12131	6511	2130	1572	36230	6.6	6.754512835	0.154512835	1.573264697
Congo	tt0112715	1995	2425	2434	4189	6903	11189	11102	7100	3061	1051	2415	51869	5.3	5.356301452	0.056301452	2.068942604
Conquest 1453	tt1783232	2012	5105	988	1177	1458	2598	3821	4818	4100	3712	32029	59806	6.4	7.901949637	1.501949637	2.929380995
Conquest of the Planet of the Apes	tt0068408	1972	712	546	1121	2572	6787	12584	8851	3874	1213	1844	40104	6.1	6.163973668	0.063973668	1.710907705
Conspiracy Theory	tt0118883	1997	1120	863	1588	3570	9722	25315	37873	19941	6714	6442	113148	6.7	6.821817443	0.121817443	1.586582643
Constantine	tt0360486	2005	3674	2785	5160	10480	25909	61993	120996	90881	39337	41803	403018	7	7.231016977	0.231016977	1.687273189
Contact	tt0118884	1997	2881	1814	2847	5508	13060	34245	76350	84765	46542	41592	309604	7.5	7.607201457	0.107201457	1.668389258
Contagion	tt1598778	2011	3138	2299	4298	9393	26841	74493	114820	60809	18253	14268	328612	6.8	6.806002215	0.006002215	1.516239294
Contempt	tt0057345	1963	549	400	566	981	1976	4302	8470	9888	5739	5718	38589	7.4	7.512192594	0.112192594	1.863747381
Contraband	tt1524137	2012	1277	927	1803	4613	14038	37285	41439	16659	4803	5945	128789	6.4	6.575980868	0.175980868	1.524126913
Control	tt0373981	2003	305	176	306	470	1016	2459	5625	8131	4798	4893	28179	7.6	7.80098655	0.20098655	1.729753781
Control	tt0421082	2007	492	253	381	792	2064	5761	16220	24482	12265	8479	71189	7.6	7.792861257	0.192861257	1.48213089
Conviction	tt1244754	2010	306	150	250	617	1806	6799	17075	12638	4547	3764	47952	7.2	7.358191525	0.158191525	1.421492128
Cool Hand Luke	tt0061512	1967	1974	872	997	1700	4427	11483	34256	63405	43733	33599	196446	8	8.048832758	0.048832758	1.559781347
Cool Runnings	tt0106611	1993	635	567	1107	2607	7496	21471	40756	24866	9483	11847	120835	7	7.198750362	0.198750362	1.560666138
Cool World	tt0104009	1992	1686	1698	2817	4157	5491	4502	2761	1325	654	1474	26565	4.9	5.088688123	0.188688123	2.2313411
Coolie No. 1	tt10280276	2020	46105	1485	798	619	562	1029	2780	2943	3826	14590	74737	4.2	3.830325006	-0.369674994	3.866357136
Cooties	tt2490326	2014	1080	774	1368	2912	5893	8369	5563	2514	722	1307	30502	5.7	5.792407055	0.092407055	1.907258644
Cop Car	tt3813310	2015	818	493	923	1971	4748	10710	10485	4238	1030	1053	36469	6.3	6.239710439	-0.060289561	1.66202423
Cop Land	tt0118887	1997	866	574	1048	2569	7120	20519	40833	25497	7881	7006	113913	7	7.066304987	0.066304987	1.493213922
Cop Out	tt1385867	2010	3422	3022	4963	9034	17892	23625	16024	7031	2562	4648	92223	5.5	5.743198551	0.243198551	1.997833322
Copshop	tt5748448	2021	960	620	1125	2315	5924	13376	12106	4846	1220	1535	44027	6.2	6.235968837	0.035968837	1.676945302
Copycat	tt0112722	1995	677	469	1051	2734	7967	21611	27612	13122	3963	4178	83384	6.6	6.726854073	0.126854073	1.51488158
Coraline	tt0327597	2009	2371	1081	1620	3073	7911	22761	63195	94978	50139	48953	296082	7.8	7.905836897	0.105836897	1.552386492
Coriolanus	tt1372686	2011	1670	1005	1460	2421	4419	6967	7188	5080	2002	2527	34739	6.1	6.214485161	0.114485161	2.208495047
Corpse Bride	tt0121164	2005	2003	1198	2155	4787	13250	39273	94274	91386	38006	38427	324759	7.4	7.541684757	0.141684757	1.535654343
Cosmopolis	tt1480656	2012	5385	3326	4197	6222	8611	8083	6753	4323	1937	3064	51901	5.1	5.221421553	0.121421553	2.475908675
Countdown	tt10039344	2019	1783	1868	3225	5904	11274	13398	8144	3223	1138	2024	51981	5.4	5.556684173	0.156684173	1.921027555
Couples Retreat	tt1078940	2009	3122	3521	6263	12342	26525	32638	19810	8580	2943	4730	120474	5.6	5.709704999	0.109704999	1.851057847
Courage Under Fire	tt0115956	1996	830	447	761	1749	5329	16071	21886	10110	3177	2687	63047	6.6	6.71909845	0.11909845	1.534145581
Cowboy Bebop: The Movie - Knockin' on Heaven's Door	tt0275277	2001	634	261	274	467	1328	3891	11096	18674	10566	9590	56781	7.8	7.958472024	0.158472024	1.582664525
Cowboys & Aliens	tt0409847	2011	4732	4441	8365	17985	39831	69314	56381	23243	6963	9162	240417	6	6.075219306	0.075219306	1.746895163
Cowspiracy: The Sustainability Secret	tt3302820	2014	593	170	165	275	620	1407	3424	6516	5667	8428	27265	8.1	8.268806162	0.168806162	1.873952364
Coyote Ugly	tt0200550	2000	3865	3719	6532	11529	22232	30219	23435	12423	4962	8551	127467	5.8	5.986537692	0.186537692	2.05414237
Cradle 2 the Grave	tt0306685	2003	1086	1043	2255	4239	9298	13652	8892	3893	1286	2849	48493	5.8	5.954405791	0.154405791	1.882839224
Crank	tt0479884	2006	4680	3042	4629	8469	19680	47413	86679	55183	21926	23786	275487	6.9	6.986957642	0.086957642	1.785103464
Crank: High Voltage	tt1121931	2009	5645	3986	5781	10492	21466	40531	38086	19896	7996	12203	166082	6.1	6.28128274	0.18128274	2.041391042
Crash	tt0375679	2004	12043	4394	5570	8748	16353	35414	83313	130652	88067	75510	460064	7.7	7.700867705	0.000867705	1.949557344
Crash	tt0115964	1996	3010	1928	2879	4614	8142	13443	14977	11323	5359	6003	71678	6.4	6.403791958	0.003791958	2.214384412
Crawl	tt8364368	2019	2161	1906	3312	6415	14389	28493	25975	11277	3236	4324	101488	6.1	6.196565111	0.096565111	1.775278216
Crazy Heart	tt1263670	2009	822	414	656	1499	4276	13721	34031	28261	9322	5449	98451	7.2	7.272785447	0.072785447	1.432475665
Crazy Rich Asians	tt3104988	2018	3511	2084	3285	5959	14337	35101	61932	43396	17678	19197	206480	6.9	7.048745641	0.148745641	1.792632027
Crazy, Stupid, Love.	tt1570728	2011	3093	2136	3561	7710	21722	69620	182159	187865	74804	54828	607498	7.4	7.53050545	0.13050545	1.438557452
Crazy/Beautiful	tt0250224	2001	551	322	585	1331	3017	6115	6974	4038	1615	2678	27226	6.4	6.702637185	0.302637185	1.912700298
Creature from the Black Lagoon	tt0046876	1954	259	208	418	995	2885	7099	12360	7460	2680	3599	37963	6.9	7.092116008	0.192116008	1.615337869
Creed	tt3076658	2015	2145	837	1455	2797	9009	30724	92331	111544	46378	33105	330325	7.6	7.676930296	0.076930296	1.410295727
Creed II	tt6343314	2018	1774	717	1243	2600	8026	26082	58453	41529	14113	13292	167829	7.1	7.241293221	0.141293221	1.526553488
Creed III	tt11145118	2023	2123	819	1378	2868	8295	22910	34424	18468	6079	7794	105158	6.7	6.843654311	0.143654311	1.720320785
Creep	tt2428170	2014	2056	1546	2281	4045	8666	18533	23028	12869	4444	4045	81513	6.3	6.468820924	0.168820924	1.862689437
Creep	tt0381966	2004	1363	1210	1961	3404	6302	8518	6094	2667	854	1483	33856	5.6	5.683187618	0.083187618	2.002655676
Creep 2	tt3654796	2017	788	537	844	1730	4252	9747	11452	5842	1865	1877	38934	6.4	6.511301176	0.111301176	1.744753944
Creepshow	tt0083767	1982	707	504	947	1781	4692	11161	16579	10573	4016	6169	57129	6.8	7.011797861	0.211797861	1.781512287
Creepshow 2	tt0092796	1987	511	515	992	2229	4844	8332	6488	3182	1091	2326	30510	6.1	6.279777122	0.179777122	1.87768685
Crew	tt21383812	2024	1508	391	541	939	2063	3210	2529	1876	6168	20085	39310	5.8	8.301119308	2.501119308	2.436695784
Cries & Whispers	tt0069467	1972	876	393	444	758	1311	2869	6133	10369	7644	8557	39354	7.9	7.878335112	-0.021664888	1.958826228
Crimea	tt6990206	2017	4698	198	72	98	172	331	3058	3226	21677	208	33738	3.4	7.497035983	4.097035983	2.779302457
Crimes and Misdemeanors	tt0097123	1989	936	332	417	714	1779	4827	12567	19244	11421	10628	62865	7.8	7.86692118	0.06692118	1.693877287
Crimes of the Future	tt14549466	2022	2536	1689	2422	4153	7578	10065	8971	5299	1839	1682	46234	5.8	5.76701129	-0.03298871	2.118686772
Criminal	tt3014866	2016	1234	787	1601	3616	8905	20564	21134	9620	3034	3867	74362	6.3	6.466447917	0.166447917	1.69576059
Crimson Peak	tt2554274	2015	2129	1743	3276	7189	17928	41326	49738	26064	9081	9501	167975	6.5	6.639154636	0.139154636	1.684086618
Crimson Tide	tt0112740	1995	876	404	742	1639	4820	15885	44783	40907	14829	9634	134519	7.4	7.436971729	0.036971729	1.402684493
Critters	tt0090887	1986	677	688	1474	3060	6846	12395	9175	4266	1213	2447	42241	6.1	6.180133046	0.080133046	1.789214105
Crocodile Dundee	tt0090555	1986	1118	1055	1940	4546	12390	30270	39187	19283	6213	7178	123180	6.7	6.714336743	0.014336743	1.604443253
Crocodile Dundee II	tt0092493	1988	1230	1555	2999	6673	14608	17075	10450	4811	1685	2843	63929	5.7	5.799433747	0.099433747	1.819747433
Crocodile Dundee in Los Angeles	tt0231402	2001	1368	1463	2725	4741	6754	4987	2630	1094	443	1137	27342	4.8	5.034159901	0.234159901	2.019709173
Cronos	tt0104029	1992	395	304	582	1212	3265	8184	12085	6198	2002	1725	35952	6.7	6.744353583	0.044353583	1.588053732
Crooked House	tt1869347	2017	421	269	549	1234	3624	8702	8816	3891	1322	1314	30142	6.3	6.494326853	0.194326853	1.611421712
Cross of Iron	tt0074695	1977	361	186	309	528	1329	3444	8132	9063	4186	3694	31232	7.4	7.528272285	0.128272285	1.663650179
Crossing Over	tt0924129	2009	586	242	400	850	2046	5352	8307	4520	1468	1604	25375	6.7	6.761497537	0.061497537	1.754596067
Crossroads	tt0275022	2002	12099	5291	4821	4718	5176	4095	2891	1855	855	5251	47052	3.9	4.287766726	0.387766726	2.982901115
Crouching Tiger, Hidden Dragon	tt0190332	2000	5537	2059	2532	4107	8861	21044	51526	85591	58117	52989	292363	7.9	7.875829021	-0.024170979	1.807785837
Cruel Intentions	tt0139134	1999	2998	2406	4003	7863	18143	40088	60349	39705	18462	24110	218127	6.8	7.013597583	0.213597583	1.849404457
Cruella	tt3228774	2021	3591	1868	2603	4572	11183	32166	78537	81671	36442	38969	291602	7.3	7.555263681	0.255263681	1.680927773
Cruising	tt0080569	1980	722	469	952	1740	3545	7609	8179	4664	1586	2011	31477	6.5	6.47469581	-0.02530419	1.8763659
Cry Macho	tt1924245	2021	1103	1049	1806	3291	7042	9985	6398	2688	959	1866	36187	5.7	5.816563959	0.116563959	1.933212724
Cry Wolf	tt0384286	2005	989	804	1337	2487	4938	6986	5471	2894	1196	2539	29641	5.8	6.098478459	0.298478459	2.115551483
Cry-Baby	tt0099329	1990	1445	1215	1823	3373	7481	13905	15771	9812	4435	8953	68213	6.5	6.773034466	0.273034466	2.063198831
Cube	tt0123755	1997	2957	2014	3386	6392	15045	38714	77207	69102	26256	18531	259604	7.1	7.184400086	0.084400086	1.641466588
Cube Zero	tt0377713	2004	1330	1368	2687	4580	8733	11636	7586	3417	1190	1867	44394	5.6	5.715772402	0.115772402	1.925700846
Cube²: Hypercube	tt0285492	2002	2390	2668	4544	7974	14734	18599	11781	5435	1915	2637	72677	5.5	5.614843761	0.114843761	1.935054791
Cuckoo	tt12349832	2024	1306	922	1701	3236	6379	8732	6124	2565	729	1020	32714	5.7	5.674420737	-0.025579263	1.897885752
Cujo	tt0085382	1983	1014	987	2053	3946	8989	15822	12138	5633	1587	2919	55088	6.1	6.141283038	0.041283038	1.802355912
Culpa Mía	tt21909764	2023	1865	1040	1483	2333	4230	6776	6959	4860	2867	9776	42189	6.1	6.89013724	0.79013724	2.507993224
Cult of Chucky	tt3280262	2017	1810	1494	2360	4064	7232	6790	4455	2142	755	2470	33572	5.3	5.506076492	0.206076492	2.21717001
Cumali Ceber	tt7221896	2017	34849	297	168	77	148	78	90	62	59	4101	39929	1	2.006812091	1.006812091	2.776216302
Cure	tt0123948	1997	299	183	309	570	1561	3961	8892	10385	5690	3903	35753	7.5	7.579979302	0.079979302	1.602955402
Curse of Chucky	tt2230358	2013	1860	1591	2644	4494	8617	10781	7620	3839	1433	4303	47182	5.6	5.906913654	0.306913654	2.191801174
Curse of the Golden Flower	tt0473444	2006	862	437	726	1436	3325	7527	14433	10200	4279	4038	47263	7	7.044982333	0.044982333	1.786771242
Cursed	tt0257516	2005	1957	1852	3292	5269	8293	7167	4409	1965	770	2129	37103	5.1	5.27943832	0.17943832	2.150305788
Cuties	tt9196192	2020	23027	833	661	692	957	1618	1901	1402	606	1517	33214	3.6	2.682121997	-0.917878003	2.852688714
Cutthroat Island	tt0112760	1995	1093	1043	1744	3133	5751	7925	6137	2912	1122	1875	32735	5.7	5.876004277	0.176004277	2.033594715
Cyborg	tt0097138	1989	1850	1919	3043	5025	7802	6395	4203	2212	1122	3029	36600	5.1	5.459071038	0.359071038	2.297254038
Cypher	tt0284978	2002	479	337	567	1198	2859	6291	9806	6683	2616	2156	32992	6.7	6.877333899	0.177333899	1.734949661
Cyrano de Bergerac	tt0099334	1990	435	215	284	472	1198	2787	6379	7357	4018	4165	27310	7.5	7.603002563	0.103002563	1.799070007
Cyrus	tt1336617	2010	853	645	1052	2181	4776	10281	10524	4674	1254	1205	37445	6.3	6.248764855	-0.051235145	1.730120467
D-Tox	tt0160184	2002	971	1001	1964	3897	7713	7726	4031	1572	529	1428	30832	5.3	5.488064349	0.188064349	1.898426236
D2: The Mighty Ducks	tt0109520	1994	792	800	1583	3223	7190	11507	9062	4736	2090	4303	45286	6.1	6.363710639	0.263710639	1.974790452
D3: The Mighty Ducks	tt0116000	1996	897	929	1812	3688	6560	6539	4308	2079	779	2458	30049	5.5	5.769110453	0.269110453	2.098084795
Da 5 Bloods	tt9777644	2020	2408	1395	1974	3299	6293	11759	14469	9835	3229	2455	57116	6.5	6.301369143	-0.198630857	2.035909497
Dabangg	tt1620719	2010	4247	950	1036	1575	3040	5331	6238	4160	2807	7750	37134	6.3	6.529056929	0.229056929	2.850818916
Daddy Day Care	tt0317303	2003	1750	2072	3931	7561	16026	20951	13642	6135	2062	4274	78404	5.7	5.862443243	0.162443243	1.897167103
Daddy's Home	tt1528854	2015	2148	1850	3467	7488	18739	41783	36543	14995	4512	6525	138050	6.2	6.318094893	0.118094893	1.682427941
Daddy's Home 2	tt5657846	2017	1773	1504	2829	5814	13767	27049	20868	9629	3271	5122	91626	6	6.236439439	0.236439439	1.798971287
Dallas Buyers Club	tt0790636	2013	2516	1066	1380	2663	7288	26330	104789	225113	118565	54143	543853	7.9	8.010991941	0.110991941	1.249831958
Damien: Omen II	tt0077394	1978	483	427	892	2178	5706	11720	10211	4462	1465	2206	39750	6.2	6.389761006	0.189761006	1.677503737
Damsel	tt13452446	2024	3819	2540	3972	7167	15460	29377	27456	13564	4842	8508	116705	6.1	6.275712266	0.175712266	2.003684155
Dan in Real Life	tt0480242	2007	1606	1084	1798	3602	8861	22158	35099	20695	8017	7531	110451	6.8	6.87675983	0.07675983	1.708945004
Dancer in the Dark	tt0168629	2000	2851	1177	1475	2185	4057	7624	17281	31711	26598	27930	122889	7.9	7.956253204	0.056253204	1.968683472
Dances with Wolves	tt0099348	1990	2860	1355	2108	3485	7865	19055	53179	98971	63850	54223	306951	8	8.015579034	0.015579034	1.592284194
Dangal	tt5074352	2016	7838	1227	1143	1958	3861	8298	26517	57961	56089	73368	238260	8.3	8.303676656	0.003676656	1.954518963
Dangerous Animals	tt32299316	2025	524	307	560	1193	3283	8460	9190	3658	920	1351	29446	6.4	6.457549412	0.057549412	1.634452853
Dangerous Liaisons	tt0094947	1988	746	403	671	1254	3088	7857	19039	23721	11969	10549	79297	7.5	7.659999748	0.159999748	1.631843065
Dangerous Minds	tt0112792	1995	743	593	1149	2614	6734	14538	16480	9171	3378	5178	60578	6.5	6.729175608	0.229175608	1.770080074
Danny Collins	tt1772288	2015	307	142	278	588	1869	6045	12887	8072	2488	2019	34695	7	7.112235192	0.112235192	1.45671147
Dante's Peak	tt0118928	1997	1295	1406	3072	7401	18593	31784	23937	10408	3340	5029	106265	6.1	6.189893192	0.089893192	1.688541951
Dara of Jasenovac	tt10554232	2020	3855	263	178	206	366	586	993	1270	1557	73011	82285	8	9.385902655	1.385902655	2.057383858
Daredevil	tt0287978	2003	10158	10303	18107	30702	51184	52502	35076	15507	5369	10428	239336	5.3	5.435931076	0.135931076	2.035754902
Dark Blue	tt0279331	2002	329	208	384	843	2403	6360	8763	3843	1011	1257	25401	6.6	6.661076336	0.061076336	1.575266584
Dark City	tt0118929	1998	1885	1153	1868	3598	8359	22009	51309	69637	37066	27369	224253	7.5	7.676949695	0.176949695	1.602465332
Dark Places	tt2402101	2015	714	580	1216	2963	7138	15214	13569	5238	1397	1557	49586	6.2	6.239220748	0.039220748	1.595549191
Dark Shadows	tt1077368	2012	4885	4374	8622	18643	41757	77889	71793	33654	11723	19249	292589	6.2	6.356937547	0.156937547	1.819521429
Dark Skies	tt2387433	2013	1259	1045	2030	4413	10638	21839	22560	11193	4099	5109	84185	6.3	6.494743719	0.194743719	1.757796889
Dark Star	tt0069945	1974	802	677	1096	1897	3569	6372	6750	4216	1941	2548	29868	6.1	6.462970403	0.362970403	2.064938688
Dark Water	tt0308379	2002	501	400	680	1433	3324	7929	11404	6781	2485	2199	37136	6.7	6.77773589	0.07773589	1.703127846
Dark Water	tt0382628	2005	1979	1712	3145	6596	14562	17130	10783	6166	2552	2977	67602	5.6	5.833540428	0.233540428	1.924184788
Dark Waters	tt9071322	2019	653	207	287	631	2093	8982	34650	45345	15915	10814	119577	7.6	7.739732557	0.139732557	1.284215785
Darkest Hour	tt4555426	2017	2141	1228	1158	2497	7393	24731	74740	79073	30647	16756	240364	7.4	7.499280258	0.099280258	1.435964211
Darkman	tt0099365	1990	980	836	1690	3614	8862	19992	21316	10226	2823	3630	73969	6.4	6.477943463	0.077943463	1.665642658
Darkness Falls	tt0282209	2003	2079	2112	3190	5106	7368	6403	4013	2130	811	1970	35182	5	5.22099369	0.22099369	2.212848659
Darr	tt0109555	1993	1179	123	158	250	622	1475	3712	4773	3011	11589	26892	7.6	8.255838167	0.655838167	2.223650629
Das Boot	tt0082096	1981	3910	1153	1526	2606	5508	12082	35971	77767	77242	67778	285543	8.4	8.293465433	-0.106534567	1.642756359
Dasvi	tt14107554	2022	1193	175	168	333	748	1668	3439	5739	15382	33689	62534	7.3	8.994147184	1.694147184	1.694070374
Date Movie	tt0466342	2006	23301	10697	8241	5953	5047	3520	2214	1290	621	3159	64043	2.8	3.163218463	0.363218463	2.514244971
Date Night	tt1279935	2010	2187	1761	3384	8474	23254	53417	50705	21112	6692	7464	178450	6.3	6.417640796	0.117640796	1.59527639
Dave	tt0106673	1993	473	308	637	1599	4647	11831	19240	12251	4631	4128	59745	6.9	7.017557955	0.117557955	1.572000877
Dawn of the Dead	tt0077402	1978	2041	901	1229	2104	4582	10532	24412	38068	22308	29302	135479	7.8	7.90726238	0.10726238	1.808211643
Dawn of the Dead	tt0363547	2004	3164	1562	2669	5303	13103	36905	85529	78773	30419	28771	286198	7.2	7.382371645	0.182371645	1.619083225
Dawn of the Planet of the Apes	tt2103281	2014	3479	1886	2996	6172	16044	48964	132586	168804	76602	50364	507897	7.6	7.652187353	0.052187353	1.472649867
Day for Night	tt0070460	1973	387	133	160	301	728	1847	4703	8508	4942	4404	26113	8	7.910312871	-0.089687129	1.678397207
Day of the Dead	tt0088993	1985	1019	619	1124	2046	5073	11768	22497	17413	7828	9635	79022	7.1	7.255840146	0.155840146	1.781828128
Day Shift	tt13314558	2022	1711	1335	2613	5517	14322	29770	24717	10116	2892	4973	97966	6.1	6.269756854	0.169756854	1.71366929
Day Watch	tt0409904	2006	1413	760	1152	1859	3576	6636	8578	5847	2773	3600	36194	6.4	6.611593082	0.211593082	2.166307969
Daybreakers	tt0433362	2009	1724	1451	2790	6342	16208	37695	42953	18965	5667	6365	140160	6.4	6.511258562	0.111258562	1.62041604
Daylight	tt0116040	1996	1278	1224	2864	6320	15708	24738	16623	6465	1932	3489	80641	6	6.01338029	0.01338029	1.703384829
Days of Being Wild	tt0101258	1990	256	148	204	477	1108	3052	7460	8550	3959	2849	28063	7.4	7.542493675	0.142493675	1.576286619
Days of Heaven	tt0077405	1978	669	333	589	1020	2584	6321	14109	18998	11807	11431	67861	7.7	7.800474499	0.100474499	1.687720359
Days of Thunder	tt0099371	1990	1859	1597	3262	6997	16760	29335	24146	11135	3648	5247	103986	6.1	6.212769027	0.112769027	1.773042367
Dazed and Confused	tt0106677	1993	2203	1373	2046	3721	8563	21012	47874	58991	32009	36310	214102	7.6	7.721016151	0.121016151	1.725745427
DC League of Super-Pets	tt8912936	2022	1222	502	791	1484	4158	10487	16263	12700	14383	17407	79397	6.8	7.723276698	0.923276698	1.927685004
Dead Again	tt0101669	1991	499	309	569	1055	2374	5501	8944	6448	3077	2935	31711	6.8	7.037147993	0.237147993	1.814586121
Dead Alive	tt0103873	1992	2359	1267	1692	2544	4948	10553	22359	28789	15625	18802	108938	7.4	7.560933742	0.160933742	1.970858174
Dead Calm	tt0097162	1989	468	333	570	1369	3749	10159	16655	8994	2620	2400	47317	6.8	6.8503075	0.0503075	1.537033526
Dead End	tt0308152	2003	939	642	983	1779	3445	7104	9553	5739	2190	2902	35276	6.4	6.623483388	0.223483388	1.978574868
Dead Man	tt0112817	1995	1417	963	1335	2254	4976	10481	21895	28383	17611	18834	108149	7.5	7.686599044	0.186599044	1.835778208
Dead Man Down	tt2101341	2013	784	546	1134	2693	7480	19947	23299	9571	2750	3465	71669	6.4	6.588525025	0.188525025	1.557011317
Dead Man Walking	tt0112818	1995	1239	549	824	1464	3905	10679	29450	34615	14846	9932	107503	7.5	7.537166405	0.037166405	1.565174341
Dead Man's Shoes	tt0419677	2004	625	343	501	926	2153	5454	13003	18568	11282	9574	62429	7.5	7.798459049	0.298459049	1.65770959
Dead Men Don't Wear Plaid	tt0083798	1982	322	220	420	894	2170	4938	7702	4842	2086	1958	25552	6.8	6.93018159	0.13018159	1.726465608
Dead Poets Society	tt0097165	1989	3162	1798	2749	5115	11845	32507	101180	203358	147190	123687	632591	8.1	8.198719236	0.098719236	1.447261495
Dead Presidents	tt0112819	1995	418	239	336	763	1934	4954	7886	5244	1977	2502	26253	6.9	7.020797623	0.120797623	1.763205163
Dead Ringers	tt0094964	1988	804	515	739	1607	3540	8254	15917	14843	6742	5204	58165	7.2	7.230877676	0.030877676	1.739847913
Dead Silence	tt0455760	2007	2474	2092	3769	7023	14115	25374	24734	13897	5575	8740	107793	6.1	6.40825471	0.30825471	1.982886873
Dead Snow	tt1278340	2009	1704	1453	2347	4288	8890	16887	18872	10290	3641	4224	72596	6.3	6.391646923	0.091646923	1.900705821
Dead Snow 2: Red vs. Dead	tt2832470	2014	542	308	516	969	2262	5181	8571	5545	2034	2326	28254	6.8	6.89817371	0.09817371	1.811762925
Deadfall	tt1667310	2012	545	510	899	2219	5890	12723	11837	4614	1252	1694	42183	6.2	6.32731195	0.12731195	1.605929667
Deadpool	tt1431045	2016	13407	5283	7363	12450	28275	79391	215782	381208	262796	232022	1237977	8	8.044660765	0.044660765	1.609418943
Deadpool & Wolverine	tt6263850	2024	8725	4274	6464	10764	23961	55333	111522	138560	88275	100430	548308	7.5	7.69537012	0.19537012	1.862893011
Deadpool 2	tt5463162	2018	6350	2957	4165	8271	22340	71632	190924	231331	107044	89424	734438	7.6	7.68490601	0.08490601	1.532291322
Dear John	tt0989757	2010	3387	2331	4029	8237	19596	38460	38475	22423	10221	15680	162839	6.3	6.628154189	0.328154189	1.947428296
Dear White People	tt2235108	2014	4627	585	661	1047	2164	4032	5150	3691	1498	3694	27149	6.1	6.003167704	-0.096832296	2.909643961
Dear Zachary: A Letter to a Son About His Father	tt1152758	2008	397	167	170	287	698	1687	4678	10887	12708	13119	44798	8.5	8.513884548	0.013884548	1.533669155
Dear Zindagi	tt5946128	2016	2889	467	505	746	1547	3316	6663	8176	6291	16469	47069	7.4	7.846162017	0.446162017	2.472922363
Death and the Maiden	tt0109579	1994	349	181	225	581	1350	3745	9192	7969	3117	1982	28691	7.2	7.28099404	0.08099404	1.573931789
Death at a Funeral	tt0795368	2007	1133	824	1204	2230	5539	15007	35700	35965	16317	13082	127001	7.3	7.46720892	0.16720892	1.609845915
Death at a Funeral	tt1321509	2010	3255	1757	2620	4707	9880	13612	10032	5028	2014	3657	56562	5.7	5.828524451	0.128524451	2.172254726
Death Becomes Her	tt0104070	1992	1437	1591	3187	6576	15020	33493	40462	24154	9509	13488	148917	6.7	6.805596406	0.105596406	1.782609773
Death Note	tt0758742	2006	724	281	484	697	1410	3069	6201	7921	4731	7612	33130	7.5	7.74114096	0.24114096	2.003423259
Death Note	tt1241317	2017	20173	8735	10145	11678	13842	13110	8415	4143	1514	3361	95116	4.5	4.225840027	-0.274159973	2.488351098
Death of a Unicorn	tt28443655	2025	1587	1001	1786	3834	8624	13688	10008	4007	1233	2471	48239	5.9	5.958871453	0.058871453	1.890007904
Death on the Nile	tt0077413	1978	254	142	248	493	1689	5646	15588	11509	3958	4213	43740	7.3	7.419181527	0.119181527	1.442982712
Death on the Nile	tt7657566	2022	4617	2422	4357	9628	25956	61142	59837	24259	6913	8246	207377	6.3	6.34247771	0.04247771	1.678941268
Death Proof	tt1028528	2007	6933	3993	5940	9984	21346	50156	97761	75699	31661	27637	331110	7	7.041705174	0.041705174	1.839463568
Death Race	tt0452608	2008	3035	2745	5273	11685	27706	58173	63687	30658	10553	13488	227003	6.4	6.517896239	0.117896239	1.728116891
Death Race 2000	tt0072856	1975	798	719	1491	2479	4630	8267	7492	4048	1353	2256	33533	6.2	6.230936689	0.030936689	1.965857522
Death Sentence	tt0804461	2007	1494	974	1647	3145	6522	14430	22876	14098	5348	6935	77469	6.7	6.848558778	0.148558778	1.864952093
Death to Smoochy	tt0266452	2002	1230	885	1397	2530	4860	8639	10173	7201	3275	4099	44289	6.3	6.609519294	0.309519294	2.071501348
Death Wish	tt0071402	1974	442	262	553	1145	3138	8321	16751	9337	3170	4381	47500	6.9	7.097136842	0.197136842	1.612375889
Death Wish	tt1137450	2018	1335	1085	1848	3851	9423	22204	23821	10497	3138	4891	82093	6.3	6.488580025	0.188580025	1.727221372
Deception	tt0800240	2008	804	735	1319	2886	6761	12680	9849	3989	1217	1821	42061	6	6.126292765	0.126292765	1.739441573
Decision to Leave	tt12477480	2022	667	398	658	1335	3448	9152	19738	18870	8071	4166	66503	7.3	7.283190232	-0.016809768	1.564448945
Deck the Halls	tt0790604	2006	1897	1897	2981	5148	8583	8264	4933	2265	784	2172	38924	5.1	5.373342925	0.273342925	2.116124817
Deconstructing Harry	tt0118954	1997	831	363	542	917	2335	5976	13878	13859	6430	5012	50143	7.3	7.386674112	0.086674112	1.72047349
Deep Blue Sea	tt0149261	1999	3202	3556	6299	12707	26365	40891	31464	14246	4484	7062	150276	5.9	6.004964199	0.104964199	1.846951017
Deep Cover	tt31121295	2025	453	245	475	954	2923	9550	14762	7011	2061	3670	42104	6.7	6.953496105	0.253496105	1.602012141
Deep Impact	tt0120647	1998	2920	2982	5452	12069	28866	57552	51384	24645	8285	9091	203246	6.3	6.324754239	0.024754239	1.711672173
Deep Red	tt0073582	1975	614	361	550	1014	2307	5131	10397	13065	6826	6529	46794	7.5	7.551951105	0.051951105	1.780175673
Deep Rising	tt0118956	1998	1056	944	1705	3224	6310	10964	9821	5247	1944	3177	44392	6.1	6.268652009	0.168652009	1.968347077
Deep Water	tt2180339	2022	3396	2560	4081	7541	14737	17317	11128	4460	1429	2723	69372	5.5	5.509095889	0.009095889	1.995256301
Deepwater Horizon	tt1860357	2016	1102	613	1069	2495	8343	30520	74153	50849	15213	12273	196630	7.1	7.251487565	0.151487565	1.368360024
Defendor	tt1303828	2009	491	340	564	1244	3129	7490	12251	7407	2712	2499	38127	6.7	6.893671152	0.193671152	1.673039004
Defiance	tt1034303	2008	1992	747	1144	2529	7144	22742	55309	43099	14585	11060	160351	7.1	7.253001229	0.153001229	1.526167131
Definitely, Maybe	tt0832266	2008	1510	933	1579	3506	9728	27460	56990	45495	18142	15520	180863	7.1	7.281229439	0.181229439	1.567368493
Deja Vu	tt0453467	2006	2203	1669	3056	6595	18672	55052	120970	80941	29534	24182	342874	7.1	7.194202535	0.094202535	1.491560495
Delhi Belly	tt1934231	2011	999	270	307	540	1196	2894	7247	9981	5755	5173	34362	7.6	7.626622432	0.026622432	1.916671331
Delicatessen	tt0101700	1991	1118	656	954	1562	3437	8491	20821	29172	15708	11732	93651	7.5	7.661274306	0.161274306	1.68168725
Deliver Us from Evil	tt2377322	2014	1545	1368	2655	5587	12055	23702	23210	11421	3884	5040	90467	6.2	6.370002321	0.170002321	1.793250845
Deliverance	tt0068473	1972	1098	561	779	1667	3954	11320	31613	44085	19242	13088	127407	7.6	7.667898938	0.067898938	1.509136161
Delivery Man	tt2387559	2013	1016	764	1585	3732	10506	24932	24995	10498	3203	4191	85422	6.3	6.485858444	0.185858444	1.604933571
Demolition	tt1172049	2015	1247	743	1355	2774	8089	21986	43429	31337	11041	8410	130411	7	7.119207736	0.119207736	1.551193718
Demolition Man	tt0106697	1993	1751	1761	3555	7632	18726	44583	64041	37255	12918	14669	206891	6.7	6.848403265	0.148403265	1.657382082
Demon Slayer: Kimetsu no Yaiba - The Movie: Mugen Train	tt11032374	2020	2207	606	492	760	1680	3995	11430	23643	20973	31633	97419	8.2	8.36126423	0.16126423	1.84535148
Demon Slayer: Kimetsu no Yaiba - Tsuzumi Mansion Arc	tt16492678	2021	1133	228	200	267	528	1049	2699	6115	9190	14006	35415	8.4	8.549315262	0.149315262	1.982384308
Demon Slayer: Kimetsu no Yaiba Infinity Castle	tt32820897	2025	1752	267	243	334	752	1803	4785	10324	13023	26407	59690	8.4	8.649572793	0.249572793	1.915945142
Demons	tt0089013	1985	574	406	730	1337	2913	6035	7588	4870	1951	2825	29229	6.6	6.759861781	0.159861781	1.927836873
Den of Thieves	tt1259528	2018	1381	785	1415	2886	8203	24496	55550	35493	11170	9789	151168	7	7.130775032	0.130775032	1.501820189
Den of Thieves: Pantera	tt8008948	2025	727	440	862	1884	5207	12630	11815	4620	1255	2335	41775	6.3	6.411825254	0.111825254	1.677704489
Dennis the Menace	tt0106701	1993	1624	1838	3570	7124	14183	16143	10929	5699	2315	5223	68648	5.7	5.93519112	0.23519112	2.029171875
Department Q: The Absent One	tt3140100	2014	177	88	165	380	1250	4112	11200	7431	2151	1593	28547	7.1	7.231127614	0.131127614	1.357322869
Department Q: The Keeper of Lost Causes	tt2438644	2013	181	76	166	376	1202	4730	13881	10159	3007	2093	35871	7.2	7.336204734	0.136204734	1.303673381
Departures	tt1069238	2008	579	216	272	525	1239	3058	9440	18263	13598	9928	57118	8	8.094050912	0.094050912	1.548594018
Derailed	tt0398017	2005	1110	809	1432	3049	7230	17926	25418	12947	4359	4334	78614	6.6	6.703627853	0.103627853	1.672374957
Dersu Uzala	tt0071411	1975	1026	185	197	332	792	1834	5176	10034	8271	8130	35977	8.2	8.075214721	-0.124785279	1.881809545
Desperado	tt0112851	1995	1521	1000	1828	3768	10839	31135	70549	51672	18078	16411	206801	7.1	7.249060691	0.149060691	1.517566195
Desperately Seeking Susan	tt0089017	1985	715	546	1001	2044	4504	7152	6008	3235	1145	2140	28490	6.2	6.24987715	0.04987715	1.965104368
Despicable Me	tt1323594	2010	2868	1672	2970	6466	18659	57735	166480	205309	87648	75404	625211	7.6	7.727623154	0.127623154	1.434561372
Despicable Me 2	tt1690953	2013	2996	2035	3291	7448	19978	60395	135980	119275	49292	53700	454390	7.3	7.473049583	0.173049583	1.567730331
Despicable Me 3	tt3469046	2017	2124	1939	3887	8956	24075	54914	46743	18952	6001	9391	176982	6.3	6.38529342	0.08529342	1.646088197
Despicable Me 4	tt7510222	2024	1173	961	1877	4229	10551	22163	17936	7572	2595	5870	74927	6.2	6.400336327	0.200336327	1.799226002
Destination Wedding	tt6987770	2018	1335	1070	1468	2671	5117	8526	7436	4370	1693	2368	36054	6	6.136156876	0.136156876	2.085998178
Destroyer	tt7137380	2018	1118	647	1101	2105	4743	9243	8077	4075	1172	1167	33448	6.2	6.118900981	-0.081099019	1.850208251
Detachment	tt1683526	2011	747	410	647	1240	3189	8738	24247	35775	19737	15306	110036	7.7	7.847095496	0.147095496	1.518329511
Detective Byomkesh Bakshy!	tt3447364	2015	525	183	185	307	712	1720	4065	6055	4347	7261	25360	7.6	8.090772871	0.490772871	1.908687221
Detroit	tt5390504	2017	1576	391	445	856	2211	6852	18572	18479	5885	3302	58569	7.3	7.224043436	-0.075956564	1.682669676
Detroit Rock City	tt0165710	1999	2088	469	644	1384	3202	7474	11590	7698	3058	5273	42880	6.8	6.863666045	0.063666045	2.140851626
Deuce Bigalow: European Gigolo	tt0367652	2005	5043	3844	5545	8716	11366	8943	5474	2660	1068	3137	55796	4.7	4.934009606	0.234009606	2.304178725
Deuce Bigalow: Male Gigolo	tt0205000	1999	2927	2681	4274	7396	14611	21589	16081	7552	2721	4534	84366	5.7	5.880283527	0.180283527	2.010005387
Dev.D	tt1327035	2009	984	257	290	454	878	1975	4951	9030	7704	7440	33963	7.9	7.980949857	0.080949857	1.957882561
Deva	tt27852049	2025	740	193	226	420	907	2030	3017	2779	4171	15037	29520	6.6	8.518258808	1.918258808	2.108768356
Devdas	tt0238936	2002	2154	518	541	852	1830	3644	7558	9873	6801	17828	51599	7.6	7.95778988	0.35778988	2.278933066
Devil	tt1314655	2010	2926	2615	4648	9689	21460	43171	44782	21003	6803	7804	164901	6.3	6.355006944	0.055006944	1.760596504
Devil in a Blue Dress	tt0112857	1995	356	193	276	757	2134	5998	9142	5038	1653	1604	27151	6.8	6.867923833	0.067923833	1.594377493
Devil's Knot	tt0804463	2013	429	311	635	1461	3880	8034	6449	2504	675	1022	25400	6.1	6.215511811	0.115511811	1.646458848
Devil's Pass	tt1905040	2013	897	851	1505	2862	5573	7765	5618	2637	947	1493	30148	5.7	5.867453894	0.167453894	1.950173316
Devotion	tt7693316	2022	847	324	462	959	2620	7354	10124	5208	1769	2352	32019	6.6	6.74330866	0.14330866	1.800459179
Dhamaka	tt13510660	2021	2682	630	597	904	1720	2760	3742	3179	3256	24422	43892	6.7	8.194181172	1.494181172	2.67061195
Dhoom 2	tt0441048	2006	1522	585	725	1260	2810	5448	7351	5125	2512	5246	32584	6.6	6.879756936	0.279756936	2.290618943
Dhoom 3	tt1833673	2013	7148	2435	2829	3943	6317	7131	6347	4375	2852	9585	52962	5.4	5.883369208	0.483369208	2.970638501
Dhurandhar	tt33014583	2025	11464	8873	4015	2099	1164	1688	2034	5837	13304	48628	99106	8.6	7.391570642	-1.208429358	3.487692789
Diabolique	tt0046911	1955	1846	422	534	777	1887	4035	12553	24142	15640	10886	72722	8.1	7.861059927	-0.238940073	1.797202169
Dial M for Murder	tt0046912	1954	1838	662	823	1263	3314	8964	33675	75902	47952	28426	202819	8.2	8.085070925	-0.114929075	1.429102669
Diamonds Are Forever	tt0066995	1971	1011	882	1831	4459	12076	32148	42156	16200	4500	5774	121037	6.5	6.628584648	0.128584648	1.514970468
Diary of a Wimpy Kid	tt1196141	2010	1396	962	1769	3424	8099	16827	16181	7800	2726	5704	64888	6.3	6.488426211	0.188426211	1.905933205
Diary of a Wimpy Kid: Dog Days	tt2023453	2012	713	453	694	1516	3979	8577	7916	3760	1586	4264	33458	6.3	6.680853608	0.380853608	1.981066452
Diary of a Wimpy Kid: Rodrick Rules	tt1650043	2011	792	467	703	1376	3635	8937	11267	6270	2578	5568	41593	6.6	6.949414565	0.349414565	1.923495709
Diary of the Dead	tt0848557	2007	2534	2093	3184	5190	8797	11305	8532	4362	1715	3121	50833	5.5	5.707158735	0.207158735	2.182114092
Dick Tracy	tt0099422	1990	1250	1285	2217	4790	10828	18354	15537	7942	2832	4338	69373	6.2	6.2712871	0.0712871	1.855526756
Did You Hear About the Morgans?	tt1314228	2009	2983	2249	3803	7130	10595	9008	4664	1982	666	1501	44581	4.9	5.023238599	0.123238599	2.031437117
Die Another Day	tt0246460	2002	4939	4545	8276	16121	35110	68785	58668	25023	7478	9504	238449	6.1	6.143045263	0.043045263	1.765832262
Die Hard	tt0095016	1988	5191	2345	3580	6849	17510	51940	174905	335290	236775	185459	1019844	8.2	8.177159448	-0.022840552	1.409015931
Die Hard 2	tt0099423	1990	2044	1676	2795	6813	20115	63834	148694	97912	32667	27979	404529	7.2	7.224597	0.024597	1.42877272
Die Hard with a Vengeance	tt0112864	1995	1850	1100	2037	4455	13095	42091	121212	143984	56587	41511	427922	7.6	7.643334533	0.043334533	1.391087963
Die My Love	tt9362736	2025	1220	703	1001	1794	3210	5463	10325	2920	959	1400	28995	6.1	6.204483532	0.104483532	1.973881127
Dil Bechara	tt8110330	2020	5355	706	779	1047	1944	3179	4766	4862	5073	109514	137225	8.3	9.146591365	0.846591365	2.128575586
Dil Chahta Hai	tt0292490	2001	2861	691	631	918	1734	3385	9001	18549	19928	21713	79411	8	8.143317676	0.143317676	2.065615204
Dil Se..	tt0164538	1998	1108	243	301	449	1038	2316	4876	6160	3966	12763	33220	7.5	8.131095725	0.631095725	2.16481333
Dil To Pagal Hai	tt0118983	1997	1307	278	369	560	1446	3156	5500	4185	2554	7368	26723	7	7.48501291	0.48501291	2.355888654
Dilwale	tt4535650	2015	7903	1697	1960	2761	4333	4199	3424	2452	2292	10466	41487	5.1	5.880203437	0.780203437	3.324314681
Dilwale Dulhania Le Jayenge	tt0112870	1995	3628	652	658	861	1837	3784	8744	14403	13185	36596	84348	8	8.338028169	0.338028169	2.236277773
Dinner for Schmucks	tt0427152	2010	3583	3025	4818	9210	19105	30321	24243	11438	4255	5495	115493	5.9	5.998874391	0.098874391	1.937378693
Dinosaur	tt0130623	2000	984	936	1639	3439	8603	18117	18995	9872	3522	5923	72030	6.4	6.609954186	0.209954186	1.805632061
Dirty Dancing	tt0092890	1987	3529	2503	4111	7979	18810	43212	71463	53274	27196	44689	276766	7.1	7.313734346	0.213734346	1.884297184
Dirty Dancing: Havana Nights	tt0338096	2004	1069	830	1212	2233	4175	6220	5291	3574	1889	4254	30747	5.9	6.461183205	0.561183205	2.29636344
Dirty Grandpa	tt1860213	2016	5454	4152	5803	9938	20647	35706	30216	14780	5587	8410	140693	5.9	6.05946991	0.15946991	2.046236881
Dirty Harry	tt0066999	1971	1299	430	670	1503	4577	14689	45833	63626	25886	20603	179116	7.7	7.760574153	0.060574153	1.42505059
Dirty Pretty Things	tt0301199	2002	420	213	328	711	1932	5637	14219	13763	5132	2962	45317	7.2	7.361497893	0.161497893	1.489095486
Dirty Rotten Scoundrels	tt0095031	1988	455	295	562	1203	3533	10678	26458	23619	9852	8490	85145	7.4	7.481378824	0.081378824	1.486300647
Dirty Work	tt0120654	1998	684	470	786	1659	3568	7130	7668	4702	1990	4103	32760	6.4	6.76037851	0.36037851	2.01486411
Disaster Movie	tt1213644	2008	58140	11707	6575	4169	3508	2313	1467	958	1149	7483	97469	1.9	2.590331285	0.690331285	2.722399196
Disclosure	tt0109635	1994	919	753	1550	3384	8981	17961	14138	6086	1780	2073	57625	6.2	6.207132321	0.007132321	1.648981216
Disconnect	tt1433811	2012	582	280	417	904	2483	8078	22821	26648	10659	6993	79865	7.5	7.583847743	0.083847743	1.440698819
Disenchanted	tt1596342	2022	1087	883	1558	3187	6154	7141	4515	2090	727	2012	29354	5.6	5.753185256	0.153185256	2.055748983
Disobedience	tt6108178	2017	1223	474	634	1349	3464	8470	11597	6956	2472	2970	39609	6.6	6.7253402	0.1253402	1.887267825
District 13: Ultimatum	tt1247640	2009	903	565	976	1964	4936	11579	14149	6555	2350	3598	47575	6.5	6.633399895	0.133399895	1.794452523
District 9	tt1136608	2009	9983	4738	6782	10512	21738	53070	135344	235699	163834	105162	746862	7.9	7.856992323	-0.043007677	1.680800897
District B13	tt0414852	2004	816	494	866	1539	3919	10986	25175	18737	6983	7258	76773	7.1	7.263191487	0.163191487	1.625167882
Disturbia	tt0486822	2007	2811	1821	3316	7205	19492	54519	93889	51331	17621	20491	272496	6.8	6.976854706	0.176854706	1.606420519
Disturbing Behavior	tt0134619	1998	859	816	1330	2787	5575	6758	4539	2178	775	1655	27272	5.7	5.821868583	0.121868583	1.999822492
Divergent	tt1840309	2014	9574	6376	10613	21361	46179	98238	137683	88310	39192	56666	514192	6.6	6.903220976	0.303220976	1.921932325
Django	tt0060315	1966	278	170	310	629	1637	4818	10851	8916	3205	2788	33602	7.2	7.296202607	0.096202607	1.544214537
Django Unchained	tt1853728	2012	12881	5101	6636	10820	23149	62553	210947	526661	594835	401003	1854586	8.5	8.428186129	-0.071813871	1.409052352
Do Patti	tt28075881	2024	1283	470	505	772	1495	2107	1870	10963	20441	30457	70363	6.3	8.758523656	2.458523656	1.809171918
Do Revenge	tt13327038	2022	1254	847	1310	2709	6328	13422	14753	7944	3100	4483	56150	6.3	6.579501336	0.279501336	1.89276256
Do the Right Thing	tt0097216	1989	2205	810	1038	1644	3516	8162	21362	36963	24941	21774	122415	7.9	7.903557571	0.003557571	1.775761031
DOA: Dead or Alive	tt0398913	2006	3468	3352	4745	7024	9235	8148	4963	2442	1051	3170	47598	4.8	5.105298542	0.305298542	2.324479039
Doc Hollywood	tt0101745	1991	393	432	808	2234	6206	12365	10559	5211	1792	2387	42387	6.3	6.450940147	0.150940147	1.65612876
Doctor Dolittle	tt0118998	1998	2255	2969	6150	12910	28167	28715	14822	5544	1775	3593	106900	5.4	5.532450889	0.132450889	1.746656511
Doctor Sleep	tt5606664	2019	2872	1725	2860	5163	11641	29952	67729	70015	28625	21102	241684	7.3	7.349841115	0.049841115	1.652670531
Doctor Strange	tt1211837	2016	5814	2619	4337	9626	28140	88424	243499	280713	115558	90162	868892	7.5	7.625401086	0.125401086	1.457718995
Doctor Strange in the Multiverse of Madness	tt9419884	2022	14567	6566	10501	19385	43001	95775	150110	104853	40943	49893	535594	6.9	6.877239103	-0.022760897	1.936462131
Doctor Zhivago	tt0059113	1965	1388	427	637	1186	2663	6073	14634	25072	16567	17680	86327	7.9	7.964680807	0.064680807	1.763136383
Dodgeball: A True Underdog Story	tt0364725	2004	2730	2363	4480	9763	23749	59084	88245	53503	19457	18345	281719	6.7	6.877416859	0.177416859	1.645915493
Dog	tt11252248	2022	691	470	742	1573	4777	13444	15849	7212	2523	4257	51538	6.5	6.764212814	0.264212814	1.694379573
Dog Day Afternoon	tt0072890	1975	2137	714	1051	2048	5724	16419	55858	104408	61688	38896	288943	8	8.003190941	0.003190941	1.416530483
Dog Soldiers	tt0280609	2002	1276	810	1404	2500	5342	11714	20019	14606	6028	6701	70400	6.8	6.993536932	0.193536932	1.858868159
Dogma	tt0120655	1999	4240	2269	3347	5629	11705	27555	57179	61218	32779	32664	238585	7.3	7.447400298	0.147400298	1.861240041
Dogman	tt6768578	2018	392	155	288	476	1386	4086	10691	9835	2789	1323	31421	7.2	7.216956812	0.016956812	1.470352082
Dogtooth	tt1379182	2009	3406	1716	2272	3387	6677	14766	31280	31699	15792	10117	121112	7.1	7.14242189	0.04242189	1.94313637
Dogville	tt0276919	2003	5384	1806	1980	2855	5018	9329	21207	43614	38605	37402	167200	8	7.932093301	-0.067906699	2.068132644
Dolemite Is My Name	tt8526872	2019	660	294	440	956	2705	8814	24107	19611	5915	4182	67684	7.2	7.291132321	0.091132321	1.446208272
Dolittle	tt6673612	2020	2902	2568	3942	6768	13573	18981	14016	6733	2804	5599	77886	5.6	5.930321239	0.330321239	2.105123423
Dolores Claiborne	tt0109642	1995	393	172	341	789	2086	6014	15158	15017	6452	6094	52516	7.4	7.553507502	0.153507502	1.542471459
Dolphin Tale	tt1564349	2011	536	240	392	803	1992	5060	7357	4174	2025	4094	26673	6.8	7.115060173	0.315060173	1.942000576
Dom Hemingway	tt2402105	2013	640	458	789	1693	4145	7966	7285	3122	888	1150	28136	6.1	6.208380722	0.108380722	1.751277315
Domestic Disturbance	tt0249478	2001	770	664	1631	3203	6959	8627	4706	1731	532	979	29802	5.6	5.628078652	0.028078652	1.759733498
Domino	tt0421054	2005	2695	1871	3071	5562	11016	16901	14755	7977	2928	4366	71142	5.9	6.065291951	0.165291951	2.056201803
Don	tt0461936	2006	2156	461	503	843	1910	4569	9631	8368	4311	11498	44250	7.2	7.526847458	0.326847458	2.298621001
Don 2	tt1285241	2011	3878	832	886	1369	2754	5558	10280	9804	6628	19680	61669	7.1	7.583031993	0.483031993	2.533911165
Don Jon	tt2229499	2013	4852	3264	5563	11274	27598	62163	77601	38195	11734	11750	253994	6.5	6.519862674	0.019862674	1.720246512
Don Juan DeMarco	tt0112883	1994	675	474	862	1984	5047	11176	15312	9282	4284	5901	54997	6.7	6.972053021	0.272053021	1.802316887
Don't Be a Menace to South Central While Drinking Your Juice in the Hood	tt0116126	1996	1442	1107	1948	3350	6562	12695	15951	10106	4525	9128	66814	6.5	6.830754034	0.330754034	2.07723645
Don't Be Afraid of the Dark	tt1270761	2010	1967	1883	3004	5668	10603	12727	8509	3929	1382	2374	52046	5.5	5.648215041	0.148215041	1.998270792
Don't Breathe	tt4160708	2016	2870	1760	3045	6291	17405	51485	112347	82686	27567	21347	326803	7.1	7.178985505	0.078985505	1.513269561
Don't Breathe 2	tt6246322	2021	1395	1137	2385	5362	12914	25037	18235	7383	2457	4282	80587	6	6.188417487	0.188417487	1.741578575
Don't Look Now	tt0069995	1973	1104	821	1384	2356	4557	9382	16733	15620	8664	7215	67836	7.1	7.188159679	0.088159679	1.896707353
Don't Look Up	tt11286314	2021	13879	7703	11125	18445	39702	90683	179049	167733	72460	59339	660118	7.1	7.149911077	0.049911077	1.851331601
Don't Move	tt24807110	2024	1147	861	1573	3547	8993	14274	8698	3001	779	1201	44074	5.8	5.815219858	0.015219858	1.685538453
Don't Say a Word	tt0260866	2001	650	564	1240	3010	8304	20241	18690	7560	2083	2415	64757	6.3	6.404110753	0.104110753	1.534698763
Don't Tell Mom the Babysitter's Dead	tt0101757	1991	514	617	1401	2721	5596	9619	8874	5022	2168	4375	40907	6.4	6.553523847	0.153523847	1.96378222
Don't Worry Darling	tt10731256	2022	6893	2680	4247	8749	19306	40833	46804	25557	8900	9898	173867	6.3	6.399615798	0.099615798	1.959326525
Don't Worry, He Won't Get Far on Foot	tt6288124	2018	402	182	327	707	2137	6526	11927	7070	2091	1526	32895	6.8	6.947682019	0.147682019	1.507656235
Donnie Brasco	tt0119008	1997	1186	520	924	2068	6824	24364	91178	138915	55079	31755	352813	7.7	7.812640124	0.112640124	1.251718941
Donnie Darko	tt0246578	2001	12265	5668	7576	12159	25234	59819	146560	252779	199486	180555	902101	8	8.013653682	0.013653682	1.737532378
Doom	tt0419706	2005	5322	5537	9569	16001	26587	26666	16772	7427	2587	6488	122956	5.2	5.424875565	0.224875565	2.078636022
Doomsday	tt0483607	2008	3365	2513	3875	6581	12295	19172	16709	9126	3567	4830	82033	5.9	6.012470591	0.112470591	2.096075455
Dope	tt3850214	2015	1100	460	823	1599	4288	12582	29406	25434	9087	6678	91457	7.2	7.278764884	0.078764884	1.562110306
Dora and the Lost City of Gold	tt7547410	2019	1373	699	1189	2281	5292	10629	8933	4092	1348	2939	38775	6.1	6.253642811	0.153642811	1.983766213
Dorian Gray	tt1235124	2009	1443	1178	2114	4258	9427	18017	17198	8924	3484	4673	70716	6.2	6.395638894	0.195638894	1.874054722
Double Impact	tt0101764	1991	1104	1197	2326	4970	10161	11558	7058	3486	1359	3750	46969	5.7	5.908876067	0.208876067	2.014309595
Double Indemnity	tt0036775	1944	3143	977	1052	2114	4116	8888	26977	54651	42581	34986	179485	8.3	8.077293367	-0.222706633	1.718935968
Double Jeopardy	tt0150377	1999	1134	1073	2102	4521	10820	26467	31190	15061	4720	5539	102627	6.5	6.599238017	0.099238017	1.648897588
Double Team	tt0119013	1997	2212	2488	4076	6483	8273	6690	3656	1614	625	2307	38424	4.8	5.050281074	0.250281074	2.188266064
Doubt	tt0918927	2008	1197	502	879	1710	4845	15141	42053	47370	19414	11601	144712	7.5	7.537840677	0.037840677	1.456979091
Down by Law	tt0090967	1986	582	285	427	810	1846	4727	12435	19106	10107	7857	58182	7.6	7.780602248	0.180602248	1.600864673
Down Periscope	tt0116130	1996	440	590	1305	2194	3947	6260	6013	3899	1830	2912	29390	6.2	6.481082001	0.281082001	2.043930252
Down to Earth	tt0231775	2001	925	811	1722	3167	5811	6218	3676	1586	558	1102	25576	5.4	5.521035346	0.121035346	1.946344625
Down with Love	tt0309530	2003	1001	881	1411	2698	5788	10529	11017	6934	2912	3572	46743	6.3	6.512654301	0.212654301	1.952696034
Downfall	tt0363163	2004	4140	1111	1391	2746	6135	16736	59809	132851	103605	68355	396879	8.2	8.189085338	-0.010914662	1.477485611
Downsizing	tt1389072	2017	5518	4566	7386	13182	26364	36260	25457	10864	3307	3518	136422	5.8	5.636700825	-0.163299175	1.902025072
Downton Abbey	tt6398184	2019	917	416	566	1066	2877	7799	17810	18028	9139	11649	70267	7.4	7.635518807	0.235518807	1.738678289
Downton Abbey: A New Era	tt11703710	2022	525	213	310	544	1588	4555	10286	9964	4331	5355	37671	7.4	7.527541079	0.127541079	1.708729101
Dr. Dolittle 2	tt0240462	2001	2028	2730	5122	9747	12781	8732	4225	1864	591	1707	49527	4.8	4.947099562	0.147099562	1.915160341
Dr. No	tt0055928	1962	809	538	1058	2526	8530	28273	71556	49904	14714	13352	191260	7.2	7.286003346	0.086003346	1.367972573
Dr. Strangelove or: How I Learned to Stop Worrying and Love the Bomb	tt0057012	1964	11018	2757	3656	6051	13148	28018	69870	129790	134337	148987	547632	8.3	8.238862959	-0.061137041	1.826355312
Dracula	tt0021814	1931	448	270	588	1308	3158	7874	17298	16757	7246	9171	64118	7.3	7.534296141	0.234296141	1.6499128
Dracula	tt0103874	1992	2737	1920	3116	6070	13120	31212	65948	72171	35516	33666	265476	7.4	7.489886091	0.089886091	1.72311424
Dracula 2000	tt0219653	2000	2073	2170	3702	6013	8260	6870	4227	2147	883	2121	38466	4.9	5.199734831	0.299734831	2.176642591
Dracula Untold	tt0829150	2014	11434	3139	5516	11439	25700	51292	54251	28693	11253	18465	221182	6.2	6.38160429	0.18160429	2.116402591
Dracula: Dead and Loving It	tt0112896	1995	1131	1308	2390	4212	8148	10938	8622	4911	2116	4605	48381	5.9	6.177404353	0.277404353	2.108940488
Draft Day	tt2223990	2014	726	443	771	1805	5086	14548	26044	14221	4578	4138	72360	6.8	6.94473466	0.14473466	1.533846742
Drag Me to Hell	tt1127180	2009	7655	4939	7325	11935	22369	42036	58618	40531	16561	16874	228843	6.6	6.570758118	-0.029241882	2.06057806
Dragged Across Concrete	tt6491178	2018	2077	831	1153	1879	4236	10338	19198	13425	4525	3543	61205	6.9	6.794591945	-0.105408055	1.89168846
Dragnet	tt0092925	1987	677	689	1309	2905	7102	11806	8489	3863	1102	1662	39604	6	6.080522169	0.080522169	1.730863823
Dragon Ball Super: Broly	tt7961060	2018	603	154	222	395	999	2610	5929	8385	5514	11287	36098	7.7	8.169178348	0.469178348	1.83804035
Dragon Ball Z: Battle of Gods	tt2263944	2013	675	268	465	856	1843	4057	7356	6310	2843	7006	31679	7.1	7.487799489	0.387799489	2.031781036
Dragon Ball Z: Resurrection 'F'	tt3819668	2015	555	210	368	657	1437	3255	6082	5242	2315	5402	25523	7.1	7.475100889	0.375100889	2.012741782
Dragon Wars: D-War	tt0372873	2007	5559	3736	3926	3555	2838	1891	1111	597	348	2316	25877	3.5	3.996212853	0.496212853	2.716364793
Dragon: The Bruce Lee Story	tt0106770	1993	278	200	312	762	2278	5911	11932	7026	2511	3488	34698	7	7.168395873	0.168395873	1.604808958
Dragonball Evolution	tt1098327	2009	39054	12389	9491	6808	5358	3335	1935	1083	532	4273	84258	2.5	2.801680553	0.301680553	2.460531661
Dragonfly	tt0259288	2002	817	739	1286	2701	6256	10461	9559	4842	1944	2691	41296	6.1	6.321629213	0.221629213	1.8808826
DragonHeart	tt0116136	1996	979	975	1941	4737	12562	27740	29415	14874	5173	6856	105252	6.4	6.621859917	0.221859917	1.669947404
Dream House	tt1462041	2011	1206	1207	2365	4797	10778	18509	16556	9047	2842	3688	70995	6	6.276118036	0.276118036	1.810182151
Dream Scenario	tt21942866	2023	1161	745	1224	2623	6869	19084	33834	18596	4528	2876	91540	6.8	6.781538125	-0.018461875	1.508831608
Dreamcatcher	tt0285531	2003	4758	3953	6603	10678	18280	22417	17333	8437	3228	4835	100522	5.5	5.643699887	0.143699887	2.109573768
Dreamgirls	tt0443489	2006	2893	1237	1916	3472	7640	16497	20238	12613	5634	8235	80375	6.6	6.691272162	0.091272162	2.073731216
Dreams	tt0100998	1990	366	228	257	496	1085	2742	6402	9422	5569	5507	32074	7.7	7.820508823	0.120508823	1.713797509
Dredd	tt1343727	2012	3349	2321	3942	7626	18511	45468	89498	77253	33022	28900	309890	7.1	7.248998032	0.148998032	1.685182134
Dressed to Kill	tt0080661	1980	686	446	813	1499	3606	8886	18233	12873	4576	3770	55388	7	7.056727089	0.056727089	1.648865201
Drillbit Taylor	tt0817538	2008	1491	1387	2758	5983	13313	18406	11376	4549	1462	3196	63921	5.7	5.860577901	0.160577901	1.830409372
Drinking Buddies	tt2265398	2013	1695	1402	2223	4395	9311	16175	15388	7433	2223	2070	62315	6.1	6.101901629	0.001901629	1.83272333
Drishyam	tt3417422	2013	2605	278	255	341	562	1056	2732	8053	12137	19294	47313	8.4	8.457654344	0.057654344	2.256493141
Drishyam	tt4430212	2015	3881	712	599	888	1790	3466	9957	24248	27167	33940	106648	8.2	8.326325857	0.126325857	2.023067827
Drishyam 2	tt12361178	2021	1313	166	156	166	443	919	2832	6597	9941	21727	44260	8.4	8.808065974	0.408065974	1.873278873
Drishyam 2	tt15501640	2022	1625	213	165	223	603	1550	4652	10660	11672	19647	51010	8.2	8.529994119	0.329994119	1.915691551
Drive	tt0780504	2011	10226	5189	7441	12580	26050	63327	151086	226754	143918	106998	753569	7.8	7.75023256	-0.04976744	1.723688152
Drive Angry	tt1502404	2011	6538	4278	6884	12071	20942	23809	15974	7429	2746	5536	106207	5.4	5.48850829	0.08850829	2.157293504
Drive My Car	tt14039582	2021	956	557	915	1466	3572	7992	17230	21936	13191	7436	75251	7.5	7.517082829	0.017082829	1.709690147
Drive-Away Dolls	tt19356262	2024	1816	1225	1817	2865	5269	6574	4524	1791	533	898	27312	5.4	5.372693322	-0.027306678	2.080255625
Driven	tt0132245	2001	3545	3375	5191	7757	9280	7096	4055	1925	735	1961	44920	4.6	4.805921638	0.205921638	2.189562888
Driving Miss Daisy	tt0097239	1989	910	573	997	2112	5434	15011	38547	36029	13732	9873	123218	7.3	7.394293042	0.094293042	1.505970563
Drop	tt32149847	2025	1034	839	1507	3112	7546	15596	13210	4982	1324	1972	51122	6.1	6.160733148	0.060733148	1.70216514
Drop Dead Fred	tt0101775	1991	1544	1066	1587	2550	4240	5699	5488	3807	1983	5507	33471	6	6.447969884	0.447969884	2.470846686
Drop Dead Gorgeous	tt0157503	1999	932	709	1021	2061	4248	7880	10196	7982	4069	5837	44935	6.7	6.952175364	0.252175364	2.04395018
Drugstore Cowboy	tt0097240	1989	369	233	403	804	2341	5954	12973	11800	4940	3770	43587	7.2	7.343015119	0.143015119	1.577562156
Drumline	tt0303933	2002	2851	1397	1849	2850	5521	7883	6909	3772	1623	2844	37499	6	5.842315795	-0.157684205	2.357262405
Drunken Master	tt0080179	1978	326	171	337	621	1715	5172	13145	14408	5315	5877	47087	7.4	7.595599635	0.195599635	1.534558564
Drunken Master II	tt0111512	1994	545	266	334	674	1938	5040	12591	15338	6908	7610	51244	7.5	7.685153384	0.185153384	1.640315848
Duck Soup	tt0023969	1933	1487	685	976	1358	3020	5489	10325	15847	11291	14565	65043	7.7	7.77287333	0.07287333	2.034826607
Duck, You Sucker!	tt0067140	1971	373	234	342	639	1710	4168	9783	12712	5862	4962	40785	7.5	7.613975726	0.113975726	1.619386174
DuckTales the Movie: Treasure of the Lost Lamp	tt0099472	1990	327	222	364	888	2452	6450	10034	5002	1690	2701	30130	6.8	6.931596416	0.131596416	1.663021872
Dude, Where's My Car?	tt0242423	2000	7546	6276	9297	15459	26806	33304	25506	12812	5023	9653	151682	5.5	5.712306009	0.212306009	2.186623285
Due Date	tt1231583	2010	3832	3524	6630	14811	38467	91713	113322	56949	19440	20922	369610	6.5	6.670958578	0.170958578	1.639918834
Dügün Dernek	tt3347976	2013	1164	361	448	799	1565	3137	5211	4322	2326	5803	25136	6.9	7.283975175	0.383975175	2.347484127
Dumb and Dumber	tt0109686	1994	6431	4674	6668	11879	25214	56413	111023	100602	50976	65053	438933	7.3	7.379572737	0.079572737	1.876735055
Dumb and Dumber To	tt2096672	2014	6433	5538	8627	15004	27247	36026	26253	12419	4984	9811	152342	5.6	5.788856651	0.188856651	2.120970435
Dumb and Dumberer: When Harry Met Lloyd	tt0329028	2003	9226	6650	7016	6189	5395	3612	2283	1165	516	2138	44190	3.5	3.808599231	0.308599231	2.443917708
Dumb Money	tt13957560	2023	766	357	568	1067	3458	12295	25013	12216	3079	2666	61485	6.8	6.92367244	0.12367244	1.451214749
Dumbo	tt0033563	1941	1111	864	1574	3416	9765	24158	47579	33920	12746	15017	150150	7.2	7.221411921	0.021411921	1.618739702
Dumbo	tt3861390	2019	2095	1368	2373	4954	11721	24114	22401	10259	3430	4924	87639	6.2	6.321888657	0.121888657	1.822742146
Dumplin'	tt4878482	2018	736	517	794	1734	4121	8627	10756	6370	2616	3418	39689	6.5	6.738164227	0.238164227	1.862791184
Dune	tt0087182	1984	4597	4097	6950	12362	21886	36557	42356	29584	14473	18400	191262	6.2	6.584067928	0.384067928	2.088769572
Dune: Part One	tt1160419	2021	12423	5873	7691	11982	24875	60243	159198	316803	238468	178890	1016446	8	8.032817287	0.032817287	1.654123557
Dune: Part Two	tt15239678	2024	10119	3582	3095	5851	10269	26078	71498	171976	196783	208823	708074	8.4	8.464307403	0.064307403	1.656706998
Dungeons & Dragons	tt0190374	2000	6201	5194	6224	6041	5137	3630	2212	1048	477	1507	37671	3.7	3.985054817	0.285054817	2.334575164
Dungeons & Dragons: Honor Among Thieves	tt2906216	2023	2524	1355	2186	4172	11538	35420	85511	75603	27943	23669	269921	7.2	7.3735204	0.1735204	1.54171916
Dunki	tt15428134	2023	9508	1487	1422	1914	3603	5635	7109	5671	7045	41714	85108	6.5	7.659738215	1.159738215	3.088309703
Dunkirk	tt5013056	2017	9064	4231	6172	10833	25298	67978	175126	246688	150593	100417	796400	7.8	7.750659216	-0.049340784	1.624442412
Duplex	tt0266489	2003	1325	1350	2485	5113	12092	18789	13380	5631	1961	2929	65055	5.9	6.006809623	0.106809623	1.79689316
Duplicity	tt1135487	2009	1281	963	1523	3293	7715	16018	14017	5756	1500	1581	53647	6.1	6.134695323	0.034695323	1.710133112
E.T. the Extra-Terrestrial	tt0083866	1982	4205	2303	3475	6193	15026	38020	99443	147449	75783	75004	466901	7.9	7.828293364	-0.071706636	1.61892473
Eagle Eye	tt1059786	2008	2360	1984	3464	7780	19169	47360	64423	32064	10922	11081	200607	6.6	6.701790067	0.101790067	1.64323591
Eagle vs Shark	tt0494222	2007	523	321	452	874	2148	5267	8154	5252	2151	2267	27409	6.7	6.913130723	0.213130723	1.810713603
Early Man	tt4701724	2018	484	366	641	1484	3907	7897	6420	2382	630	962	25173	6.1	6.168434434	0.068434434	1.665970698
Earth Girls Are Easy	tt0097257	1988	884	1038	2017	3416	5664	5773	3850	1989	710	1682	27023	5.5	5.613921474	0.113921474	2.083209489
East of Eden	tt0048028	1955	372	227	344	644	1837	4293	10489	16790	8327	8074	51397	7.8	7.837091659	0.037091659	1.582780573
Eastern Promises	tt0765443	2007	1744	872	1334	2987	8058	25014	74010	98506	40847	22003	275375	7.6	7.638975942	0.038975942	1.39715946
Easy A	tt1282140	2010	3685	2671	4673	10185	27227	75944	143047	97473	38476	36370	439751	7	7.155599419	0.155599419	1.595032161
Easy Rider	tt0064276	1969	1479	1224	1803	3199	7023	15729	32783	31831	15355	12153	122579	7.2	7.305288834	0.105288834	1.752590848
Eat Pray Love	tt0879870	2010	4452	3114	4880	8820	18024	25530	21890	12451	5530	8082	112773	5.9	6.094792193	0.194792193	2.122650619
Ed Wood	tt0109707	1994	2738	1070	1546	2753	6301	15361	38132	58391	34144	30123	190559	7.8	7.802187249	0.002187249	1.712505115
Eddie the Eagle	tt1083452	2015	474	211	400	972	3510	13238	36524	32313	10353	7994	105989	7.3	7.455971846	0.155971846	1.333250827
Eddington	tt31176520	2025	1639	878	1192	2172	4813	9752	12896	8982	3205	2740	48269	6.6	6.559261638	-0.040738362	1.961254197
Eden	tt23149780	2024	889	383	634	1230	3388	9237	11610	5439	1486	1917	36213	6.5	6.576781819	0.076781819	1.724827302
Eden Lake	tt1020530	2008	3416	1665	2399	3861	8396	19401	32697	21063	7592	6560	107050	6.7	6.717272303	0.017272303	1.915146811
Edge of Darkness	tt1226273	2010	1214	756	1490	3411	9580	25941	34344	15770	4723	5630	102859	6.6	6.705888644	0.105888644	1.583269631
Edge of Tomorrow	tt1631867	2014	2624	1327	2162	4720	13911	49520	171485	296381	156470	96726	795326	7.9	7.976920156	0.076920156	1.299774188
Edtv	tt0131369	1999	821	721	1260	2965	7084	13924	11947	5091	1401	1346	46560	6.1	6.170382302	0.070382302	1.654500881
Edward Scissorhands	tt0099487	1990	3043	1724	2800	5714	14555	42195	117781	186318	96123	89705	559958	7.8	7.930701946	0.130701946	1.48954713
Eega	tt2258337	2012	835	196	221	312	688	1731	4563	7431	5620	8380	29977	7.7	8.097307936	0.397307936	1.958870805
Eight Below	tt0397313	2006	660	441	612	1254	3315	9003	19612	17481	7816	11020	71214	7.3	7.535919903	0.235919903	1.699140913
Eight Crazy Nights	tt0271263	2002	2311	1465	1758	2557	4423	5281	4091	2473	1017	2808	28184	5.3	5.684005109	0.384005109	2.505628263
Eight Legged Freaks	tt0271367	2002	2203	2144	4237	7436	12962	15031	10383	4401	1304	2581	62682	5.5	5.573801091	0.073801091	1.95615334
Eighth Grade	tt7014006	2018	1214	611	906	1835	4259	10603	23797	25383	11280	6204	86092	7.3	7.324838545	0.024838545	1.65176188
Ek Tha Tiger	tt2016894	2012	6879	1394	1494	2203	4201	5498	5095	3379	2632	9424	42199	5.7	6.103912415	0.403912415	3.129832513
El Camino	tt9243946	2019	2928	1393	2525	4980	14141	42697	101299	91082	34844	37130	333019	7.3	7.455253304	0.155253304	1.569489136
El Dorado	tt0061619	1966	273	118	201	348	1013	3070	8489	10599	4431	4446	32988	7.5	7.716230144	0.216230144	1.534386037
El Mariachi	tt0104815	1992	719	491	930	1923	5088	14373	27161	14447	4772	4398	74302	6.8	6.951252995	0.151252995	1.547841994
El Topo	tt0067866	1970	854	543	657	965	1771	3423	7085	8010	4789	4935	33032	7.2	7.365282151	0.165282151	2.067526636
Election	tt0126886	1999	1442	875	1309	2458	6053	15103	31188	29730	13578	8851	110587	7.2	7.27664192	0.07664192	1.67808208
Elektra	tt0357277	2005	6756	6920	11242	17473	23002	17343	9938	4554	1785	5197	104210	4.7	4.96415891	0.26415891	2.166768027
Elemental	tt15789038	2023	3916	1312	1827	3465	9426	25928	49574	34493	13774	16296	160011	7	7.114929599	0.114929599	1.823340339
Elephant	tt0363589	2003	3197	1615	2220	3314	6037	12994	26676	25374	12450	9266	103143	7.1	7.067139796	-0.032860204	2.008441535
Elevation	tt23558280	2024	814	669	1259	2649	6248	8672	5208	1849	555	1051	28974	5.6	5.748257058	0.148257058	1.780094368
Elevator to the Gallows	tt0051378	1958	294	84	167	294	747	2133	6190	11269	6280	3683	31141	7.9	7.883626088	-0.016373912	1.481466112
Elf	tt0319343	2003	4815	3308	5191	9750	22387	50959	90775	73656	37559	45992	344392	7.1	7.277512253	0.177512253	1.849978123
Eli	tt5294518	2019	1531	1263	2247	4069	8223	11987	8494	3710	1197	1656	44377	5.8	5.781868986	-0.018131014	1.908869427
Elio	tt4900148	2025	1298	339	468	958	2841	8266	11572	5865	2092	2746	36445	6.7	6.728632185	0.028632185	1.868276166
Elite Squad	tt0861739	2007	1366	356	531	900	2117	5735	18405	38693	26222	23649	117974	8	8.163942903	0.163942903	1.555568223
Elite Squad 2: The Enemy Within	tt1555149	2010	1259	356	412	708	1745	4834	15338	29340	20066	17313	91371	8	8.094231211	0.094231211	1.603803721
Elizabeth	tt0127536	1998	868	519	815	1561	4160	11876	30938	33353	14284	11183	109557	7.4	7.543351863	0.143351863	1.536428748
Elizabeth: The Golden Age	tt0414055	2007	831	550	972	2215	5798	16089	26091	14287	5185	5739	77757	6.8	6.94752884	0.14752884	1.623311319
Elizabethtown	tt0368709	2005	2366	1542	2332	4273	8499	14996	16403	10861	5580	8013	74865	6.3	6.599452348	0.299452348	2.136647384
Ella Enchanted	tt0327679	2004	1533	1195	2080	4356	9972	18960	18655	10807	4546	7780	79884	6.3	6.596590056	0.296590056	1.945663856
Elle	tt3716530	2016	1336	778	1205	2069	4797	11342	22447	19172	7132	3800	74078	7.1	7.013053808	-0.086946192	1.714949829
Elvis	tt3704428	2022	3568	2003	3149	5375	12344	32015	70245	70336	30392	28599	258026	7.3	7.387829133	0.087829133	1.726540897
Elysium	tt1535108	2013	4862	3927	7904	17782	47713	124005	159663	78151	23877	20445	488329	6.6	6.660147155	0.060147155	1.551729761
Emancipation	tt12530246	2022	3977	801	728	1046	2433	5405	6448	4069	1793	4041	30741	6.3	6.205946456	-0.094053544	2.721173831
Embrace of the Serpent	tt4285496	2015	251	129	165	319	788	1832	4822	8150	5246	3969	25671	7.8	7.910482646	0.110482646	1.607470497
Emilia Pérez	tt20221436	2024	30129	5338	4773	5487	22911	10770	12800	9804	4286	5174	111472	5.4	4.616343118	-0.783656882	2.819915961
Emily the Criminal	tt15255876	2022	611	366	639	1517	5276	16888	25176	10939	2686	2239	66337	6.7	6.74350664	0.04350664	1.402507733
Emma	tt0116191	1996	931	541	821	1632	3900	8583	11773	7936	3625	3999	43741	6.6	6.870350472	0.270350472	1.892998178
Emma.	tt9214832	2020	1241	801	1182	2472	5841	14039	21105	12974	5223	5393	70271	6.7	6.861721051	0.161721051	1.786702553
Empire of Light	tt14402146	2022	533	203	354	997	2374	5703	8148	5264	1817	1537	26930	6.7	6.793464538	0.093464538	1.716201333
Empire of the Sun	tt0092965	1987	1012	444	787	1596	4167	11585	32129	46841	23036	19812	141409	7.7	7.821744019	0.121744019	1.514959214
Empire Records	tt0112950	1995	1353	859	1469	2701	5860	12283	16690	11440	5821	10546	69022	6.7	7.06266118	0.36266118	2.025203014
Employee of the Month	tt0424993	2006	2010	1700	2811	5375	10546	13295	8716	3880	1349	2811	52493	5.6	5.717829044	0.117829044	2.009504979
Encanto	tt2953050	2021	3416	1603	2722	5519	14485	38800	78362	68874	34433	43961	292175	7.2	7.499347993	0.299347993	1.7378641
Enchanted	tt0461770	2007	2668	1523	2762	5587	14348	35008	62687	48779	27045	27357	227764	7.1	7.306475123	0.206475123	1.756576725
Encino Man	tt0104187	1992	1177	1235	2140	4143	8231	11656	8778	4652	1685	4448	48145	5.9	6.14886281	0.24886281	2.068031711
End of Days	tt0146675	1999	2986	2948	5585	11193	23773	33676	23334	9968	3116	5270	121849	5.8	5.869198762	0.069198762	1.843530731
End of Watch	tt1855199	2012	2074	1086	1617	3209	7952	24027	72624	102605	44634	28861	288689	7.6	7.708568737	0.108568737	1.451651593
Ender's Game	tt1731141	2013	4379	3221	5782	11474	26379	55263	73224	46050	19078	18524	263374	6.6	6.74115896	0.14115896	1.81348099
Endless Corridor	tt4573394	2014	7948	43	15	14	25	41	46	59	199	33880	42270	8	8.277525432	0.277525432	3.522578354
Endless Love	tt2318092	2014	1320	933	1571	2719	5852	10585	10529	6419	3133	5955	49016	6.2	6.617165823	0.417165823	2.117660672
Enemy	tt2316411	2013	4870	2904	4456	8132	17939	41122	68917	51782	21317	13796	235235	6.9	6.884557995	-0.015442005	1.80141989
Enemy at the Gates	tt0215750	2001	1737	834	1501	3121	8842	26855	78663	102523	41035	25986	291097	7.5	7.646014902	0.146014902	1.407603006
Enemy Mine	tt0089092	1985	628	425	730	1592	4032	10087	17183	11084	4104	4465	54330	6.8	7.017430517	0.217430517	1.678829054
Enemy of the State	tt0120660	1998	1425	738	1365	3384	10090	35243	97851	80126	25617	16756	272595	7.3	7.360802656	0.060802656	1.348312012
Enes Batur: Imagination or Reality?	tt7668842	2018	21735	781	555	369	494	388	452	482	504	30912	56672	2	6.209627329	4.209627329	4.328644197
English Vinglish	tt2181931	2012	664	203	228	394	872	2600	8036	13739	8080	9802	44618	7.8	8.072840558	0.272840558	1.675031428
Enola Holmes	tt7846844	2020	4482	2286	3710	7751	20195	52225	72976	40849	15650	21493	241617	6.6	6.865895198	0.265895198	1.788849218
Enola Holmes 2	tt14641788	2022	2032	929	1345	2671	8039	23682	37760	20716	8000	10783	115957	6.8	6.992022905	0.192022905	1.731208201
Enough	tt0278435	2002	2070	1412	2397	4024	8384	11656	8883	5064	2223	4592	50705	5.8	6.087308944	0.287308944	2.187499643
Enough Said	tt2390361	2013	472	284	516	1210	3623	12323	26397	16718	4813	3131	69487	7	7.089541929	0.089541929	1.386843613
Enter the Dragon	tt0070034	1973	643	336	686	1436	3937	11009	29911	37404	15636	18129	119127	7.6	7.768843335	0.168843335	1.519079998
Enter the Void	tt1191111	2009	2261	1331	1857	2871	5314	10263	20356	22423	14415	12518	93609	7.2	7.338151246	0.138151246	2.024817606
Enthiran	tt1305797	2010	1569	407	455	722	1468	2818	5569	5981	3908	10210	33107	7.2	7.701905941	0.501905941	2.372331333
Entourage	tt1674771	2015	2545	1187	1886	3716	7991	16449	23073	13978	5707	8778	85310	6.5	6.758504279	0.258504279	2.008552629
Entrapment	tt0137494	1999	1368	1294	2768	6411	17034	39629	36619	15101	4298	4432	128954	6.3	6.366541557	0.066541557	1.554935423
Envy	tt0326856	2004	2271	2085	3334	5606	7384	6084	3460	1388	500	1225	33337	4.8	4.930407655	0.130407655	2.085024841
Epic	tt0848537	2013	1372	860	1766	3874	10704	26266	34134	18418	7008	9323	113725	6.6	6.83742361	0.23742361	1.704609583
Epic Movie	tt0799949	2007	50235	18765	12763	8761	6921	4583	2993	1776	886	5326	113009	2.5	2.828040245	0.328040245	2.451593709
Equals	tt3289728	2015	933	664	1148	2356	5078	8373	7479	4124	1764	2353	34272	6	6.288165266	0.288165266	1.973209732
Equilibrium	tt0238380	2002	2622	2118	3751	7156	16528	41540	92427	103358	47953	42538	359991	7.3	7.526368715	0.226368715	1.631046058
Eragon	tt0449010	2006	11069	7726	11543	17179	26147	24422	15916	7914	3357	8790	134063	5.1	5.221201972	0.121201972	2.34339781
Erased	tt1645155	2012	540	428	891	2124	5472	11383	8256	2982	813	1283	34172	6	6.145908931	0.145908931	1.619621735
Eraser	tt0116213	1996	1376	1390	2992	7158	19254	39223	30426	12426	3595	5422	123262	6.2	6.265815904	0.065815904	1.616228068
Eraserhead	tt0074486	1977	4471	2476	2942	4177	7674	14547	29183	32493	20149	23382	141494	7.2	7.350099651	0.150099651	2.158033252
Erin Brockovich	tt0195685	2000	1806	930	1449	3074	8424	25337	74752	75342	29711	21175	242000	7.5	7.519008264	0.019008264	1.462654529
Escape from Alcatraz	tt0079116	1979	457	190	407	922	3346	13995	51730	61004	18191	11439	161681	7.5	7.636623969	0.136623969	1.204535114
Escape from L.A.	tt0116225	1996	2253	2353	4321	8198	16873	22422	14952	6689	2394	4611	85066	5.7	5.847729998	0.147729998	1.93220987
Escape from New York	tt0082340	1981	1095	900	1729	3799	10212	26554	54120	40774	15654	15630	170467	7.1	7.249966269	0.149966269	1.578206362
Escape from Planet Earth	tt0765446	2013	863	615	1113	2098	4846	7739	5171	2399	959	2058	27861	5.8	6.06898532	0.26898532	1.994819297
Escape from Pretoria	tt5797184	2020	556	210	298	821	2805	10435	19327	9297	2593	2653	48995	6.8	6.966445556	0.166445556	1.4468925
Escape from the Planet of the Apes	tt0067065	1971	599	458	876	2114	5721	13813	12173	5024	1379	2017	44174	6.3	6.385339793	0.085339793	1.611798195
Escape Plan	tt1211956	2013	1798	1450	3144	8090	23137	61038	90831	45433	15435	18692	269048	6.7	6.889175909	0.189175909	1.554058183
Escape Plan 2: Hades	tt6513656	2018	5146	4449	5967	7377	6467	3738	1895	925	369	1511	37844	3.9	4.104005919	0.204005919	2.220340353
Escape Room	tt5886046	2019	1705	1576	3043	6827	18118	42861	47295	21249	6845	7801	157320	6.4	6.545397915	0.145397915	1.619414829
Escape Room: Tournament of Champions	tt9844522	2021	1367	1341	2607	5705	13431	20042	12584	5250	2011	3086	67424	5.8	5.949572852	0.149572852	1.790838805
Eternal Sunshine of the Spotless Mind	tt0338013	2004	12883	5447	7569	12486	25296	60043	160366	310112	303459	269743	1167404	8.3	8.23638175	-0.06361825	1.645713518
Eternals	tt9032400	2021	23832	9862	14890	25297	50698	88038	96418	55469	21789	35033	421326	6.2	6.257010011	0.057010011	2.225404568
Eternity	tt24950660	2025	370	149	217	470	1405	4081	13472	5685	2176	1783	29808	7	7.109098229	0.109098229	1.471360351
Europa Report	tt2051879	2013	1386	1056	1986	3967	9113	19024	22864	11808	4054	3429	78687	6.4	6.485455031	0.085455031	1.736612707
EuroTrip	tt0356150	2004	3875	3222	5386	10478	23027	47451	65111	40465	17536	24286	240837	6.6	6.844508942	0.244508942	1.893464568
Eurovision Song Contest: The Story of Fire Saga	tt8580274	2020	1820	1507	2443	4730	10440	22539	29600	17807	7088	10300	108274	6.5	6.788010049	0.288010049	1.881142114
Evan Almighty	tt0413099	2007	5216	5380	9555	18698	36409	41975	24355	9913	3499	6627	161627	5.4	5.573808831	0.173808831	1.903868529
Evangelion: 1.0 You Are (Not) Alone	tt0923811	2007	360	124	181	411	1005	2786	7745	10215	4136	3965	30928	7.5	7.674114071	0.174114071	1.586578318
Evangelion: 2.0 You Can (Not) Advance	tt0860906	2009	442	128	164	372	736	1786	4790	9274	5543	4863	28098	7.9	7.947647519	0.047647519	1.685214215
Event Horizon	tt0119081	1997	3703	2827	5266	9478	19283	41016	58664	39906	16401	15251	211795	6.6	6.778219505	0.178219505	1.848947635
Ever After: A Cinderella Story	tt0120631	1998	964	693	1187	2307	5604	12184	20727	16309	9887	15692	85554	7.1	7.454087477	0.354087477	1.890693413
Everest	tt2719848	2015	1385	879	1549	3727	12138	40171	92506	61309	18333	13132	245129	7.1	7.174773283	0.074773283	1.376158443
Every Day	tt7026672	2018	580	314	536	1104	2878	6099	6821	3618	1458	1996	25404	6.5	6.612698788	0.112698788	1.866044461
Every Which Way But Loose	tt0077523	1978	435	439	1020	2009	4310	8518	7795	3866	1447	2256	32095	6.3	6.422900763	0.122900763	1.817899892
Everybody Knows	tt4964788	2018	1047	311	427	872	2577	7632	14188	8038	2331	2630	40053	6.9	6.891219135	-0.008780865	1.72112611
Everybody Wants Some!!	tt2937696	2016	1449	885	1346	2225	4846	10411	17508	14695	5954	4310	63629	6.9	6.909663833	0.009663833	1.869688986
Everybody's Fine	tt0780511	2009	603	309	559	1230	3628	10539	21741	16031	6326	5893	66859	7.1	7.261415815	0.161415815	1.567629325
Everyone Says I Love You	tt0116242	1996	889	469	715	1478	3537	8165	11951	7280	3168	3412	41064	6.7	6.845119813	0.145119813	1.849478938
Everything Everywhere All at Once	tt6710474	2022	18509	8399	10131	13464	24306	45875	90139	152709	122166	132629	618327	7.7	7.754416353	0.054416353	2.122585484
Everything Is Illuminated	tt0404030	2005	572	329	536	929	2522	6523	14901	17821	9251	7788	61172	7.4	7.623030145	0.223030145	1.635066132
Everything Must Go	tt1531663	2010	823	617	1105	2501	6590	15356	17300	7129	1796	1723	54940	6.4	6.406771023	0.006771023	1.581691199
Everything You Always Wanted to Know About Sex * But Were Afraid to Ask	tt0068555	1972	575	406	735	1571	3548	9339	14560	8108	2774	2055	43671	6.7	6.776808408	0.076808408	1.628430933
Everything, Everything	tt5001718	2017	1012	570	1109	2223	5592	10511	10611	6022	2405	4249	44304	6.3	6.590488443	0.290488443	1.945962258
Everything's Gonna Be Great	tt0263438	1998	672	114	115	185	431	1381	4940	9494	6238	6312	29882	8.1	8.10588314	0.00588314	1.71962089
Evil	tt0338309	2003	337	155	217	430	1126	3396	9663	15354	7781	5927	44386	7.7	7.85824359	0.15824359	1.488766609
Evil Dead	tt1288558	2013	5827	3630	5698	10297	20697	40340	52699	35647	15857	19807	210499	6.5	6.70666369	0.20666369	2.029151675
Evil Dead II	tt0092991	1987	2465	1413	2016	3501	7502	16641	38508	54536	30548	37116	194246	7.7	7.797509344	0.097509344	1.789030551
Evil Dead Rise	tt13345606	2023	5183	3018	4567	8231	16654	33715	43370	26750	9810	12958	164256	6.5	6.568186246	0.068186246	2.006813626
Evita	tt0116250	1996	1650	810	1288	2237	4462	7635	7498	5524	3019	5116	39239	6.3	6.605953261	0.305953261	2.276926423
Evolution	tt0251075	2001	2307	2481	5033	10195	21780	37687	33728	16147	5332	7320	142010	6.1	6.229350046	0.129350046	1.80209745
Ex Machina	tt0470752	2014	3365	1878	3097	6275	16139	51238	153370	229226	112946	53398	630932	7.7	7.746519435	0.046519435	1.379049335
Exam	tt1258197	2009	1424	1168	2063	4358	11163	28161	43649	24637	8958	7875	133456	6.7	6.849995504	0.149995504	1.628324602
Excalibur	tt0082348	1981	866	552	997	1769	3842	8344	16447	17894	10122	11161	71994	7.3	7.532572159	0.232572159	1.82191655
Excision	tt1984153	2012	1095	738	1086	1837	3277	5733	5791	3694	1518	1723	26492	6.1	6.226068247	0.126068247	2.12856453
Executive Decision	tt0116253	1996	863	555	1105	2639	7196	17638	19514	9209	2819	3273	64811	6.5	6.573313172	0.073313172	1.624047808
Exhuma	tt27802490	2024	551	240	391	775	1800	4720	8566	5819	2198	2549	27609	6.9	7.041544424	0.141544424	1.790329359
eXistenZ	tt0120907	1999	2535	1650	2485	4499	8905	19900	32238	23576	9791	7033	112612	6.8	6.819291017	0.019291017	1.862508512
Exit Through the Gift Shop	tt1587707	2010	875	488	377	528	1340	4171	13060	25370	15590	8790	70589	7.9	7.924889147	0.024889147	1.554034968
Exit Wounds	tt0242445	2001	1453	1157	2231	4167	7878	9381	6199	2861	951	2099	38377	5.6	5.697006019	0.097006019	2.014415334
Exodus: Gods and Kings	tt1528100	2014	7664	3838	6361	12482	28425	50964	42790	18728	5946	8526	185724	6	6.032542913	0.032542913	1.935913333
Exorcist II: The Heretic	tt0076009	1977	4330	4138	4959	5753	4392	2793	1543	917	413	1265	30503	3.8	4.055896141	0.255896141	2.292991328
Exorcist: The Beginning	tt0204313	2004	2106	1843	3548	5864	9968	8920	5121	2264	777	1760	42171	5.1	5.259633397	0.159633397	2.029590643
Explorers	tt0089114	1985	343	228	447	1128	2797	6136	6672	3653	1409	2405	25218	6.4	6.745657863	0.345657863	1.80303298
Extinction	tt3201640	2018	1641	1547	2791	5342	11161	16810	12697	5448	1640	2286	61363	5.8	5.88667438	0.08667438	1.843162508
Extract	tt1225822	2009	839	733	1425	3247	8118	15803	13297	5345	1626	1978	52411	6.1	6.205357654	0.105357654	1.66551803
Extraction	tt8936646	2020	7621	2080	3483	7169	20032	54301	93117	53760	19250	25152	285965	6.8	6.936306891	0.136306891	1.81014995
Extraction II	tt12263384	2023	1538	901	1592	3192	9161	26613	54629	38529	14880	19001	170036	7	7.29805453	0.29805453	1.625549883
Extremely Loud & Incredibly Close	tt0477302	2011	2344	1271	1980	3705	7595	16836	28595	23042	11424	10715	107507	6.9	7.060972774	0.160972774	1.912386504
Extremely Wicked, Shockingly Evil and Vile	tt2481498	2019	991	689	1376	3279	9592	26561	38969	19239	5404	5384	111484	6.7	6.78222884	0.08222884	1.507587952
Eye in the Sky	tt2057392	2015	1241	606	806	1474	4030	12107	31963	28691	9576	4926	95420	7.3	7.254998952	-0.045001048	1.516145429
Eyes Wide Shut	tt0120663	1999	7312	4332	6225	10140	20332	45443	95999	110250	64072	52874	416979	7.5	7.455795136	-0.044204864	1.861522661
Eyes Without a Face	tt0053459	1960	304	156	269	459	1331	3859	9879	12816	5476	4001	38550	7.6	7.627574578	0.027574578	1.510966151
F1: The Movie	tt16311594	2025	2058	930	1507	2769	7508	21846	62769	94113	50511	44523	288534	7.7	7.902871065	0.202871065	1.512319699
F9: The Fast Saga	tt5433138	2021	17024	8830	12670	19706	34440	33926	20712	10130	4659	15222	177319	5.2	5.343189393	0.143189393	2.450048635
Face/Off	tt0119094	1997	4066	3300	4935	9266	21920	55959	125467	115412	45536	37254	423115	7.3	7.3072758	0.0072758	1.632600283
Fading Gigolo	tt2258345	2013	610	295	579	1386	3498	7526	7245	3148	956	934	26177	6.2	6.302097261	0.102097261	1.695165791
Fahrenheit 451	tt0060390	1966	535	297	557	1117	2645	6483	14413	12203	5018	3912	47180	7.2	7.252818991	0.052818991	1.641858346
Fahrenheit 451	tt0360556	2018	1730	1239	2093	4067	6536	5127	2533	1024	373	726	25448	5	4.980234203	-0.019765797	1.980899259
Fahrenheit 9/11	tt0361596	2004	9569	1436	1443	2021	4573	11031	27619	32999	17309	26675	134675	7.5	7.378956748	-0.121043252	2.397262392
Fail Safe	tt0058083	1964	616	98	147	251	709	1656	4247	9305	5865	4513	27407	8.1	7.947677601	-0.152322399	1.734986786
Failure to Launch	tt0427229	2006	2388	2294	4261	8474	19485	26183	16721	7146	2305	3608	92865	5.7	5.80647176	0.10647176	1.822457322
Fair Game	tt0977855	2010	939	367	586	1367	3780	11439	19049	9574	2897	2629	52627	6.8	6.816482034	0.016482034	1.597296006
Fair Play	tt16304446	2023	1444	790	1122	2159	4975	10635	13162	6718	2148	2719	45872	6.4	6.45515783	0.05515783	1.901270013
Fall	tt15325794	2022	2413	1923	3147	5981	14435	32647	37680	18573	6181	8470	131450	6.4	6.545104603	0.145104603	1.791404786
Fallen	tt0119099	1998	892	622	1112	2514	6509	16716	33917	22460	8806	7363	100911	7	7.118668926	0.118668926	1.584541377
Fallen Angels	tt0112913	1995	504	470	536	913	2417	5906	13850	17336	9282	7955	59169	7.5	7.655207964	0.155207964	1.65936638
Fallen Leaves	tt21027780	2023	321	221	346	657	1748	4886	11032	10293	3767	2274	35545	7.3	7.277985652	-0.022014348	1.532602256
Falling Down	tt0106856	1993	1057	636	1186	2467	6966	22023	62232	76070	30254	20372	223263	7.5	7.627385639	0.127385639	1.399966917
Falling for Christmas	tt14715170	2022	1348	1461	2291	4074	7444	7616	4526	2149	756	1989	33654	5.3	5.524543888	0.224543888	2.079863475
Fame	tt0080716	1980	451	326	494	1060	2603	5809	6767	4346	1810	2381	26047	6.6	6.792759243	0.192759243	1.858333185
Family Plot	tt0074512	1976	252	157	319	775	2085	6085	9688	4583	1310	1392	26646	6.8	6.820836148	0.020836148	1.513021875
Family Switch	tt14227048	2023	1295	959	1543	2766	6306	8962	5850	2504	906	1705	32796	5.7	5.805403098	0.105403098	1.983573975
Fan	tt3495026	2016	4565	799	814	1377	2597	4763	6814	5764	4972	20839	53304	6.8	7.553354345	0.753354345	2.812930884
Fanaa	tt0439662	2006	1316	391	476	822	1882	4407	8921	7987	3982	6606	36790	7.1	7.36360424	0.26360424	2.102364646
Fanboys	tt0489049	2009	899	802	1265	2682	6430	13908	18087	9862	3809	5112	62856	6.5	6.738099784	0.238099784	1.798073898
Fanny and Alexander	tt0083922	1982	2063	658	829	1219	2361	4626	10220	16900	13873	18099	70848	8.1	7.945037263	-0.154962737	2.061320781
Fantasia	tt0032455	1940	1565	964	1477	2445	5286	10434	21397	29323	16772	20553	110216	7.7	7.690162953	-0.009837047	1.872747932
Fantasia 2000	tt0120910	1999	641	393	634	1113	2933	6493	12693	9739	4529	4439	43607	7.1	7.185039099	0.085039099	1.776380367
Fantastic Beasts and Where to Find Them	tt3183660	2016	4499	2707	4779	10647	27056	74080	161567	139641	57423	53633	536032	7.2	7.364918512	0.164918512	1.595703236
Fantastic Beasts: The Crimes of Grindelwald	tt4123430	2018	5200	4219	7771	15540	34703	75710	92574	49767	18219	24838	328541	6.5	6.651806015	0.151806015	1.8111903
Fantastic Beasts: The Secrets of Dumbledore	tt4123432	2022	7810	3543	5799	11529	25025	48738	45829	21680	7659	12400	190012	6.2	6.226638318	0.026638318	2.00702154
Fantastic Four	tt0120667	2005	8414	8210	16118	34945	74397	106859	70876	27404	8383	15318	370924	5.7	5.850519244	0.150519244	1.793921819
Fantastic Four	tt1502712	2015	29477	18578	25203	33412	35551	24757	11908	4711	1645	5839	191081	4.3	4.168002051	-0.131997949	2.203617117
Fantastic Four: Rise of the Silver Surfer	tt0486576	2007	8029	8161	15093	30538	62904	81267	51018	20188	6718	12746	296662	5.6	5.731964323	0.131964323	1.860652743
Fantastic Mr. Fox	tt0432283	2009	2036	1091	1664	3081	7079	19412	57401	101850	60464	45230	299308	7.9	7.973338501	0.073338501	1.496014948
Fantastic Planet	tt0070544	1973	328	207	293	554	1295	3676	9418	13106	6978	5614	41469	7.6	7.766861993	0.166861993	1.573494692
Fantasy Island	tt0983946	2020	3679	3854	6010	9536	14064	12934	7253	3003	963	1958	63254	4.9	5.035681538	0.135681538	2.028898404
Far and Away	tt0104231	1992	1158	729	1372	2956	7294	16205	20742	11804	4593	5131	71984	6.6	6.731065237	0.131065237	1.767970545
Far from Heaven	tt0297884	2002	737	397	523	1071	2524	6320	13336	13913	7081	5346	51248	7.3	7.410416016	0.110416016	1.72560433
Far from the Madding Crowd	tt2935476	2015	489	328	570	1285	3059	9084	18031	13719	5599	4896	57060	7.1	7.23999299	0.13999299	1.592481855
Farewell My Concubine	tt0106332	1993	542	217	295	418	878	1901	4404	8949	8254	10553	36411	8.1	8.28224987	0.18224987	1.784214081
Fargo	tt0116282	1996	7102	2996	4281	7244	16294	44983	132530	250436	187102	123220	776188	8.1	8.056807114	-0.043192886	1.529322859
Farha	tt11555492	2021	9562	186	102	145	297	647	1200	1761	2782	74377	91059	8	8.867690179	0.867690179	2.808621747
Fast & Furious	tt1013752	2009	5336	2844	5144	12113	30955	77784	101425	48323	17590	30120	331634	6.5	6.791993583	0.291993583	1.763653147
Fast & Furious 6	tt1905041	2013	7809	3449	5786	11044	27249	67421	121919	89330	39896	62449	436352	7	7.261658019	0.261658019	1.864441568
Fast & Furious Presents: Hobbs & Shaw	tt6806448	2019	5745	3393	5689	10691	25442	56147	64642	43223	16728	22283	253983	6.4	6.725308387	0.325308387	1.911822297
Fast Charlie	tt6722400	2023	290	201	397	922	2415	5091	4321	4764	5840	3665	27906	6	7.373360568	1.373360568	1.912669181
Fast Five	tt1596343	2011	6126	2535	4221	8237	21302	52739	116312	107110	48439	62214	429235	7.3	7.475872191	0.175872191	1.758358913
Fast Food Nation	tt0460792	2006	816	428	822	1523	3257	6721	6559	3312	1090	1461	25989	6.3	6.297664396	-0.002335604	1.908775174
Fast Times at Ridgemont High	tt0083929	1982	1203	838	1344	2688	6923	18627	37468	29321	12396	12898	123706	7.1	7.286857549	0.186857549	1.66048465
Fast X	tt5433140	2023	10067	4963	7248	11795	22479	30724	23759	12311	5363	14085	142794	5.7	5.879616791	0.179616791	2.382496788
Faster	tt1433108	2010	1485	1041	2083	4988	13820	31169	33249	14823	5195	8714	116567	6.4	6.615114055	0.215114055	1.710161664
Fatal Attraction	tt0093010	1987	949	556	1017	2387	6922	21959	39693	22545	7048	6632	109708	6.9	7.009397674	0.109397674	1.497082006
Father of the Bride	tt0101862	1991	872	804	1491	3555	9674	22932	25960	13831	5261	7256	91636	6.6	6.759483173	0.159483173	1.696864022
Father of the Bride Part II	tt0113041	1995	716	645	1148	2918	7424	12720	9195	4593	1896	3407	44662	6.1	6.332116788	0.232116788	1.844013998
Father Stu	tt14439896	2022	909	434	690	1371	3221	7116	8994	5753	2514	4466	35468	6.5	6.890718394	0.390718394	2.004677929
Fatherhood	tt4733624	2021	725	384	584	1378	4174	10876	14298	7267	2534	3877	46097	6.6	6.826496301	0.226496301	1.717197134
Fathers & Daughters	tt2582502	2015	375	213	350	715	1709	4323	9023	7141	3123	3378	30350	7	7.293904448	0.293904448	1.716624011
Fatman	tt10310140	2020	1288	810	1356	2683	5636	9382	7381	3387	1126	2109	35158	5.9	6.034672052	0.134672052	1.984786799
Fear	tt0116287	1996	927	735	1386	3210	8325	16785	14620	7171	2676	4880	60715	6.2	6.494638887	0.294638887	1.811282026
Fear and Loathing in Las Vegas	tt0120669	1998	4911	3403	4646	7503	14209	29376	61995	82570	51609	56231	316453	7.5	7.66080271	0.16080271	1.903702652
Fear Street: Part One - 1994	tt6566576	2021	3010	1866	2877	5480	12214	27963	28120	13918	4893	7907	108248	6.2	6.442908876	0.242908876	1.918068249
Fear Street: Part Three - 1666	tt9701942	2021	1434	738	1265	2477	6350	16675	22710	11805	4398	6443	74295	6.6	6.808466249	0.208466249	1.79486258
Fear Street: Part Two - 1978	tt9701940	2021	1246	608	1081	2219	6034	18353	29038	16342	5912	8077	88910	6.7	7.00538747	0.30538747	1.685199452
Fearless	tt0446059	2006	550	254	435	929	2476	7605	19619	25868	11673	11489	80898	7.6	7.766730945	0.166730945	1.521944663
Fearless	tt0106881	1993	303	209	309	649	1723	4234	7495	5563	2818	2573	25876	7	7.20064925	0.20064925	1.724999241
Feast	tt0426459	2005	1221	855	1235	2189	4338	7633	8403	5100	2014	2815	35803	6.2	6.389883529	0.189883529	2.080314493
Felon	tt1117385	2008	574	291	483	1027	3074	9786	25894	27623	10782	7832	87366	7.4	7.536101	0.136101	1.44777506
Femme Fatale	tt0280665	2002	1063	833	1271	2454	5360	9413	9118	5216	2250	2177	39155	6.2	6.313625335	0.113625335	1.942438518
Fences	tt2671706	2016	1902	992	1400	2691	6775	17182	37903	33299	12804	9432	124380	7.2	7.212461811	0.012461811	1.672599863
Ferdinand	tt3411444	2017	670	418	875	1984	5742	15670	21703	11994	4411	6560	70027	6.7	6.968297942	0.268297942	1.663042448
FernGully: The Last Rainforest	tt0104254	1992	640	498	800	1638	4010	7749	8818	5317	2373	4950	36793	6.6	6.85595086	0.25595086	1.988063283
Ferrari	tt3758542	2023	926	620	1205	2801	8041	19526	20205	8223	2044	2479	66070	6.4	6.428802785	0.028802785	1.566695158
Ferris Bueller's Day Off	tt0091042	1986	2683	1650	2628	5049	12436	34197	87168	128495	69951	67273	411530	7.8	7.877554492	0.077554492	1.563583969
Fever Pitch	tt0332047	2005	1086	707	1242	2765	6713	12951	12216	6370	2245	3313	49608	6.2	6.417593936	0.217593936	1.849406955
Fiddler on the Roof	tt0067093	1971	711	244	342	615	1474	3382	8184	14493	9655	12409	51509	8	8.087208061	0.087208061	1.73969113
Fido	tt0457572	2006	613	386	597	1170	2542	6021	9397	5610	2282	2341	30959	6.7	6.825123551	0.125123551	1.822695204
Field of Dreams	tt0097351	1989	1465	839	1406	2650	6455	15230	31381	35719	19641	22594	137380	7.5	7.641170476	0.141170476	1.753199794
Fierce Creatures	tt0119115	1997	374	310	608	1420	3302	6987	7064	3670	1388	1344	26467	6.4	6.48619035	0.08619035	1.719458283
Fifty Shades Darker	tt4465564	2017	15811	7414	9926	14109	18701	15998	11588	7429	4109	14850	119935	4.6	5.272647684	0.672647684	2.785852121
Fifty Shades Freed	tt4477536	2018	10976	5284	7246	10235	12754	10759	7712	5074	2741	8982	81763	4.6	5.156501107	0.556501107	2.744974821
Fifty Shades of Grey	tt2322441	2015	74561	27417	33188	40234	46421	37394	26317	17431	9543	40485	352991	4.2	4.704845166	0.504845166	2.937692916
Fight Club	tt0137523	1999	22637	8631	10936	16451	32862	73025	215679	527520	790806	860688	2559235	8.8	8.672520499	-0.127479501	1.510107382
Fighter	tt13818368	2024	3408	799	904	1296	2399	3863	4576	5276	10366	20894	53781	6.2	7.894033209	1.694033209	2.637265815
Fighting	tt1082601	2009	1381	932	1668	3370	7375	9668	5789	2230	777	1947	35137	5.6	5.732931098	0.132931098	1.96488285
Fighting with My Family	tt6513120	2019	845	372	696	1420	4494	15222	32221	21320	7551	8385	92526	7	7.252826233	0.252826233	1.5346441
Filth	tt1450321	2013	1604	1061	1700	3286	7817	18597	35477	29721	12891	9190	121344	7	7.142199037	0.142199037	1.704280192
Final Destination	tt0195714	2000	3428	2888	5519	11502	28765	72124	109726	55321	18084	21986	329343	6.7	6.806290099	0.106290099	1.641839895
Final Destination 2	tt0309593	2003	2775	2594	5174	11762	29617	64343	53932	23835	8164	12376	214572	6.2	6.385343847	0.185343847	1.703973252
Final Destination 3	tt0414982	2006	3367	3091	6675	14422	35153	53063	33690	15124	5708	11529	181822	5.9	6.076761888	0.176761888	1.839887094
Final Destination 5	tt1622979	2011	3567	3027	5605	11608	27431	41275	28375	13046	4893	10110	148937	5.9	6.081786259	0.181786259	1.916915051
Final Destination: Bloodlines	tt9619824	2025	1721	1180	2166	4653	12187	31969	49393	26361	8479	11731	149840	6.7	6.88868126	0.18868126	1.659615718
Final Fantasy VII: Advent Children	tt0385700	2005	1251	686	1074	1841	3387	6652	11908	11912	7109	13657	59477	7.1	7.553491266	0.453491266	2.095551349
Final Fantasy: The Spirits Within	tt0173840	2001	1735	1482	2514	4792	10195	18985	21133	13028	5389	6400	85653	6.4	6.549099273	0.149099273	1.925007795
Finch	tt3420504	2021	1252	788	1304	2484	7279	20825	36114	22338	8061	8984	109429	6.9	7.053998483	0.153998483	1.636470033
Find Me Guilty	tt0419749	2006	434	219	391	769	2114	6258	13249	8378	2829	3092	37733	7	7.139294517	0.139294517	1.593243679
Finding Dory	tt2277860	2016	2021	1241	2443	5839	16243	50034	109537	85024	30264	26777	329423	7.2	7.296709702	0.096709702	1.487091851
Finding Forrester	tt0181536	2000	639	372	600	1418	3786	11449	27505	25155	10987	10780	92691	7.3	7.518928483	0.218928483	1.549073343
Finding Nemo	tt0266543	2003	6003	2742	4026	7609	20769	64941	214246	403047	263241	206094	1192718	8.2	8.134109655	-0.065890345	1.401383961
Finding Neverland	tt0308644	2004	2578	866	1308	2762	7155	19120	46648	63658	36297	36187	216579	7.6	7.822180359	0.222180359	1.659036592
Fire in the Sky	tt0106912	1993	360	258	542	1229	3365	7589	9423	4683	1483	2155	31087	6.5	6.694084344	0.194084344	1.67574004
Fire with Fire	tt1925431	2012	768	684	1258	2898	6237	8166	4731	1903	586	1245	28476	5.6	5.75038629	0.15038629	1.827098197
Fired Up!	tt1083456	2009	1179	883	1593	3108	6522	11542	10033	5619	2469	4500	47448	6.1	6.415907941	0.315907941	2.029439953
Firefox	tt0083943	1982	467	518	1005	2395	6009	8845	6778	2839	921	1343	31120	5.9	6.076156812	0.176156812	1.722474263
Fireproof	tt1129423	2008	2473	696	609	735	1346	2456	3641	3526	2660	7211	25353	6.5	7.093558948	0.593558948	2.874450832
Firestarter	tt0087262	1984	556	481	1046	2552	6695	12054	8594	3893	1197	2295	39363	6.1	6.241597439	0.141597439	1.726088451
Firestarter	tt1798632	2022	1857	1672	2923	4396	5665	3944	1962	856	315	1726	25316	4.6	4.906778322	0.306778322	2.251376096
Firewall	tt0408345	2006	990	974	2179	5151	12861	19999	11926	4034	1110	1842	61066	5.8	5.871385059	0.071385059	1.618305271
Fireworks	tt0119250	1997	460	261	340	623	1338	2955	6842	10024	6206	6171	35220	7.7	7.79568427	0.09568427	1.771524417
First Blood	tt0083944	1982	1749	921	1457	3069	8275	25268	73606	101684	42403	38969	297401	7.7	7.778225359	0.078225359	1.463740903
First Daughter	tt0361620	2004	1236	1233	2235	4241	7058	6285	3912	1966	875	1972	31013	5.2	5.516331861	0.316331861	2.114918616
First Knight	tt0113071	1995	1611	1428	2798	5871	14342	24195	17563	7934	2797	3608	82147	6	6.097495952	0.097495952	1.770670278
First Man	tt1213641	2018	3260	1379	1993	3675	10236	28970	66990	61141	23263	13130	214037	7.3	7.2437102	-0.0562898	1.597706371
First Reformed	tt6053438	2017	1446	826	1293	2216	4816	9887	17257	16299	8251	4479	66770	7.1	7.031346413	-0.068653587	1.864195914
Fish Tank	tt1232776	2009	724	444	701	1324	3227	9075	20512	19568	7793	4529	67897	7.3	7.292678616	-0.007321384	1.57284479
Fist Fight	tt3401882	2017	1578	1337	2331	4382	9499	13405	8540	3544	1208	2552	48376	5.6	5.813254506	0.213254506	1.937423853
Fist of Fury	tt0068767	1972	223	157	277	665	1753	4994	11889	8689	3234	4922	36803	7.2	7.440099992	0.240099992	1.591123792
Fist of Legend	tt0110200	1994	326	130	159	365	1003	2677	6677	7433	3524	4128	26422	7.5	7.67538415	0.17538415	1.675060463
Fitzcarraldo	tt0083946	1982	541	216	302	481	1097	2908	7410	13635	8727	6939	42256	7.9	7.942517039	0.042517039	1.648207138
Five Easy Pieces	tt0065724	1970	392	279	483	942	2308	5305	11539	11877	5912	4761	43798	7.4	7.446550071	0.046550071	1.665378686
Five Feet Apart	tt6472976	2019	890	532	874	1848	4999	12199	24962	22599	11227	14900	95030	7.2	7.531579501	0.331579501	1.725408863
Five Nights at Freddy's	tt4589218	2023	4386	4294	7676	12939	23385	27817	19431	10100	4755	18251	133034	5.4	6.116534119	0.716534119	2.318991398
Five Nights at Freddy's 2	tt30274401	2025	1336	1292	1945	2903	4310	4826	3594	2445	1264	4466	28381	5.2	6.082484761	0.882484761	2.54288034
Flags of Our Fathers	tt0418689	2006	1374	658	1165	2713	7482	22165	48305	31462	10147	8126	133597	7.1	7.109822825	0.009822825	1.510060575
Flash Gordon	tt0080745	1980	1142	1022	1852	3530	7023	13616	15962	10331	4142	6851	65471	6.5	6.718134747	0.218134747	1.966297906
Flashdance	tt0085549	1983	978	995	1898	3948	8811	16514	14481	7643	2924	5175	63367	6.2	6.441365379	0.241365379	1.87966043
Flatliners	tt0099582	1990	892	863	1621	3777	10260	25301	31339	15081	4560	4290	97984	6.6	6.630225343	0.030225343	1.560127227
Flatliners	tt2039338	2017	2183	2206	3686	6615	12678	13258	7382	2847	950	1837	53642	5.2	5.376775661	0.176775661	1.921542261
Flawless	tt0780516	2007	245	149	259	688	2202	6529	9985	4986	1519	1539	28101	6.7	6.871641579	0.171641579	1.493378162
Fletch	tt0089155	1985	602	444	729	1820	4703	11353	18587	11650	5178	5838	60904	6.9	7.074756995	0.174756995	1.697752713
Flickering Lights	tt0236027	2000	206	107	147	372	938	2543	5979	7772	4314	4121	26499	7.5	7.787539152	0.287539152	1.599209243
Flight	tt1907668	2012	2141	1337	2367	5092	14294	48813	136851	119876	39021	24466	394258	7.3	7.379548418	0.079548418	1.369599495
Flight of the Navigator	tt0091059	1986	486	304	535	1390	3900	10538	17310	10488	4020	5803	54774	6.9	7.125114105	0.225114105	1.656196359
Flight of the Phoenix	tt0377062	2004	935	798	1547	3555	8983	18907	14690	5561	1493	2097	58566	6.1	6.172079363	0.072079363	1.629247873
Flight Risk	tt10078772	2025	2408	1948	3130	5218	9395	9757	5532	2050	593	1800	41831	5.2	5.272262198	0.072262198	2.048422924
Flightplan	tt0408790	2005	2317	1930	3827	9132	23694	54376	52721	21679	6687	7562	183925	6.3	6.400402338	0.100402338	1.606357748
Flipped	tt0817177	2010	664	348	533	1108	3126	8955	23647	32641	16615	17764	105401	7.7	7.880219353	0.180219353	1.539723137
Florence Foster Jenkins	tt4136084	2016	827	368	662	1395	4214	13436	22900	11543	3588	2950	61883	6.8	6.871854952	0.071854952	1.524605139
Flow	tt4772188	2024	688	369	541	1078	2639	7708	20780	47716	19252	19411	120182	7.9	7.999284419	0.099284419	1.442368945
Flubber	tt0119137	1997	2523	3484	6867	13461	24556	24263	13182	5207	1752	3989	99284	5.3	5.457898554	0.157898554	1.859912134
Flushed Away	tt0424095	2006	1514	1357	2516	5836	15487	36160	46348	22472	7416	8989	148095	6.6	6.687335832	0.087335832	1.639099649
Fly Away Home	tt0116329	1996	344	185	375	856	2214	5310	8484	5086	2374	3357	28585	6.9	7.108798321	0.208798321	1.767872207
Fly Me to the Moon	tt1896747	2024	783	429	675	1556	4939	14097	20158	8959	2383	2476	56455	6.6	6.698290674	0.098290674	1.536082388
Flyboys	tt0454824	2006	922	511	925	1978	4616	10629	13506	7122	2575	3261	46045	6.5	6.662786405	0.162786405	1.800087622
Flypaper	tt1541160	2011	632	491	903	1844	4118	8418	9532	5038	1851	2100	34927	6.3	6.51312738	0.21312738	1.806854573
Focus	tt2381941	2015	3457	2149	4052	9552	26649	69746	97384	48147	15659	15718	292513	6.6	6.75120422	0.15120422	1.589954902
Following	tt0154506	1998	709	354	535	1207	3573	11661	32202	36232	13694	8501	108668	7.4	7.538622225	0.138622225	1.409020808
Food, Inc.	tt1286537	2008	568	279	315	474	1274	3894	11700	18273	8692	7640	53109	7.8	7.840723794	0.040723794	1.564447898
Fool's Gold	tt0770752	2008	2626	2186	3809	7622	17163	24186	16515	7078	2613	4815	88613	5.7	5.910419464	0.210419464	1.921679204
Fools Rush In	tt0119141	1997	620	589	1150	2683	6264	10966	8809	4723	2000	3716	41520	6.1	6.447567437	0.347567437	1.895089523
Footloose	tt0087277	1984	1222	985	1902	4127	10221	23489	28556	15522	5983	8673	100680	6.6	6.774831148	0.174831148	1.763124154
Footloose	tt1068242	2011	2713	1392	2169	4037	8260	12029	9851	5862	2840	5898	55051	5.9	6.212766344	0.312766344	2.274371959
For a Few Dollars More	tt0059578	1965	2416	719	964	1894	4414	12083	45064	103935	76556	48592	296637	8.2	8.194331793	-0.005668207	1.412118539
For Love and Honor	tt1051907	2007	566	116	166	293	651	1894	4794	7660	4266	5240	25646	7.8	7.904507526	0.104507526	1.809499628
For Love of the Game	tt0126916	1999	729	460	789	1669	3933	8472	10734	6589	3085	3434	39894	6.6	6.796611019	0.196611019	1.858408228
For Your Eyes Only	tt0082398	1981	807	621	1238	3093	9560	26968	41217	18383	5860	6806	114553	6.7	6.845093537	0.145093537	1.500047095
Forbidden Planet	tt0049223	1956	496	288	453	899	2318	5970	13250	16201	8143	8642	56660	7.5	7.686233675	0.186233675	1.656681148
Force Majeure	tt2121382	2014	1087	699	1033	1747	3836	9556	21009	20811	8449	3853	72080	7.2	7.175499445	-0.024500555	1.669172397
Forces of Nature	tt0141098	1999	1292	1211	2147	4189	8621	9175	5659	2501	922	1424	37141	5.5	5.579413586	0.079413586	1.917460932
Ford v Ferrari	tt1950186	2019	1936	842	1078	2054	6345	22635	91865	206796	139901	83505	556957	8.1	8.212818943	0.112818943	1.25211802
Foreign Correspondent	tt0032484	1940	193	101	150	314	1011	2983	7545	7948	3050	2397	25692	7.4	7.50712284	0.10712284	1.487426007
Forever Young	tt0104291	1992	616	522	1018	2498	7030	15709	13772	6071	2085	2894	52215	6.4	6.450004788	0.050004788	1.651940881
Forgetting Sarah Marshall	tt0800039	2008	3654	2191	3516	6978	17972	47619	93653	78326	34435	29299	317643	7.1	7.263355402	0.163355402	1.666923201
Forgotten	tt7057496	2017	428	229	346	722	2056	6136	16346	17617	8057	7205	59142	7.4	7.639731494	0.239731494	1.527619829
Formula 51	tt0227984	2001	888	734	1472	2885	6537	13125	13919	7375	2629	2868	52432	6.3	6.456381599	0.156381599	1.786384673
Forrest Gump	tt0109830	1994	17002	7431	9596	15036	30263	69663	209956	517677	750298	831981	2458903	8.8	8.692367694	-0.107632306	1.460022246
Fortress	tt0106950	1992	606	638	1226	2518	5878	9500	6751	2712	746	1278	31853	5.9	5.979625153	0.079625153	1.745896111
Fountain of Youth	tt27075958	2025	1205	1180	2318	4443	10037	14096	8836	3272	1033	2030	48450	5.7	5.793126935	0.093126935	1.813302521
Four Brothers	tt0430105	2005	1524	994	1970	4558	12500	33781	57184	30465	10517	13616	167109	6.8	6.987421384	0.187421384	1.606142686
Four Christmases	tt0369436	2008	2217	2019	3579	7908	17327	24166	16226	7580	2701	4431	88154	5.7	5.933888423	0.233888423	1.876063942
Four Lions	tt1341167	2010	1346	740	1022	1954	4114	10927	24698	25542	11786	8002	90131	7.3	7.357690473	0.057690473	1.703174527
Four Rooms	tt0113101	1995	2143	1462	2404	4928	10058	21477	32855	22377	9214	9162	116080	6.7	6.846054445	0.146054445	1.84972667
Four Weddings and a Funeral	tt0109831	1994	1747	1337	2235	4592	11237	29051	57171	42634	17437	12327	179768	7.1	7.128393262	0.028393262	1.613091987
Foxcatcher	tt1100089	2014	1974	1155	2043	4080	10050	26240	53404	37502	11339	6471	154258	7	6.969025918	-0.030974082	1.562773809
Fracture	tt0488120	2007	981	652	1281	2964	9153	31503	84246	64954	22146	15032	232912	7.2	7.349363708	0.149363708	1.35447788
Fractured	tt4332232	2019	1647	1144	2118	4305	10951	26413	33769	17838	6046	5863	110094	6.5	6.656793286	0.156793286	1.684957242
Frailty	tt0264616	2001	1064	627	1027	1928	4869	13403	29647	26176	11000	8750	98491	7.2	7.323623478	0.123623478	1.622428924
Frances Ha	tt2347569	2012	954	608	909	1713	4063	11080	27232	31452	14544	8721	101276	7.4	7.493285675	0.093285675	1.572129623
Frank	tt1605717	2014	1105	731	1165	2295	5803	14110	27292	19929	7270	4605	84305	6.9	7.008753929	0.108753929	1.634114582
Frankenstein	tt0021884	1931	1296	409	643	1201	2973	7441	18740	26975	12869	14335	86882	7.7	7.763506825	0.063506825	1.710272727
Frankenstein	tt1312221	2025	1441	943	1650	3101	8164	22826	56268	74552	32838	27220	229003	7.5	7.670165893	0.170165893	1.526005979
Frankenstein	tt0109836	1994	1121	956	1565	3577	7958	16193	16749	8732	2974	3394	63219	6.3	6.434600357	0.134600357	1.78079271
Frankenweenie	tt1142977	2012	1438	803	1450	3068	8501	23551	42906	25350	8551	9663	125281	6.9	7.025869845	0.125869845	1.614724996
Frankie and Johnny	tt0101912	1991	338	242	492	1070	3137	8404	11961	6662	2401	3072	37779	6.8	6.936102067	0.136102067	1.630482098
Frantic	tt0095174	1988	589	341	640	1451	4352	12875	22467	11971	3534	2843	61063	6.8	6.899071451	0.099071451	1.483496811
Freakier Friday	tt31956415	2025	1102	540	910	1672	3980	8022	8718	4676	1819	3269	34708	6.3	6.543937997	0.243937997	2.01469802
Freaks	tt0022913	1932	621	267	428	720	1878	4303	10843	17097	9113	8947	54217	7.8	7.833170408	0.033170408	1.666722146
Freaks	tt8781414	2018	796	490	752	1550	3789	9242	14009	8257	2911	2565	44361	6.7	6.776154731	0.076154731	1.725329888
Freaky	tt10919380	2020	1556	961	1814	3631	9506	22355	23569	10296	2991	3886	80565	6.3	6.432495501	0.132495501	1.702116716
Freaky Friday	tt0322330	2003	2121	2093	3884	9254	21885	44268	45254	23864	8950	13568	175141	6.4	6.588565784	0.188565784	1.785019217
Fred Claus	tt0486583	2007	1600	1367	2311	4795	9716	12958	8900	4137	1598	3502	50884	5.7	5.926676362	0.226676362	2.017724214
Freddy	tt15145764	2022	852	234	294	363	946	2085	4644	6336	5574	15135	36463	7.3	8.381263198	1.081263198	1.998584869
Freddy Got Fingered	tt0240515	2001	11206	4215	3961	4250	5088	5205	5403	4071	2318	8120	53837	4.7	5.157048127	0.457048127	3.165744767
Freddy vs. Jason	tt0329101	2003	4321	4158	7085	12312	22466	30480	23754	13387	5358	11841	135162	5.8	6.054630739	0.254630739	2.149702116
Freddy's Dead: The Final Nightmare	tt0101917	1991	3099	3628	5706	9532	12575	8909	5052	2450	940	3335	55226	4.7	5.046608482	0.346608482	2.18664629
Free Birds	tt1621039	2013	854	687	1234	2330	4829	7381	5067	2402	1010	2387	28181	5.8	6.079486179	0.279486179	2.058201677
Free Fire	tt4158096	2016	1247	911	1400	2755	6493	13535	15438	7602	2005	1591	52977	6.3	6.31974253	0.01974253	1.736768165
Free Guy	tt6264654	2021	4672	3208	5207	9921	25713	72822	147268	118263	47022	46121	480217	7.1	7.274373877	0.174373877	1.633872669
Free Solo	tt7775622	2018	306	117	184	320	905	3484	14130	30884	21150	12917	84397	8.1	8.214782516	0.114782516	1.260350471
Free State of Jones	tt1124037	2016	786	325	553	1377	4095	12878	24330	14344	4510	4460	67658	6.9	7.044222413	0.144222413	1.534501966
Free Willy	tt0106965	1993	1399	1330	2741	6107	15519	25223	18046	8210	3140	6566	88281	6.1	6.247833622	0.147833622	1.842368283
Freedom Writers	tt0463998	2007	958	381	572	1126	2916	8171	21530	28280	13710	14343	91987	7.6	7.776272734	0.176272734	1.614964687
Freelance	tt15744298	2023	713	734	1331	2616	6313	8365	4823	1742	535	1241	28413	5.6	5.747897089	0.147897089	1.809033627
Freeway	tt0116361	1996	953	468	641	1241	2654	5711	8800	6582	3078	3736	33864	6.8	6.958126624	0.158126624	2.005651758
French Kiss	tt0113117	1995	597	439	933	2142	5747	12692	15430	9170	3787	5271	56208	6.6	6.865428409	0.265428409	1.754863824
Frenzy	tt0068611	1972	401	226	352	767	2100	6300	16526	16312	5897	4014	52895	7.4	7.423537196	0.023537196	1.467166886
Frequency	tt0186151	2000	599	388	742	1557	4790	14792	36639	34929	14650	13160	122246	7.4	7.541236523	0.141236523	1.478601445
Frequently Asked Questions About Time Travel	tt0910554	2009	455	273	453	951	2409	6415	12054	8920	3595	2813	38338	7	7.118837707	0.118837707	1.640217729
Fresh	tt13403046	2022	1526	860	1272	2590	6786	19680	31274	16870	4958	4708	90524	6.7	6.793911007	0.093911007	1.635550081
Frida	tt0120679	2002	911	464	754	1431	3943	11794	29182	29112	12463	10871	100925	7.3	7.51400545	0.21400545	1.564550001
Friday	tt0113118	1995	1531	847	1419	2668	6713	17050	37191	31298	14531	21961	135209	7.2	7.507850809	0.307850809	1.760604217
Friday After Next	tt0293815	2002	847	700	1307	2702	5910	8017	5274	2824	1312	3508	32401	5.8	6.204314682	0.404314682	2.108254184
Friday Night Lights	tt0390022	2004	920	370	578	1211	3302	9243	21961	17764	7571	7213	70133	7.2	7.361926625	0.161926625	1.640518058
Friday the 13th	tt0080761	1980	2687	2579	5017	9341	20853	42819	45191	22823	8368	13407	173085	6.4	6.527093625	0.127093625	1.846324025
Friday the 13th	tt0758746	2009	5082	4321	7461	12601	23737	29367	20050	10098	3943	8569	125229	5.5	5.779084717	0.279084717	2.122959806
Friday the 13th Part 2	tt0082418	1981	1460	1463	2705	5620	13214	24441	17944	9195	3632	6378	86052	6.1	6.314007809	0.214007809	1.87003248
Friday the 13th Part VI: Jason Lives	tt0091080	1986	1355	1157	2128	4275	8681	13614	10574	6451	2713	5566	56514	6	6.333740312	0.333740312	2.064537977
Friday the 13th Part VIII: Jason Takes Manhattan	tt0097388	1989	3360	4089	5990	8671	9242	6405	3959	2026	901	2930	47573	4.5	4.838080424	0.338080424	2.292813624
Friday the 13th: A New Beginning	tt0089173	1985	2650	3071	4994	8621	11304	7721	4570	2139	844	2854	48768	4.8	5.051304134	0.251304134	2.165150285
Friday the 13th: Part 3	tt0083972	1982	1513	1710	3724	6776	13824	16328	10496	5433	2227	4758	66789	5.6	5.911991496	0.311991496	2.001342179
Friday the 13th: The Final Chapter	tt0087298	1984	1423	1265	2365	5022	10394	16546	12169	7359	2966	5953	65462	6	6.30382512	0.30382512	2.012344172
Friday the 13th: The New Blood	tt0095179	1988	1682	1776	3478	6259	10728	9434	6022	2955	1168	3338	46840	5.2	5.564346712	0.364346712	2.119450362
Fried Green Tomatoes	tt0101921	1991	863	497	655	1210	2949	7602	18537	25170	14660	17710	89853	7.7	7.892646879	0.192646879	1.687489653
Friend Request	tt3352390	2016	1511	1302	2034	3372	6087	6402	3992	1934	663	1586	28883	5.2	5.463248278	0.263248278	2.131649204
Friends with Benefits	tt1632708	2011	5117	3815	6830	15765	42919	103723	124605	62615	23432	27747	416568	6.5	6.708971885	0.208971885	1.680868617
Friends with Kids	tt1720616	2011	1013	803	1258	2707	6344	12386	10705	5066	1766	1933	43981	6.1	6.228689661	0.128689661	1.797867967
Friends with Money	tt0436331	2006	1282	991	1591	3102	6120	8589	6402	2860	984	1320	33241	5.8	5.785896935	-0.014103065	1.955023986
Friendship	tt30505698	2024	857	627	881	1522	3431	7232	10295	6482	2244	2122	35693	6.6	6.632280839	0.032280839	1.871462714
Fright Night	tt0089175	1985	837	480	963	1939	5097	13865	27872	19322	7279	9604	87258	7.1	7.246877077	0.146877077	1.654309703
Fright Night	tt1438176	2011	2356	1632	2808	5852	13981	30611	33951	15943	5077	6828	119039	6.4	6.470123237	0.070123237	1.772592684
From Beyond	tt0091083	1986	497	372	730	1369	3428	7458	10181	6101	2177	2404	34717	6.6	6.754702307	0.154702307	1.753299565
From Dusk Till Dawn	tt0116367	1996	4379	2861	4475	8572	19845	50443	109033	95673	38146	32195	365622	7.2	7.257703311	0.057703311	1.671465382
From Hell	tt0120681	2001	1530	1192	2364	5244	13840	36176	57696	31759	10639	10487	170927	6.7	6.884828026	0.184828026	1.582159239
From Here to Eternity	tt0045793	1953	652	270	403	744	1982	5149	12950	16853	7936	6825	53764	7.6	7.650639833	0.050639833	1.634911105
From Justin to Kelly	tt0339034	2003	16337	2338	1456	669	576	419	330	235	234	4683	27277	1.9	3.173992741	1.273992741	3.439344263
From Paris with Love	tt1179034	2010	2351	1701	2842	6052	13664	30678	37128	18505	6218	7078	126217	6.4	6.540743323	0.140743323	1.764329878
From Russia with Love	tt0057076	1963	667	413	808	1979	6349	19983	50922	44499	16036	13668	155324	7.3	7.448469007	0.148469007	1.414724592
From Up on Poppy Hill	tt1798188	2011	455	180	331	723	2059	6775	18005	16875	6826	6093	58322	7.4	7.527931141	0.127931141	1.495608359
Frontier(s)	tt0814685	2007	1017	698	1092	1908	3647	6902	7266	4246	1684	2063	30523	6.2	6.342233725	0.142233725	2.036131161
Frost/Nixon	tt0870111	2008	844	299	366	807	2618	9183	31102	45169	17082	8053	115523	7.6	7.680635025	0.080635025	1.325901383
Frozen	tt2294629	2013	9945	4573	7074	13597	32670	81755	174608	177662	93709	109541	705134	7.4	7.56015736	0.16015736	1.781316616
Frozen	tt1323045	2010	2647	2159	3254	5660	11518	21684	20966	10254	3562	4757	86461	6.1	6.19334729	0.09334729	1.956864267
Frozen II	tt4520988	2019	3945	2235	3672	7523	18424	42604	59761	38008	17192	21993	215357	6.8	6.938785366	0.138785366	1.85939374
Frozen River	tt0978759	2008	304	185	278	524	1433	3922	9398	7158	2363	1529	27094	7.1	7.156861298	0.056861298	1.538052378
Fruitvale Station	tt2334649	2013	1198	628	593	1075	2971	8944	25515	29533	11837	8355	90649	7.5	7.523568931	0.023568931	1.579134781
Fukrey 3	tt26445483	2023	1241	324	349	484	851	1123	1287	3419	6348	10434	25860	5.5	8.263650425	2.763650425	2.397731756
Full Metal Jacket	tt0093058	1987	4464	1975	3197	5501	13374	38066	129956	280127	228092	137298	842050	8.2	8.208290482	0.008290482	1.378931026
Fun with Dick and Jane	tt0369441	2005	2250	1965	4035	9261	24348	48841	40793	16743	5398	8056	161690	6.2	6.300649391	0.100649391	1.679399457
Funny Face	tt0050419	1957	260	213	404	902	2376	5880	11460	7223	3103	3424	35245	7	7.173698397	0.173698397	1.633467597
Funny Farm	tt0095188	1988	420	397	1029	1924	3978	6825	5824	3189	1127	1782	26495	6.2	6.30609549	0.10609549	1.868916775
Funny Games	tt0119167	1997	2382	1044	1337	1970	3992	8864	21289	28818	14916	10318	94930	7.5	7.442283788	-0.057716212	1.888562545
Funny Games	tt0808279	2007	5738	2571	3139	5233	9655	19848	27265	19365	8753	7903	109470	6.5	6.505654517	0.005654517	2.190750129
Funny Girl	tt0062994	1968	364	176	239	511	1267	2879	6896	6528	3339	4860	27059	7.4	7.621604642	0.221604642	1.793569071
Funny People	tt1201167	2009	4024	2463	3830	7319	15212	30181	33050	17719	6525	6481	126804	6.3	6.336543011	0.036543011	1.927183683
Furiosa: A Mad Max Saga	tt12037194	2024	3722	1763	2666	4502	11219	31881	80739	94630	37034	44335	312491	7.5	7.614632101	0.114632101	1.660608113
Furious 7	tt2820852	2015	10004	4547	6401	11331	25846	57954	108799	89006	45788	75937	435613	7.1	7.35901362	0.25901362	1.998018185
Fury	tt2713180	2014	4691	2407	3534	6830	16987	51370	151460	206118	92360	63278	599035	7.6	7.701997379	0.101997379	1.482318522
Fyre	tt9412098	2019	249	93	190	486	1894	7883	23081	15072	3501	1876	54325	7.2	7.218205246	0.018205246	1.194686983
G-Force	tt0436339	2009	3181	2443	4184	7030	12438	10895	6204	2682	941	2886	52884	5.1	5.26647001	0.16647001	2.130106628
G.I. Jane	tt0119173	1997	2312	1833	3465	6850	14841	24575	20144	9922	3573	4669	92184	6	6.125347132	0.125347132	1.879962547
G.I. Joe: Retaliation	tt1583421	2013	5797	4617	8391	16593	34913	49980	34939	15867	6017	15104	192218	5.7	6.022968713	0.322968713	2.026943574
G.I. Joe: The Rise of Cobra	tt1046173	2009	8647	6924	11174	19125	37080	54012	42231	20996	7772	12563	220524	5.7	5.900273893	0.200273893	2.060298717
G.O.R.A.	tt0384116	2004	2129	412	512	796	1634	3492	8592	16494	11881	24893	70835	8	8.25509988	0.25509988	2.019186652
G20	tt23476986	2025	3800	1469	1707	2426	4211	4472	3060	1553	659	1841	25198	5.1	5.065282959	-0.034717041	2.600716482
Gabbar Is Back	tt2424988	2015	905	307	337	619	1445	2993	5867	5284	3574	7943	29274	7	7.69030539	0.69030539	2.164204374
Gadar 2	tt15441054	2023	4498	847	769	931	1345	1183	1144	1044	1060	12414	25235	5.1	6.977848227	1.877848227	3.601727728
Galaxy Quest	tt0177789	1999	1328	1082	1789	3531	8722	22910	51755	51250	24680	22591	189638	7.4	7.510984085	0.110984085	1.618614822
Gallipoli	tt0082432	1981	599	201	331	654	1890	4979	12270	12798	5763	4613	44098	7.4	7.487981314	0.087981314	1.630103024
Gambit	tt0404978	2012	605	560	1137	2384	5555	8021	5132	1829	565	937	26725	5.7	5.821665108	0.121665108	1.741875059
Game Changer	tt14209618	2025	1789	432	509	615	924	900	731	574	5710	16562	28746	5.1	8.466534474	3.366534474	2.664822778
Game Night	tt2704998	2018	1759	1412	2696	5877	17166	53645	99737	58378	17688	15880	274238	6.9	7.026940103	0.126940103	1.465296992
Game Over, Man!	tt3317234	2018	2065	1389	2111	3423	6396	8389	5917	2637	899	1991	35217	5.5	5.613709288	0.113709288	2.158613477
Gamer	tt1034032	2009	4284	4099	6973	12898	25854	37812	27828	12783	4449	6317	143297	5.7	5.871762842	0.171762842	1.924278941
Gandhi	tt0083987	1982	4127	1057	1356	2228	5730	14540	43412	80659	51667	41499	246275	8	7.975880621	-0.024119379	1.662263659
Gangs of New York	tt0217505	2002	4349	2671	4246	7980	19044	50373	132014	161573	72394	45306	499950	7.5	7.546944694	0.046944694	1.548618751
Gangs of Wasseypur	tt1954470	2012	4648	827	752	1020	2117	3522	9118	20512	27630	42407	112553	8.2	8.39619557	0.19619557	2.138027649
Gangster Squad	tt1321870	2013	2158	1734	3472	8061	19536	48074	75609	42453	14096	12774	227967	6.7	6.833888238	0.133888238	1.599008207
Gangubai Kathiawadi	tt10083340	2022	16522	1173	782	871	1577	3205	6929	8004	4590	22792	66445	7.8	6.525366845	-1.274633155	3.619575368
Garden State	tt0333766	2004	3759	1635	2505	4329	10323	23959	49308	56480	34876	40962	228136	7.4	7.660908406	0.260908406	1.855549287
Garfield: A Tail of Two Kitties	tt0455499	2006	2237	2688	3928	6851	11932	9638	5822	2747	1116	3486	50445	5	5.390484686	0.390484686	2.169883433
Garfield: The Movie	tt0356634	2004	4022	5029	8174	13618	23205	20446	12184	5469	2053	5612	99812	5.1	5.364204705	0.264204705	2.085810862
Gaslight	tt27012110	2023	772	224	304	405	753	1004	1506	2549	6327	12540	26384	5.8	8.596801092	2.796801092	2.127006011
Gaslight	tt0036855	1944	222	91	151	331	929	2726	7970	13889	6154	4743	37206	7.8	7.872386174	0.072386174	1.419620699
Gattaca	tt0119177	1997	1567	987	1563	3344	8886	27184	78882	117770	60166	43073	343422	7.7	7.849520415	0.149520415	1.424804071
Gehraiyaan	tt10733228	2022	13092	1186	924	992	1541	2172	3638	4364	3809	13351	45069	5.6	6.015442987	0.415442987	3.736106334
Gemini Man	tt1025100	2019	4415	3074	5788	11263	25306	37582	25319	9600	2875	4654	129876	5.7	5.785895778	0.085895778	1.840854729
Gentlemen Prefer Blondes	tt0045810	1953	296	195	420	871	2750	6978	14867	11117	4141	5044	46679	7.1	7.321536451	0.221536451	1.578589904
George of the Jungle	tt0119190	1997	2246	2798	5205	9866	18705	20676	14136	6984	2603	5871	89090	5.6	5.808317432	0.208317432	2.016036564
Georgia Rule	tt0791304	2007	1636	743	1136	2081	4258	6287	5508	3073	1300	2947	28969	5.9	6.150574752	0.250574752	2.287572486
Geostorm	tt1981128	2017	5446	5884	8819	14296	26547	31173	20657	9049	3218	6047	131136	5.4	5.544251769	0.144251769	2.045587896
Gerald's Game	tt3748172	2017	2647	1989	3309	6525	15163	33410	42931	22504	6766	5275	140519	6.5	6.498195973	-0.001804027	1.713157091
Get a Job	tt1468846	2016	899	989	1809	3483	7093	7351	3502	1192	347	788	27453	5.3	5.349506429	0.049506429	1.790310648
Get Carter	tt0067128	1971	294	225	404	752	2009	4756	11067	11108	4714	4062	39391	7.3	7.436317941	0.136317941	1.603309629
Get Carter	tt0208988	2000	1960	1482	2835	5344	9801	8417	4603	1953	651	1828	38874	5.2	5.306786027	0.106786027	2.01762913
Get Hard	tt2561572	2015	3004	2482	4796	10086	24700	46775	36280	14789	4510	6686	154108	6	6.142263867	0.142263867	1.733140687
Get Him to the Greek	tt1226229	2010	4279	3002	5061	10131	23146	45873	50251	27577	10322	9985	189627	6.3	6.444646596	0.144646596	1.837065612
Get on Up	tt2473602	2014	430	145	213	600	1734	5043	9515	5469	1770	2137	27056	6.9	7.03518628	0.13518628	1.627254732
Get Out	tt5052448	2017	9440	3577	5212	9093	21081	59783	177314	275165	145774	92205	798644	7.8	7.774726912	-0.025273088	1.561516996
Get Rich or Die Tryin'	tt0430308	2005	7876	1644	2171	3627	7285	10197	8727	4567	1739	5917	53750	5.6	5.623032558	0.023032558	2.708207062
Get Shorty	tt0113161	1995	902	680	1292	2750	7323	17950	32194	20711	7275	5351	96428	6.9	6.963579043	0.063579043	1.577562115
Get Smart	tt0425061	2008	2686	2411	4538	10039	26423	59627	70284	34657	12037	13544	236246	6.5	6.620945963	0.120945963	1.666374063
Get the Gringo	tt1567609	2012	1197	522	993	2306	6560	20750	42496	24808	7452	7263	114347	6.9	7.060771161	0.160771161	1.505982163
Getaway	tt2167202	2013	2712	2189	2919	4365	4850	3470	1919	935	465	2057	25881	4.4	4.792898265	0.392898265	2.45870009
Gettysburg	tt0107007	1993	473	225	309	547	1442	3013	6641	8769	5076	6623	33118	7.6	7.7866719	0.1866719	1.818249502
Ghajini	tt1166100	2008	2625	860	1090	1459	3044	6662	15323	17537	9255	13682	71537	7.4	7.497029509	0.097029509	2.132885526
Ghost	tt0099653	1990	2139	1724	2984	6200	16003	39933	77480	57046	24040	26011	253560	7.1	7.233593627	0.133593627	1.662795252
Ghost Dog: The Way of the Samurai	tt0165798	1999	1363	828	1065	1982	4444	10459	23903	30959	15986	11936	102925	7.5	7.552518824	0.052518824	1.718013299
Ghost in the Shell	tt0113568	1995	1185	617	900	1789	4254	11574	30403	53527	35472	31114	170835	7.9	8.045271753	0.145271753	1.541546168
Ghost in the Shell	tt1219827	2017	4875	3406	5903	12224	30296	60818	64289	32860	11119	12168	237958	6.3	6.426907269	0.126907269	1.78220284
Ghost in the Shell 2: Innocence	tt0347246	2004	444	237	389	717	1804	4661	10300	11983	6059	5717	42311	7.4	7.600954834	0.200954834	1.676047572
Ghost Rider	tt0259324	2007	11960	11321	19156	32758	55969	59484	38851	17002	6258	13732	266491	5.3	5.484110158	0.184110158	2.078707091
Ghost Rider: Spirit of Vengeance	tt1071875	2011	12733	11493	17229	24265	25828	17756	9594	4676	1900	7478	132952	4.4	4.637673747	0.237673747	2.292051386
Ghost Ship	tt0288477	2002	2747	3418	6601	12700	24474	28866	19456	8810	3233	5730	116035	5.6	5.76395915	0.16395915	1.918442577
Ghost Stories	tt5516328	2017	667	568	943	1967	4705	10124	11680	5931	1645	1444	39674	6.4	6.432978777	0.032978777	1.685431643
Ghost Town	tt0995039	2008	787	587	1130	2543	6887	18495	27551	14231	4591	4205	81007	6.7	6.801906008	0.101906008	1.560561681
Ghost World	tt0162346	2001	1566	1004	1507	2752	6641	16210	33930	35692	17398	14769	131469	7.3	7.430542561	0.130542561	1.715638623
Ghostbusters	tt0087332	1984	2203	1486	2592	5370	14564	41388	110490	157935	72418	73711	482157	7.8	7.842592765	0.042592765	1.492893884
Ghostbusters	tt1289401	2016	44431	13398	14930	21249	33693	42271	34933	19669	8475	23956	257005	6.8	5.217104726	-1.582895274	2.785332746
Ghostbusters II	tt0097428	1989	1774	1833	3747	9183	24946	60744	72597	34636	11954	16448	237862	6.6	6.72633712	0.12633712	1.621613092
Ghostbusters: Afterlife	tt4513678	2021	2847	1721	2860	5707	14000	36541	67896	54614	23737	28568	238491	7	7.289331673	0.289331673	1.739804702
Ghostbusters: Frozen Empire	tt21235248	2024	2194	1640	2848	6236	15356	30148	24624	10278	3240	5950	102514	6.1	6.241898667	0.141898667	1.797226607
Ghosted	tt15326988	2023	2481	2001	3245	5983	12691	20399	16075	7236	2771	5535	78417	5.8	6.079051736	0.279051736	2.013449974
Ghosts of Girlfriends Past	tt0821640	2009	2232	2283	4064	8281	18669	27905	18923	8363	3002	4750	98472	5.8	5.958770006	0.158770006	1.846993816
Ghosts of Mars	tt0228333	2001	3549	3845	6126	9643	12931	10933	6913	3281	1129	2794	61144	4.9	5.089330106	0.189330106	2.144068081
Giant	tt0049261	1956	444	285	392	731	1979	4515	10195	13477	6279	6445	44742	7.6	7.649211032	0.049211032	1.679030975
Gifted	tt4481414	2017	582	231	490	991	3465	13496	43206	53148	22085	19040	156734	7.6	7.793905598	0.193905598	1.348242735
Gigi	tt0051658	1958	481	446	654	1182	2605	4911	6550	4259	2044	2757	25889	6.6	6.815326973	0.215326973	1.977782168
Gigli	tt0299930	2003	26561	6513	5058	3596	3083	2158	1243	634	331	2688	51865	2.7	2.721295671	0.021295671	2.497277281
Gilda	tt0038559	1946	240	149	250	527	1570	3928	9341	11962	5426	4799	38192	7.6	7.664458525	0.064458525	1.546255011
Ginger Snaps	tt0210070	2000	996	682	963	1960	4550	10106	15928	11098	4693	6024	57000	6.8	7.004070175	0.204070175	1.865421901
Girl in the Picture	tt21059520	2022	146	74	122	267	847	3260	8974	6914	2332	2071	25007	7.3	7.41196465	0.11196465	1.396198323
Girl with a Pearl Earring	tt0335119	2003	748	625	1012	2253	6245	16243	28885	17278	6439	5479	85207	6.9	6.99342777	0.09342777	1.579547053
Girl, Interrupted	tt0172493	1999	1425	858	1552	3332	9633	28336	67489	63286	28643	26918	231472	7.3	7.538639663	0.238639663	1.537815606
Girls Trip	tt3564472	2017	2245	981	1309	2237	4485	8600	9059	5829	2631	5144	42520	6.2	6.4974365	0.2974365	2.299724969
Gladiator	tt0172495	2000	8852	4462	6507	11197	25383	64989	202222	469281	547269	481676	1821838	8.5	8.513883781	0.013883781	1.409553451
Gladiator II	tt9218128	2024	7503	4569	7470	14146	31244	65685	79851	44381	14132	16521	285502	6.5	6.488108665	-0.011891335	1.868357247
Glass	tt6823368	2019	4837	3460	6625	13094	30415	67346	88038	50137	18094	18636	300682	6.6	6.67391796	0.07391796	1.760340263
Glass Onion	tt11564570	2022	5603	3719	5923	11101	29104	84293	172369	128557	42755	27275	510699	7.1	7.086514757	-0.013485243	1.552743071
Glengarry Glen Ross	tt0104348	1992	1107	693	1071	1899	4629	11455	27865	39304	21132	16310	125465	7.6	7.714916511	0.114916511	1.616560737
Glory	tt0097441	1989	2180	689	803	1429	3911	11186	31605	48793	27259	24360	152215	7.8	7.87612259	0.07612259	1.638155027
Glory Road	tt0385726	2006	509	183	287	745	2114	6942	17539	12839	4748	4929	50835	7.2	7.365889643	0.165889643	1.529891621
Gnomeo & Juliet	tt0377981	2011	1777	1532	2659	5032	10462	16084	12396	6266	2450	4551	63209	5.9	6.110205825	0.210205825	2.008620779
Go	tt0139239	1999	1084	627	921	1595	4239	10005	22616	21427	9577	7111	79202	7.2	7.319726775	0.119726775	1.690681907
Goal II: Living the Dream	tt0473360	2007	784	646	1203	2643	6317	10358	6718	2860	1077	2574	35180	5.8	6.120778852	0.320778852	1.893838167
Goal! The Dream Begins	tt0380389	2005	815	536	960	2141	5616	13649	21280	12193	4715	6321	68226	6.7	6.968809545	0.268809545	1.717956922
God Bless America	tt1912398	2011	1289	656	1076	1918	4254	9924	18971	18177	8840	8784	73889	7.1	7.307285252	0.207285252	1.838833336
God's Crooked Lines	tt13229894	2022	306	155	280	509	1336	4008	9496	7364	2874	2012	28340	7.1	7.254410727	0.154410727	1.554015828
God's Not Dead	tt2528814	2014	12902	2331	1657	1730	2514	2949	3470	3471	2868	12737	46629	4.6	5.682279268	1.082279268	3.665369163
God's Own Country	tt5635086	2017	841	266	292	508	1155	3199	8012	11655	7088	6984	40000	7.6	7.80515	0.20515	1.809175311
Gods and Monsters	tt0120684	1998	605	252	341	711	1578	3726	8512	9644	4775	3893	34037	7.3	7.458442283	0.158442283	1.769743375
Gods of Egypt	tt2404233	2016	6739	5713	8895	13918	24818	29877	21431	10470	4093	8529	134483	5.4	5.649621142	0.249621142	2.182416861
Godsend	tt0335121	2004	1379	1446	2711	5079	7285	5176	2198	908	295	668	27145	4.8	4.869626082	0.069626082	1.861902696
Godzilla	tt0047034	1954	444	201	334	642	1808	4570	10625	12501	5680	7868	44673	7.6	7.724106283	0.124106283	1.683064251
Godzilla	tt0831387	2014	9974	7024	12087	23558	52176	107729	122573	68513	25163	32103	460900	6.4	6.542375787	0.142375787	1.873688082
Godzilla	tt0120685	1998	10639	9951	15720	24656	40033	45997	32985	15719	5361	10653	211714	5.5	5.497501346	-0.002498654	2.136538899
Godzilla Minus One	tt23289160	2023	1646	924	1413	2643	6188	16430	39448	69595	33031	27237	198555	7.7	7.808264713	0.108264713	1.566234025
Godzilla vs. Kong	tt5034838	2021	6339	4337	7419	14005	31804	62244	64202	34413	12660	26294	263717	6.3	6.550097263	0.250097263	1.985054456
Godzilla x Kong: The New Empire	tt14539740	2024	3133	2569	4444	8647	18429	33334	29448	14284	5203	12001	131492	6	6.35464515	0.35464515	1.991171609
Godzilla: King of the Monsters	tt3741700	2019	5343	4551	8146	15162	31665	56219	50450	26943	10417	16976	225872	6	6.319406567	0.319406567	1.965480593
Going Clear: Scientology & the Prison of Belief	tt4257858	2015	231	62	83	173	676	2301	8434	16263	8313	5729	42265	8	8.038116645	0.038116645	1.316794735
Going in Style	tt2568862	2017	574	374	939	2415	8361	25772	35542	14740	4316	4917	97950	6.6	6.788810618	0.188810618	1.421340152
Going the Distance	tt1322312	2010	898	690	1233	2925	7923	17329	16628	7593	2645	3071	60935	6.3	6.4481989	0.1481989	1.679658643
Gold	tt1800302	2016	572	310	605	1599	5208	17058	28715	13501	3256	2768	73592	6.7	6.845689749	0.145689749	1.379216721
GoldenEye	tt0113189	1995	1834	1243	2190	4937	14032	40697	95702	72388	27033	22896	282952	7.2	7.302493002	0.102493002	1.496993607
Goldfinger	tt0058150	1964	1109	512	972	2095	6282	19005	53988	74336	31243	24539	214081	7.7	7.744965691	0.044965691	1.421549721
Gomorrah	tt0929425	2008	678	527	830	1609	3547	8133	16364	12991	5056	3153	52888	7	7.046986084	0.046986084	1.679279367
Gone	tt1838544	2012	904	874	1721	3614	8308	13480	9911	4667	1671	2774	47924	5.9	6.138531842	0.238531842	1.838134527
Gone Baby Gone	tt0452623	2007	2074	958	1520	3010	8292	26659	84157	111816	44975	24010	307471	7.6	7.644642909	0.044642909	1.385101363
Gone Girl	tt2267998	2014	8494	3686	5355	9018	20224	59409	195933	406772	293292	151433	1153616	8.1	8.066151995	-0.033848005	1.423194069
Gone in 60 Seconds	tt0187078	2000	3879	3615	6368	13807	33152	74024	89446	47375	16787	19322	307775	6.5	6.643717001	0.143717001	1.721544711
Gone with the Wind	tt0031381	1939	6127	2804	3726	5653	11032	22624	50040	85324	69249	96984	353563	8.2	8.09581885	-0.10418115	1.901613733
Good Boy	tt35521922	2025	664	528	845	1568	3430	6098	6857	2809	980	1455	25234	6.1	6.26559404	0.16559404	1.896626928
Good Boys	tt6977338	2019	1882	956	1471	3012	7679	19399	27551	15824	5294	5774	88842	6.7	6.752200536	0.052200536	1.762325825
Good Burger	tt0119215	1997	1887	1212	1732	2710	4984	6718	5486	3374	1517	6134	35754	5.8	6.319908262	0.519908262	2.509171994
Good Bye Lenin!	tt0301357	2003	732	346	579	1190	3541	11987	38806	59549	26595	15379	158704	7.7	7.805266408	0.105266408	1.334316156
Good Fortune	tt27543578	2025	564	308	553	1092	2847	7589	9158	4225	1236	1734	29306	6.5	6.597488569	0.097488569	1.709932396
Good Kill	tt3297330	2014	499	237	462	1086	3141	7979	7768	3041	687	811	25711	6.4	6.350550348	-0.049449652	1.575797721
Good Luck Chuck	tt0452625	2007	5142	3625	5175	8985	17700	24417	17135	7723	2931	5497	98330	5.6	5.714807282	0.114807282	2.11806943
Good Luck to You, Leo Grande	tt13352968	2022	903	342	455	820	2033	5740	13019	11540	4673	4092	43617	7.2	7.27392989	0.07392989	1.748709602
Good Morning, Vietnam	tt0093105	1987	905	543	1016	2227	6346	20273	55825	49097	16633	10919	163784	7.3	7.386270942	0.086270942	1.392476145
Good Night, and Good Luck.	tt0433383	2005	1313	594	907	1651	4097	11131	27611	32160	15161	10007	104632	7.4	7.513695619	0.113695619	1.619028564
Good Time	tt4846232	2017	1478	903	1391	2597	6639	17777	43345	47632	20200	10388	152350	7.3	7.403039055	0.103039055	1.543427951
Good Will Hunting	tt0119217	1997	5415	2492	3454	6576	15364	44534	161068	374319	332573	244392	1190187	8.3	8.360193818	0.060193818	1.353327357
Goodbye Christopher Robin	tt1653665	2017	307	122	217	486	1541	4950	10597	8010	2712	2488	31430	7.1	7.257333758	0.157333758	1.515987373
Goodfellas	tt0099685	1990	9190	2955	4057	6496	14707	38886	132840	335574	434946	391570	1371221	8.7	8.608963836	-0.091036164	1.396853638
Goodnight Mommy	tt3086442	2014	1477	888	1457	2578	5610	12801	19419	12597	4044	2784	63655	6.7	6.656774802	-0.043225198	1.787819619
Goon	tt1456635	2011	1040	763	1279	2765	7108	18415	30191	17932	6530	7644	93667	6.8	6.976800794	0.176800794	1.670905894
Goosebumps	tt1051904	2015	1228	944	1962	4759	13004	29314	27958	12216	3702	6356	101443	6.3	6.498762852	0.198762852	1.667610569
Goosebumps 2: Haunted Halloween	tt5664636	2018	643	581	1154	2614	6132	7580	3930	1531	503	1409	26077	5.6	5.761322238	0.161322238	1.836887353
Gorillas in the Mist	tt0095243	1988	216	159	239	559	1752	5298	11720	6705	2133	2200	30981	7	7.130563894	0.130563894	1.475218895
Gosford Park	tt0280707	2001	1580	1017	1564	2738	5917	13486	26896	25543	12858	9500	101099	7.2	7.25127845	0.05127845	1.79355632
Gothika	tt0348836	2003	2464	2793	5524	10933	22905	33891	24915	11565	3862	4928	123780	5.8	5.955630958	0.155630958	1.813714149
Goya's Ghosts	tt0455957	2006	509	289	477	992	2478	5844	10112	6964	2818	2526	33009	6.9	6.999848526	0.099848526	1.730397091
Gran Torino	tt1205489	2008	5112	2658	3606	6216	14852	45036	148272	287508	215254	126425	854939	8.1	8.10594674	0.00594674	1.413943723
Gran Turismo	tt4495098	2023	1215	653	1145	2420	6488	18065	40555	33159	13798	14302	131800	7.1	7.381069803	0.281069803	1.611120226
Grandma's Boy	tt0456554	2006	1776	1133	1812	2921	6144	12788	22867	18103	9833	15006	92383	6.9	7.274715045	0.374715045	2.002420562
Grave Encounters	tt1703199	2011	1938	1527	2571	4608	9128	16117	15838	9448	3761	5247	70183	6.1	6.358348888	0.258348888	2.018690718
Grave Encounters 2	tt2231554	2012	1576	1416	2239	3925	6442	5990	3764	1878	696	1890	29816	5.1	5.416923799	0.316923799	2.182302088
Grave of the Fireflies	tt0095327	1988	5408	1450	1747	3105	6035	13570	38848	85212	103013	116485	374873	8.5	8.49131039	-0.00868961	1.662775062
Gravity	tt1454468	2013	15138	7582	10935	18103	39231	93186	200645	248655	155179	105053	893707	7.7	7.532318758	-0.167681242	1.796425749
Grease	tt0077631	1978	4187	2680	4269	8114	18079	42710	89090	72854	34527	46083	322593	7.2	7.376167493	0.176167493	1.807691421
Grease 2	tt0084021	1982	4696	3912	4562	5832	5294	4231	3468	2512	1439	4965	40911	4.6	5.093080101	0.493080101	2.805211962
Great Expectations	tt0038574	1946	738	151	237	352	933	2209	5496	8287	4792	4834	28029	7.8	7.753184202	-0.046815798	1.87279701
Great Expectations	tt0119223	1998	889	545	1015	2067	4939	11302	16419	10835	5264	6348	59623	6.8	7.01521225	0.21521225	1.833987501
Green Book	tt6966692	2018	3373	1275	1715	3452	8552	25697	95109	224903	185667	119445	669188	8.2	8.297007717	0.097007717	1.332716071
Green Card	tt0099699	1990	458	389	635	1575	3850	7689	6778	3358	1173	1285	27190	6.3	6.345788893	0.045788893	1.732559228
Green Lantern	tt1133985	2011	11893	11511	19813	35314	61041	73730	50236	21733	7342	14288	306901	5.5	5.596817866	0.096817866	2.013380179
Green Room	tt4062536	2015	2268	1410	2301	4312	10773	25726	48234	35833	12551	8421	151829	7	6.974497626	-0.025502374	1.669278388
Green Street Hooligans	tt0385002	2005	1583	862	1380	2641	6216	17338	44368	51449	22331	21648	169816	7.4	7.612627785	0.212627785	1.606855805
Green Zone	tt0947810	2010	1626	868	1498	3390	10327	31733	55305	27658	7763	6848	147016	6.8	6.87132693	0.07132693	1.488343973
Greenberg	tt1234654	2010	1439	991	1502	2739	5443	9970	10023	5202	1591	1331	40231	6.1	6.097884716	-0.002115284	1.916790872
Greenland	tt7737786	2020	2438	1953	3307	6606	16856	40423	46293	22544	7182	8949	156551	6.4	6.56679293	0.16679293	1.712746155
Gremlins	tt0087363	1984	1499	1200	2197	4816	13046	38182	89589	71437	25048	24633	271647	7.3	7.342091023	0.042091023	1.503870963
Gremlins 2: The New Batch	tt0099700	1990	1413	1496	2906	6396	15097	32120	30694	15980	5844	7732	119678	6.5	6.513527967	0.013527967	1.74748377
Greta	tt2639336	2018	1071	760	1364	2704	6439	12199	10099	4199	1206	1478	41519	6.1	6.088947229	-0.011052771	1.766340977
Gretel & Hansel	tt9086228	2020	2219	1512	2391	4205	7532	8601	6362	3111	1106	1573	38612	5.5	5.532166166	0.032166166	2.104561593
Greyhound	tt6048922	2020	1089	636	1092	2308	6660	21053	45822	31093	11352	9271	130376	7	7.201195005	0.201195005	1.506021035
Gridiron Gang	tt0421206	2006	588	260	453	1149	3334	9516	18394	19542	13289	15753	82278	6.9	7.815625076	0.915625076	1.664118966
Grindhouse	tt0462322	2007	6848	1947	2381	3572	7820	17728	42011	50823	27275	35721	196126	7.5	7.551201778	0.051201778	2.064948399
Gringo	tt3721964	2018	726	447	839	1944	4996	10437	8871	3354	831	1071	33516	6.1	6.165204678	0.065204678	1.653321033
Grizzly Man	tt0427312	2005	630	375	452	806	1861	5331	15121	22871	11520	7763	66730	7.7	7.753274389	0.053274389	1.549775131
Grosse Pointe Blank	tt0119229	1997	892	528	963	1832	5128	13119	27515	27629	14214	12495	104315	7.3	7.506418061	0.206418061	1.641354165
Groundhog Day	tt0107048	1993	4400	2191	3425	6324	16277	48315	149154	242202	144753	114465	731506	8	7.990021955	-0.009978045	1.466286161
Grown Ups	tt1375670	2010	9830	7862	11764	19471	40599	71399	66870	38125	15800	25605	307325	6	6.317283007	0.317283007	2.085161109
Grown Ups 2	tt2191701	2013	12136	8269	10373	16418	30771	39201	29700	17015	7742	16113	187738	5.4	5.802522665	0.402522665	2.357525818
Grudge Match	tt1661382	2013	974	620	1293	2958	7500	18363	19102	7968	2302	3555	64635	6.4	6.487646012	0.087646012	1.661562445
Grumpier Old Men	tt0113228	1995	270	228	477	1116	3114	7494	8971	4595	1904	3242	31411	6.7	6.885103944	0.185103944	1.730122845
Grumpy Old Men	tt0107050	1993	351	264	560	1302	3574	9999	19003	11542	4520	5919	57034	7	7.203738121	0.203738121	1.593026568
Guardians of the Galaxy	tt2015381	2014	11771	4856	6819	11971	27894	78635	229752	431855	306767	238081	1348401	8	8.088039834	0.088039834	1.530269957
Guardians of the Galaxy Vol. 2	tt3896198	2017	6260	2990	4573	9748	25687	81487	215319	258828	119811	93219	817922	7.6	7.666567228	0.066567228	1.5075422
Guardians of the Galaxy Vol. 3	tt6791350	2023	4325	1807	2647	4548	10720	32111	85129	141604	95969	80319	459179	7.9	8.005557745	0.105557745	1.577870283
Guess Who	tt0372237	2005	1197	859	1625	3595	8572	13569	9853	4391	1540	2765	47966	5.9	6.088750365	0.188750365	1.862494971
Guess Who's Coming to Dinner	tt0061735	1967	536	156	261	534	1390	4166	11464	17397	8782	7584	52270	7.8	7.844174479	0.044174479	1.549132832
Guillermo del Toro's Pinocchio	tt1488589	2022	1261	605	988	1764	4416	11822	30606	54863	19641	15950	141916	7.6	7.715254094	0.115254094	1.515787145
Guilty	tt4934950	2015	705	165	180	318	638	1677	5831	12169	10997	10184	42864	8.1	8.28389791	0.18389791	1.6495597
Gulliver's Travels	tt1320261	2010	3417	4014	6846	12782	19625	16469	7837	2842	919	2493	77244	4.9	5.059888147	0.159888147	1.907696666
Gully Boy	tt2395469	2019	4126	479	403	524	1163	2679	6952	11493	8997	9851	46667	7.9	7.507853515	-0.392146485	2.548588693
Gummo	tt0119237	1997	2456	1115	1267	1800	3068	5722	8361	7310	4234	6046	41379	6.6	6.789240919	0.189240919	2.446088289
Gunday	tt2574698	2014	48369	1219	1166	1229	1483	1353	1219	889	573	3674	61174	2.8	2.162618106	-0.637381894	2.599971063
Gunjan Saxena: The Kargil Girl	tt10350626	2020	11778	891	622	608	990	1524	2362	2158	5399	9851	36183	5.6	5.882624437	0.282624437	3.843249
Gunpowder Milkshake	tt8368408	2021	1809	1137	1884	3567	7606	13438	12548	6857	2571	3737	55154	6.1	6.270841643	0.170841643	2.002247787
Guns Akimbo	tt6902676	2019	1585	1172	2013	3836	8659	19132	21722	10697	3605	4132	76553	6.3	6.463417502	0.163417502	1.796714268
Guntur Kaaram	tt14564000	2024	1966	414	437	644	1051	1128	909	641	938	16949	25077	5.4	8.299517486	2.899517486	2.920159222
Guru	tt0499375	2007	582	149	167	296	768	1922	5466	8172	4465	4094	26081	7.7	7.77194126	0.07194126	1.776891399
Hachi: A Dog's Tale	tt1028532	2009	2887	1301	1764	2966	7470	19657	53798	93709	69205	85679	338436	8.1	8.22557293	0.12557293	1.607202413
Hackers	tt0113243	1995	1862	1470	2601	4885	10572	18122	16891	10407	4711	9085	80606	6.2	6.556323351	0.356323351	2.068613362
Hacksaw Ridge	tt2119532	2016	3856	1715	2516	4935	11376	32101	105582	211858	167215	125722	666876	8.1	8.217649158	0.117649158	1.431956245
Haider	tt3390572	2014	4035	508	433	588	1217	2477	6122	11766	13748	19546	60440	8	8.038103905	0.038103905	2.423785734
Hail, Caesar!	tt0475290	2016	3732	2683	4433	8742	19648	38713	41334	20079	5598	3977	148939	6.3	6.23077233	-0.06922767	1.754503272
Hair	tt0079261	1979	611	384	554	990	2096	4633	9193	10177	6432	8683	43753	7.5	7.674079492	0.174079492	1.891643077
Hairspray	tt0095270	1988	599	333	483	786	1817	3775	6370	5003	2453	3398	25017	7	7.125714514	0.125714514	2.006700758
Hairspray	tt0427327	2007	4194	2180	3197	5831	12237	24112	33684	25042	13035	21135	144647	6.7	6.99713786	0.29713786	2.119141897
Half Baked	tt0120693	1998	1275	1054	1734	2957	6473	13154	18068	12012	5459	8368	70554	6.6	6.903719137	0.303719137	1.971258063
Half Nelson	tt0468489	2006	833	558	958	1986	5077	13917	29652	24789	10089	7151	95010	7.1	7.260719924	0.160719924	1.570747397
Hall Pass	tt0480687	2011	3096	2843	5170	11155	25129	39401	27533	11883	3962	5279	135451	5.9	5.95939491	0.05939491	1.790279054
Halloween	tt0077651	1978	3142	1928	3110	5707	12997	31914	70258	88990	49062	68294	335402	7.7	7.822997478	0.122997478	1.743068608
Halloween	tt1502407	2018	4161	2645	4480	8180	18811	39351	50747	31320	11300	14043	185038	6.5	6.667230515	0.167230515	1.88608145
Halloween	tt0373883	2007	7953	4081	5560	9005	16248	28714	28108	18037	7532	12734	137972	6.1	6.222414693	0.122414693	2.302401851
Halloween 4: The Return of Michael Myers	tt0095271	1988	1218	1095	2543	5650	12049	16946	11296	5921	2042	5242	64002	5.8	6.137245711	0.337245711	1.942641001
Halloween 5: The Revenge of Michael Myers	tt0097474	1989	1959	2441	4657	8520	13002	9453	5072	2329	901	3174	51508	4.9	5.253649918	0.353649918	2.07427585
Halloween Ends	tt10665342	2022	7672	5244	7556	11040	16471	14486	9196	4474	1617	4009	81765	5	5.002947471	0.002947471	2.29017543
Halloween H20: 20 Years Later	tt0120694	1998	2177	2038	3682	7793	16699	22015	16145	8052	3087	6234	87922	5.8	6.04638202	0.24638202	1.977261966
Halloween II	tt0082495	1981	1421	1061	2121	4768	11905	27229	30364	15768	6530	9857	111024	6.5	6.736462387	0.236462387	1.78127188
Halloween II	tt1311067	2009	7148	4642	6035	8650	11132	9448	6372	3936	1817	4433	63613	4.8	5.003065411	0.203065411	2.50508005
Halloween III: Season of the Witch	tt0085636	1982	6428	4514	5951	7688	10113	10530	9048	5509	2287	5057	67125	5.2	5.309005587	0.109005587	2.524761487
Halloween Kills	tt10665338	2021	5858	4381	6714	11105	19022	22790	16299	9200	3702	8100	107171	5.5	5.720232152	0.220232152	2.261364611
Halloween: Resurrection	tt0220506	2002	6557	6203	8179	10380	8671	5456	3098	1536	621	2739	53440	3.9	4.267664671	0.367664671	2.310410986
Halloween: The Curse of Michael Myers	tt0113253	1995	2761	3002	4886	7967	10304	7461	3999	2017	814	2972	46183	4.7	5.039776541	0.339776541	2.219817409
Hamburger Hill	tt0093137	1987	358	189	408	865	2449	6890	9872	5154	1724	1767	29676	6.7	6.824605742	0.124605742	1.596669584
Hamilton	tt8503618	2020	5996	1803	1502	1942	3525	6295	13242	26045	29352	46587	136289	8.3	8.132446492	-0.167553508	2.283715024
Hamlet	tt0116477	1996	763	348	416	698	1617	3511	7859	11057	6912	8450	41631	7.7	7.802526963	0.102526963	1.879300332
Hancock	tt0448157	2008	6915	5358	10477	24931	64995	146545	158891	70590	21446	24944	535092	6.4	6.489429855	0.089429855	1.630644186
Hang 'Em High	tt0061747	1968	239	162	300	742	2517	8546	19055	10047	2854	3082	47544	7	7.120961636	0.120961636	1.385403744
Hanna	tt0993842	2011	2852	2104	3702	7589	18304	43764	66913	41102	15362	12216	213908	6.7	6.826537577	0.126537577	1.68293535
Hannah and Her Sisters	tt0091167	1986	892	341	512	972	2320	6251	16937	26173	14394	12153	80945	7.8	7.846352462	0.046352462	1.603992557
Hannah Montana: The Movie	tt1114677	2009	9426	2406	2994	4706	6403	5987	4908	3219	1665	6617	48331	4.8	5.198402682	0.398402682	2.996323413
Hannibal	tt0212985	2001	3612	2623	4901	10297	25194	65438	100592	56824	20813	20768	311062	6.8	6.870270236	0.070270236	1.657580543
Hannibal Rising	tt0367959	2007	2722	2317	4321	7913	16288	30738	28537	14487	5593	7945	120861	6.1	6.315362276	0.215362276	1.916408344
Hansel & Gretel: Witch Hunters	tt1428538	2013	4489	4374	7692	14916	31958	58151	52095	25935	9500	16297	225407	6.1	6.323175412	0.223175412	1.909187257
Hanu Man	tt15433956	2024	1215	198	226	320	628	1271	2494	3184	3142	17540	30218	7.7	8.635349792	0.935349792	2.241108522
Happiest Season	tt8522006	2020	1483	672	1010	1964	4909	11649	15277	8323	3059	4558	52904	6.6	6.706222592	0.106222592	1.906675197
Happiness	tt0147612	1998	1720	722	988	1465	2853	6143	14786	23981	14821	11605	79084	7.7	7.686763441	-0.013236559	1.87129502
Happy Death Day	tt5308322	2017	2062	1734	3110	6560	16817	44230	60194	28773	9098	10378	182956	6.6	6.710733728	0.110733728	1.621671038
Happy Death Day 2U	tt8155288	2019	1510	1397	2492	5525	13412	27386	24276	10573	3307	4753	94631	6.2	6.309401782	0.109401782	1.724321807
Happy Feet	tt0366548	2006	4229	3236	5359	10373	24083	52434	57620	29153	10696	14534	211717	6.4	6.525016886	0.125016886	1.838976835
Happy Feet Two	tt1402488	2011	1604	1167	1859	3976	9554	13472	8723	4306	1763	3978	50402	5.8	6.054858934	0.254858934	2.023018443
Happy Gilmore	tt0116483	1996	2991	2313	3819	7563	18802	48426	94013	64972	27965	31213	302077	7	7.202051133	0.202051133	1.690943448
Happy Gilmore 2	tt31868189	2025	3046	2387	3653	6722	14631	27142	25881	13022	4874	9619	110977	6.1	6.371347216	0.271347216	2.011835587
Happy New Year	tt2461132	2014	8140	1887	2073	2866	4274	4357	3911	2677	2704	11069	43958	5	5.935847855	0.935847855	3.318126934
Happy Together	tt0118845	1997	482	216	275	510	1149	3060	7939	11552	6644	5819	37646	7.7	7.805849227	0.105849227	1.673668886
Happy-Go-Lucky	tt1045670	2008	928	636	874	1462	2831	6079	11716	10013	4695	3147	42381	7	7.011160662	0.011160662	1.887364664
Happythankyoumoreplease	tt1481572	2010	411	241	456	1001	2443	6042	9682	5949	2389	2322	30936	6.7	6.943981122	0.243981122	1.698513971
Harakiri	tt0056058	1962	2623	465	476	645	1404	2761	8120	19605	28105	24421	88625	8.6	8.372152327	-0.227847673	1.878706158
Hard Boiled	tt0104684	1992	819	401	494	854	2035	4735	10974	17075	9939	10718	58044	7.7	7.84151678	0.14151678	1.761805709
Hard Candy	tt0424136	2005	4820	2245	2893	4761	10539	25352	50551	41861	17405	13281	173708	7	7.023510719	0.023510719	1.884975456
Hard Eight	tt0119256	1996	465	302	508	1052	3114	9204	21005	16357	4711	2930	59648	7.1	7.161765692	0.061765692	1.439255286
Hard Rain	tt0120696	1998	698	755	1729	3640	7571	11817	7714	3124	811	1207	39066	5.9	5.863692213	-0.036307787	1.703154038
Hard Target	tt0107076	1993	932	1220	2017	3841	8815	16202	13080	6852	2545	4967	60471	6.2	6.367101586	0.167101586	1.906824591
Hard to Kill	tt0099739	1990	1089	863	1451	3046	6372	8975	6001	2862	1102	2465	34226	5.8	5.975953953	0.175953953	2.01843375
Hardball	tt0180734	2001	475	470	733	1575	4021	9064	9506	4832	1942	3051	35669	6.4	6.660938069	0.260938069	1.802296463
Hardcore Henry	tt3072482	2015	2600	1545	2444	4334	9373	19215	30128	19857	8493	9807	107796	6.7	6.834873279	0.134873279	1.941189089
Harlem Nights	tt0097481	1989	600	625	1030	1878	3871	5584	4798	3339	1649	3333	26707	6.1	6.506908301	0.406908301	2.164450319
Harold & Kumar Escape from Guantanamo Bay	tt0481536	2008	2866	1892	3151	6096	14087	31162	40500	22813	9263	13575	145405	6.5	6.760530931	0.260530931	1.885573744
Harold & Kumar Go to White Castle	tt0366551	2004	2745	1907	2848	5343	13253	32570	65137	48162	19592	23132	214689	7	7.206065518	0.206065518	1.741798357
Harold and Maude	tt0067185	1971	1521	663	801	1383	2956	6311	14184	22165	15442	19921	85347	7.8	7.946664792	0.146664792	1.879433745
Harriet	tt4648786	2019	1565	431	516	1018	2607	6793	9847	6582	2660	3765	35784	6.7	6.84705455	0.14705455	2.061187988
Harry and the Hendersons	tt0093148	1987	586	707	1575	3240	6717	10647	8050	4136	1489	3055	40202	6.1	6.232053132	0.132053132	1.896058896
Harry Brown	tt1289406	2009	614	373	691	1554	4330	13907	32419	26239	8660	5373	94160	7.2	7.256329652	0.056329652	1.423305732
Harry Potter and the Chamber of Secrets	tt0295297	2002	6706	2738	4452	9548	27996	86734	227635	199310	78060	112035	755214	7.5	7.593780041	0.093780041	1.594195718
Harry Potter and the Deathly Hallows: Part 1	tt0926084	2010	6080	2284	3729	7545	20033	57756	156077	194674	92528	113391	654097	7.7	7.820413486	0.120413486	1.605721798
Harry Potter and the Deathly Hallows: Part 2	tt1201607	2011	12351	3854	5210	8970	22428	58823	165786	294779	215357	243062	1030620	8.1	8.173928315	0.073928315	1.641513249
Harry Potter and the Goblet of Fire	tt0330373	2005	7008	2254	3957	7936	21519	61798	175306	230214	102114	129532	741638	7.7	7.843063597	0.143063597	1.58730508
Harry Potter and the Half-Blood Prince	tt0417741	2009	6738	2440	4022	8193	21959	62272	165937	190040	83147	105193	649941	7.6	7.726878286	0.126878286	1.62570265
Harry Potter and the Order of the Phoenix	tt0373889	2007	7422	2412	3951	8505	24442	70265	191242	194084	79455	107673	689451	7.5	7.665678924	0.165678924	1.620599347
Harry Potter and the Prisoner of Azkaban	tt0304141	2004	6058	1777	3128	5793	16497	49004	152662	248023	129325	143309	755576	7.9	8.031634144	0.131634144	1.513445625
Harry Potter and the Sorcerer's Stone	tt0241527	2001	9233	3217	5253	10230	28687	86405	237803	265328	118673	172452	937281	7.7	7.803458088	0.103458088	1.625692538
Harsh Times	tt0433387	2005	1163	663	1090	2137	5340	12602	21955	14293	5289	5967	70499	6.8	6.977673442	0.177673442	1.759275512
Hart's War	tt0251114	2002	871	563	1078	2616	7372	17409	16495	7055	1877	2172	57508	6.4	6.390884746	-0.009115254	1.592791058
Harvey	tt0042546	1950	1119	335	449	743	1809	4236	10659	17170	11605	12444	60569	7.9	7.94840595	0.04840595	1.794798362
Haseen Dillruba	tt11027830	2021	3203	405	434	709	1511	3472	7140	6170	3730	8050	34824	6.9	7.177463818	0.277463818	2.629181311
Hatchet	tt0422401	2006	1736	1428	2028	3217	5870	7815	6189	3526	1374	2687	35870	5.7	5.869835517	0.169835517	2.229426789
Haunt	tt6535880	2019	708	599	1126	2440	5984	12490	12356	5516	1775	2101	45095	6.3	6.375629227	0.075629227	1.703183543
Haunted Mansion	tt1695843	2023	1738	976	1504	3036	6817	12939	11000	5784	2121	3676	49591	6	6.275049908	0.275049908	2.00750919
Havoc	tt14123284	2025	2366	2159	3704	6778	13441	17174	10851	4556	1517	3214	65760	5.6	5.677539538	0.077539538	1.968815203
Haywire	tt1506999	2011	3847	2813	4406	8206	16403	23961	18919	8306	2470	3183	92514	5.8	5.774661132	-0.025338868	1.946911857
He Got Game	tt0124718	1998	1003	358	553	1300	3456	10046	18360	10988	4084	4241	54389	6.9	7.018404457	0.118404457	1.687893554
He's All That	tt4590256	2021	6590	2710	3012	3704	4740	4073	2626	1454	637	2354	31900	4.4	4.491755486	0.091755486	2.708712107
He's Just Not That Into You	tt1001508	2009	3072	2575	4367	9325	22446	48559	52338	27437	10496	11778	192393	6.4	6.5507217	0.1507217	1.771394885
Head-On	tt0347048	2004	808	249	328	542	1341	3654	11241	19923	12197	9991	60274	7.8	7.977585692	0.177585692	1.606136499
Headhunters	tt1614989	2011	685	336	587	1136	3080	10166	31964	39847	15072	7890	110763	7.5	7.593961883	0.093961883	1.36782898
Heads of State	tt13357520	2025	1175	745	1165	2441	6830	16995	19545	8409	2507	4198	64010	6.4	6.572004374	0.172004374	1.724437719
Heart Eyes	tt32558992	2025	1107	728	1229	2426	5195	9539	7746	3538	1041	1761	34310	6	6.081842029	0.081842029	1.904907958
Heart of Stone	tt13603966	2023	4828	1967	3163	5522	11592	16917	12407	5374	2012	3766	67548	5.7	5.705720377	0.005720377	2.179069246
Heartbeats	tt1600524	2010	517	308	415	864	1784	4321	8634	7515	3600	3054	31012	7	7.228750161	0.228750161	1.795404421
Heartbreak Ridge	tt0091187	1986	467	432	678	1521	3965	10319	17043	9743	3474	4041	51683	6.8	6.967648937	0.167648937	1.635735305
Heartbreaker	tt1465487	2010	332	234	374	872	2355	6131	9165	5171	1898	1824	28356	6.7	6.870362534	0.170362534	1.635950511
Heartbreakers	tt0125022	2001	832	846	1643	3556	8599	16491	15010	7491	2772	4392	61632	6.3	6.449312046	0.149312046	1.800059542
Hearts in Atlantis	tt0252501	2001	472	279	589	1295	3156	8188	13343	8696	3524	3547	43089	6.9	7.032885423	0.132885423	1.672487678
Hearts of Darkness: A Filmmaker's Apocalypse	tt0102015	1991	232	62	61	119	326	1195	4475	9761	5570	3558	25359	8.1	8.08147009	-0.01852991	1.387976987
Heat	tt0113277	1995	4478	1897	2878	5360	13647	38258	120632	242837	199724	158572	788283	8.3	8.253996344	-0.046003656	1.435803179
Heathers	tt0097493	1989	1361	1007	1552	3139	7481	17387	33616	29888	14416	15777	125624	7.1	7.357224734	0.257224734	1.757622459
Heaven	tt0246677	2002	405	314	442	808	2086	4437	7348	5969	2804	2404	27017	6.9	7.073583299	0.173583299	1.807161301
Heaven Can Wait	tt0077663	1978	317	197	316	646	1914	4805	8249	4851	2052	2015	25362	6.9	7.010961281	0.110961281	1.671530008
Heaven Is for Real	tt1929263	2014	2653	839	1024	1788	3641	5264	4609	3173	1810	5144	29945	5.9	6.335648689	0.435648689	2.662557611
Heavenly Creatures	tt0110005	1994	1127	675	942	1628	3782	8599	17666	18472	9100	8496	70487	7.2	7.386000255	0.186000255	1.813181569
Heavy Metal	tt0082509	1981	748	560	1115	1818	3922	7569	10326	7239	3152	4667	41116	6.6	6.876666018	0.276666018	1.97029857
Heavyweights	tt0110006	1995	503	360	660	1349	3249	6707	7877	4910	2228	5008	32851	6.6	6.990259048	0.390259048	1.977059321
Hector and the Search for Happiness	tt1626146	2014	549	372	740	1444	3472	8574	15933	11725	5067	4532	52408	6.9	7.142936193	0.242936193	1.680901288
Hedwig and the Angry Inch	tt0248845	2001	896	398	402	668	1643	3087	6614	9639	6710	8876	38933	7.7	7.830555056	0.130555056	1.987678911
Heist	tt0252503	2001	521	367	675	1692	4184	10996	13143	6053	1811	1702	41144	6.5	6.579039471	0.079039471	1.582348643
Heist	tt3276924	2015	831	513	955	1971	4782	10023	8452	3702	1188	1776	34193	6.1	6.255256924	0.155256924	1.796764022
Hell House LLC	tt4267026	2015	705	509	884	1654	3646	8055	9327	5664	1959	2242	34645	6.4	6.586895656	0.186895656	1.841951466
Hell or High Water	tt2582782	2016	1014	508	957	1984	6527	24027	78851	99632	40130	19414	273044	7.6	7.668936142	0.068936142	1.276921621
Hellbound: Hellraiser II	tt0095294	1988	1017	890	1545	3202	7014	13914	14881	8581	3793	5413	60250	6.4	6.636946058	0.236946058	1.90610372
Hellboy	tt0167190	2004	3556	2580	4679	9995	27204	73798	130111	72121	22235	21554	367833	6.9	6.918740298	0.018740298	1.557742592
Hellboy	tt2274648	2019	5782	4862	8350	13055	22188	23313	15205	6660	2430	4719	106564	5.3	5.371129087	0.071129087	2.097836932
Hellboy II: The Golden Army	tt0411477	2008	3193	2046	3425	7171	18713	51033	99113	66895	23792	21851	297232	7	7.090743931	0.090743931	1.607013143
Hellraiser	tt0093177	1987	2084	1582	2512	5034	11105	25041	44652	31462	13348	15410	152230	6.9	7.076023123	0.176023123	1.798129082
Hellraiser	tt0887261	2022	2493	1510	2216	4139	8432	13910	11779	5900	1790	2657	54826	5.9	5.958304454	0.058304454	2.027277208
Hellraiser III: Hell on Earth	tt0104409	1992	1010	1041	2226	4152	8689	9246	5591	2598	902	2211	37666	5.5	5.719959645	0.219959645	1.953665688
Hellraiser: Bloodline	tt0116514	1996	1091	1250	2175	4021	6274	5075	3086	1504	548	1541	26565	5.1	5.345228684	0.245228684	2.094270762
Henry V	tt0097499	1989	690	310	395	644	1461	2966	6471	8991	5192	5976	33096	7.5	7.671168721	0.171168721	1.921171468
Henry: Portrait of a Serial Killer	tt0099763	1986	694	490	788	1385	3187	7469	12855	9642	3859	3473	43842	7	7.000342138	0.000342138	1.779699928
Her	tt1798709	2013	7179	3918	5607	9332	19819	50015	129363	227120	163498	103863	719714	8	7.921149234	-0.078850766	1.609571525
Hera Pheri	tt0242519	2000	2347	703	670	846	1394	2434	6351	15555	18852	30500	79652	8.2	8.465399488	0.265399488	2.0132193
Herbie: Fully Loaded	tt0400497	2005	3411	2735	4597	8593	12140	9954	5432	2547	994	3430	53833	4.9	5.18481229	0.28481229	2.200191761
Hercules	tt0119282	1997	1536	1043	1984	4663	12911	37092	82485	69649	30243	34102	275708	7.3	7.483014639	0.183014639	1.567043922
Hercules	tt1267297	2014	3815	2967	5639	12243	28366	49028	37228	15641	5047	10694	170668	6	6.150672651	0.150672651	1.848847794
Here	tt18272208	2024	941	571	848	1553	3087	5994	6391	3864	1412	2130	26791	6.3	6.416147214	0.116147214	2.059105858
Here Comes the Boom	tt1648179	2012	1642	1003	1816	4248	10897	25077	28062	13634	4750	7476	98605	6.4	6.633040921	0.233040921	1.763868569
Hereafter	tt1212419	2010	1879	1423	2445	5020	11223	23933	27299	14456	5210	5091	97979	6.5	6.495208157	-0.004791843	1.785893326
Hereditary	tt7784604	2018	11826	5933	8068	12469	23753	48764	96353	114537	71444	52350	445497	7.3	7.331999991	0.031999991	1.999730923
Heretic	tt28015403	2024	2398	1301	2324	4635	13218	38084	76976	48492	14737	10519	212684	7	7.004273946	0.004273946	1.519121728
Hero	tt0299977	2002	3248	1021	1488	2532	5364	14041	34123	58117	38122	34973	193029	7.9	7.913696906	0.013696906	1.746460333
Hero	tt0104412	1992	335	227	427	972	2893	6589	7351	3666	1248	1318	25026	6.5	6.599296731	0.099296731	1.64814851
Heropanti 2	tt11873440	2022	12642	972	481	336	261	147	765	940	2277	9296	28117	2.2	5.188604759	2.988604759	4.186482241
Hesher	tt1403177	2010	843	466	778	1494	3658	8910	16808	12593	5153	4722	55425	6.9	7.105674335	0.205674335	1.733331962
Hi Nanna	tt25433734	2023	345	69	82	111	300	703	1982	3681	4334	13873	25480	8.3	8.946193093	0.646193093	1.630337975
Hidalgo	tt0317648	2004	963	711	1213	2906	7703	19538	28067	15158	5533	6440	88232	6.7	6.860560794	0.160560794	1.655761916
Hidden	tt2131532	2015	565	384	667	1314	3485	7347	8225	4093	1193	1433	28706	6.4	6.461471469	0.061471469	1.742547147
Hidden Figures	tt4846340	2016	2331	667	774	1580	4519	15948	60572	104136	52162	41433	284122	7.8	7.99469946	0.19469946	1.411149099
Hide and Seek	tt0382077	2005	1763	1775	3443	7160	16063	24648	19370	9555	3487	4908	92172	6	6.12960552	0.12960552	1.846073879
High and Low	tt0057565	1963	1763	561	470	519	1159	2519	7648	22438	17564	15026	69667	8.4	8.162487261	-0.237512739	1.819443831
High Anxiety	tt0076141	1977	217	208	446	912	2383	5770	7662	4191	1468	1994	25251	6.6	6.830145341	0.230145341	1.676139995
High Crimes	tt0257756	2002	469	364	786	2020	6141	15917	15654	6195	1650	1972	51168	6.4	6.47963571	0.07963571	1.492050848
High Fidelity	tt0146882	2000	1655	1009	1718	3338	8037	21252	51545	59491	29058	20886	197989	7.4	7.561031168	0.161031168	1.58455919
High Life	tt4827558	2018	2561	1931	2624	4186	7180	9487	8547	5008	1820	1463	44807	5.7	5.685808021	-0.014191979	2.146306865
High Noon	tt0044706	1952	1701	587	729	1425	3380	8457	21331	35155	22750	19994	115509	7.9	7.909781922	0.009781922	1.697586224
High Plains Drifter	tt0068699	1973	485	292	455	1005	2666	7958	20774	22888	8622	7046	72191	7.4	7.537116815	0.137116815	1.487214269
High School Musical 3: Senior Year	tt0962726	2008	11290	3292	4419	7083	10242	9216	7502	5159	2782	10702	71687	5.1	5.465607432	0.365607432	2.934248049
High Tension	tt0338095	2003	2196	1346	2000	3495	6700	13995	22402	16188	7066	6926	82314	6.7	6.821561338	0.121561338	1.975150538
High-Rise	tt0462335	2015	2379	1906	2965	5057	8814	10298	8267	4449	1540	1527	47202	5.5	5.587962374	0.087962374	2.068913371
Highest 2 Lowest	tt31194612	2025	2364	1574	2145	3150	5313	6817	4544	2059	721	1331	30018	5.5	5.333233393	-0.166766607	2.225888875
Highlander	tt0091203	1986	1597	1443	2467	4419	9973	21818	44034	37157	16302	17542	156752	7	7.259652189	0.259652189	1.75753889
Highlander II: The Quickening	tt0102034	1991	6851	5547	6440	8626	8505	5879	3311	1466	632	2830	50087	4.2	4.361630762	0.161630762	2.392490406
Highway	tt2980794	2014	1172	231	293	480	1039	2409	6096	9078	5806	5823	32427	7.6	7.705368983	0.105368983	2.018503617
Hillbilly Elegy	tt6772802	2020	2284	816	1195	2128	4179	9563	16813	12277	4794	6199	60248	6.7	6.893656221	0.193656221	2.052223934
Hindi Medium	tt5764096	2017	414	102	126	215	601	1892	6657	11254	6751	7449	35461	7.9	8.124220975	0.224220975	1.558972417
Hiroshima Mon Amour	tt0052893	1959	453	300	366	707	1474	3335	7083	10848	7302	7000	38868	7.8	7.832715859	0.032715859	1.767060513
His Girl Friday	tt0032599	1940	1279	375	620	972	2347	5379	12691	18939	12186	12467	67255	7.8	7.828102	0.028102	1.819377101
His House	tt8508734	2020	1183	721	1391	2666	6235	13288	15242	8366	2545	2143	53780	6.4	6.439605801	0.039605801	1.757086946
History of the World: Part I	tt0082517	1981	684	615	1031	1997	4470	10334	16510	11218	4990	6316	58165	6.8	7.061514657	0.261514657	1.809680909
Hit and Run	tt2097307	2012	1013	686	1159	2358	5646	10622	8963	4349	1634	2320	38750	6.1	6.263096774	0.163096774	1.882457365
Hit Man	tt20215968	2023	1562	1047	1877	3609	9799	26992	44926	24433	6572	5822	126639	6.8	6.806623552	0.006623552	1.563299807
Hitch	tt0386588	2005	3547	2639	4856	11517	32049	82031	112055	58103	20095	19975	346867	6.6	6.779849337	0.179849337	1.598839797
Hitchcock	tt0975645	2012	569	366	743	1786	5830	18803	31933	15292	4153	3538	83013	6.8	6.881645044	0.081645044	1.398272172
Hitman	tt0465494	2007	3506	3025	5572	10760	22885	44785	46824	24164	9226	14536	185283	6.2	6.486946995	0.286946995	1.897742015
Hitman: Agent 47	tt2679042	2015	2883	2691	4785	8952	18836	27124	18522	8013	2905	5839	100550	5.7	5.90397812	0.20397812	1.949281596
Hitman's Wife's Bodyguard	tt8385148	2021	2425	1885	3705	7111	16566	33151	28672	12867	4541	6998	117921	6.1	6.292170182	0.192170182	1.823381191
Hobo with a Shotgun	tt1640459	2011	2320	1720	2228	3323	5783	10057	10835	7003	2820	4194	50283	6.1	6.248274765	0.148274765	2.242589136
Hocus Pocus	tt0107120	1993	2277	1673	3019	5835	13109	28535	39525	29126	14472	33956	171527	6.9	7.312353157	0.412353157	1.993234559
Hocus Pocus 2	tt11909878	2022	3156	1707	2368	4101	8254	13262	11152	6196	2497	6111	58804	6	6.158339569	0.158339569	2.284512494
Hoffa	tt0104427	1992	297	223	339	834	2535	6721	8436	3981	1214	1382	25962	6.6	6.69220399	0.09220399	1.580784352
Hold the Dark	tt5057140	2018	2562	1660	2581	4508	8145	10231	7489	3416	986	1102	42680	5.6	5.468908154	-0.131091846	2.028619368
Holes	tt0311289	2003	871	540	1028	2209	6116	16890	36106	23490	9089	11916	108255	7	7.273696365	0.273696365	1.61262126
Holidate	tt9866072	2020	1939	1510	2531	5035	11475	22974	21515	10600	3901	5740	87220	6.2	6.372678285	0.172678285	1.872398748
Holiday	tt2556308	2014	998	276	342	539	1241	2954	6545	6320	4290	8258	31763	7.2	7.751975569	0.551975569	2.106284756
Hollow Man	tt0164052	2000	2800	3204	6372	13133	28841	43578	29297	10700	2829	4423	145177	5.9	5.83356179	-0.06643821	1.70955727
Hollywood Ending	tt0278823	2002	626	318	541	1176	2842	6964	9219	4519	1491	1305	29001	6.5	6.576911141	0.076911141	1.712979857
Hollywood Homicide	tt0329717	2003	1383	1412	2618	5127	10366	10202	5637	2282	740	1404	41171	5.4	5.441354351	0.041354351	1.861379931
Hollywoodland	tt0427969	2006	557	341	654	1540	3933	9844	11384	5332	1627	1729	36941	6.5	6.560921469	0.060921469	1.635059727
Holmes & Watson	tt1255919	2018	8360	4893	5332	6101	6285	4403	2698	1271	507	1820	41670	3.9	4.03662107	0.13662107	2.433685089
Holy Motors	tt2076220	2012	1840	1057	1404	1926	3328	5856	10973	12142	7236	5218	50980	7	7.039956846	0.039956846	2.167931635
Holy Spider	tt18550140	2022	2793	201	239	384	939	3089	9156	8687	2724	3079	31291	7.3	6.953149468	-0.346850532	2.309700783
Home	tt2224026	2015	1980	1530	2711	5315	12156	25396	31599	18477	7917	12793	119874	6.5	6.805320587	0.305320587	1.906045555
Home Again	tt5719700	2017	1062	845	1410	2972	6631	9883	7321	3489	1313	1869	36795	5.8	6.005951896	0.205951896	1.910337957
Home Alone	tt0099785	1990	3942	3098	4919	9311	23882	66943	181009	216208	100371	123434	733117	7.8	7.799045718	-0.000954282	1.569044092
Home Alone 2: Lost in New York	tt0104431	1992	3804	3803	6777	14732	37565	88781	127474	79440	35646	52134	450156	6.9	7.06682128	0.16682128	1.764349116
Home Alone 3	tt0119303	1997	11241	11128	17187	22015	24170	20046	13350	7284	3098	7647	137166	4.6	4.88691075	0.28691075	2.336416014
Home on the Range	tt0299172	2004	974	989	1830	3258	6407	6859	4208	1840	704	2040	29109	5.4	5.688103336	0.288103336	2.06227168
Homefront	tt2312718	2013	1093	888	1908	4520	13500	38007	45690	19457	6128	9081	140272	6.5	6.727379662	0.227379662	1.556963128
Homeward Bound: The Incredible Journey	tt0107131	1993	416	313	635	1368	4083	10039	16481	9782	4001	7735	54853	7	7.220206734	0.220206734	1.731151282
Honest Thief	tt1838556	2020	1059	801	1647	3714	10045	20999	14969	5431	1637	2580	62882	6	6.161397538	0.161397538	1.644639451
Honey	tt0322589	2003	2766	1849	3012	5345	9520	10603	6467	3633	1622	4411	49228	5.3	5.710957179	0.410957179	2.292885169
Honey Boy	tt8151874	2019	642	272	367	689	1892	5775	13760	11709	4320	3225	42651	7.2	7.274741507	0.074741507	1.606862328
Honey, I Blew Up the Kid	tt0104437	1992	1571	2394	4945	9507	12796	9171	4301	1830	657	1886	49058	4.9	5.050103959	0.150103959	1.896010515
Honey, I Shrunk the Kids	tt0097523	1989	1511	1731	3357	7988	22207	51695	50536	21637	6168	8677	175507	6.4	6.480260047	0.080260047	1.584783936
Honeymoon	tt3177316	2014	1325	970	1557	2853	5304	7188	5367	2263	648	930	28405	5.7	5.625805316	-0.074194684	1.972630685
Hoodwinked	tt0443536	2005	1451	1190	1982	3680	7729	14434	18148	11303	4733	6241	70891	6.5	6.661113541	0.161113541	1.953149204
Hook	tt0102057	1991	3002	2594	4674	10204	25121	56249	81334	52873	22307	29958	288316	6.8	7.002011682	0.202011682	1.774632979
Hoop Dreams	tt0110057	1994	472	121	170	266	667	1576	4179	8169	6714	6986	29320	8.3	8.184515689	-0.115484311	1.714025165
Hoosiers	tt0091217	1986	422	208	366	821	2319	6443	14755	15523	7676	7693	56226	7.4	7.629139544	0.229139544	1.592360697
Hop	tt1411704	2011	1963	1623	2578	4487	8025	8917	5524	2695	1068	3173	40053	5.4	5.644720745	0.244720745	2.211289819
Hope Floats	tt0119313	1998	927	675	1129	2374	4946	7429	6031	3883	1754	3290	32438	6.1	6.36386337	0.26386337	2.108973722
Hope Springs	tt1535438	2012	784	541	992	2172	5783	13065	12703	5649	1927	2072	45688	6.3	6.413303274	0.113303274	1.684538285
Horizon: An American Saga - Chapter 1	tt17505010	2024	1149	740	1054	1801	3839	7967	11233	7650	3360	5330	44123	6.6	6.875393786	0.275393786	2.045640533
Horns	tt1528071	2013	2088	1421	2327	4550	10212	20846	26070	14002	4705	5096	91317	6.4	6.505448055	0.105448055	1.833325321
Horrible Bosses	tt1499658	2011	4010	3590	6407	13943	36559	96414	164122	96894	33666	29529	485134	6.9	6.946023161	0.046023161	1.573187321
Horrible Bosses 2	tt2170439	2014	2694	2467	4477	9878	25060	55072	53161	22840	7465	9077	192191	6.3	6.395226624	0.095226624	1.674053704
Horror of Dracula	tt0051554	1958	253	155	268	566	1890	4416	9193	7772	2953	3356	30822	7.2	7.340243982	0.140243982	1.616734432
Horsemen	tt0892767	2009	808	706	1387	2655	5513	6851	4136	1650	524	956	25186	5.5	5.642023346	0.142023346	1.865355362
Horton Hears a Who!	tt0451079	2008	1811	1431	2435	5516	14012	32234	47706	27641	11159	13434	157379	6.8	6.909098418	0.109098418	1.727653158
Host	tt12749596	2020	1293	902	1259	2241	4886	10555	14199	8406	2737	2497	48975	6.5	6.530719755	0.030719755	1.866143447
Hostage	tt0340163	2005	978	758	1566	4009	11552	30990	38817	16956	4964	5315	115905	6.5	6.661671196	0.161671196	1.508856991
Hostel	tt0450278	2005	11421	6339	9271	15067	30021	47514	41609	21786	8087	11336	202451	5.9	5.92273192	0.02273192	2.157516908
Hostel: Part II	tt0498353	2007	5912	3751	5774	10213	19837	23108	15956	7990	3026	5719	101286	5.5	5.622267638	0.122267638	2.160269761
Hostiles	tt5478478	2017	792	454	787	1608	4552	13737	34136	29755	11567	8427	105815	7.2	7.381184142	0.181184142	1.491408278
Hot Fuzz	tt0425112	2007	5563	2216	3303	6153	15241	42496	112627	178095	104321	92100	562115	7.8	7.914279107	0.114279107	1.590378208
Hot Pursuit	tt2967224	2015	2824	2482	4059	7108	13148	12521	7200	3227	1298	3263	57130	5.2	5.422562577	0.222562577	2.105963925
Hot Rod	tt0787475	2007	1824	1293	2050	3857	8509	17721	24591	17115	8298	13081	98339	6.7	7.010524817	0.310524817	1.979383117
Hot Shots!	tt0102059	1991	1170	1093	2067	4265	10988	27856	39428	21121	7416	8553	123957	6.7	6.824390716	0.124390716	1.647992023
Hot Shots! Part Deux	tt0107144	1993	1052	1098	2061	4286	10731	24167	29920	16019	5911	7810	103055	6.6	6.735461647	0.135461647	1.725152148
Hot Summer Nights	tt3416536	2017	373	269	534	1285	3169	6881	7659	3728	1223	1559	26680	6.4	6.552398801	0.152398801	1.700247329
Hot Tub Time Machine	tt1231587	2010	3021	2772	4729	9583	22430	48787	55279	28815	9786	11235	196437	6.4	6.535698468	0.135698468	1.755251071
Hot Tub Time Machine 2	tt2637294	2015	2203	2253	3579	6274	10724	9885	5257	1993	702	1628	44498	5	5.187042114	0.187042114	1.985068249
Hotel Artemis	tt5834262	2018	962	802	1634	3878	9798	19830	15571	5964	1552	1845	61836	6.1	6.146532764	0.046532764	1.600948143
Hotel for Dogs	tt0785006	2009	1397	933	1467	2751	5348	5462	3667	1916	850	2440	26231	5.5	5.765201479	0.265201479	2.276894802
Hotel Mumbai	tt5461944	2018	1511	263	345	633	1786	5997	21237	27829	10464	7563	77628	7.6	7.621128974	0.021128974	1.577323395
Hotel Rwanda	tt0395169	2004	4450	1102	1379	2382	6042	18452	68168	138849	91718	56988	389530	8.1	8.072679896	-0.027320104	1.472218122
Hotel Transylvania	tt0837562	2012	2131	1410	2718	6313	17687	48480	101192	69038	26694	33163	308826	7	7.286290662	0.286290662	1.589722412
Hotel Transylvania 2	tt2510894	2015	1375	1074	2154	5311	14555	38184	50018	24470	8876	13161	159178	6.6	6.850745706	0.250745706	1.643389631
Hotel Transylvania 3: Summer Vacation	tt5220122	2018	1460	1210	2283	4956	12904	27839	24163	11084	3910	7607	97416	6.3	6.479223126	0.179223126	1.79010479
Hotel Transylvania 4: Transformania	tt9848626	2022	1072	882	1579	3275	7113	12797	9325	4130	1545	4638	46356	6	6.290879282	0.290879282	1.999739945
Hours	tt2094018	2013	620	409	764	1439	3681	7311	7957	3913	1651	4015	31760	6.3	6.730761965	0.430761965	1.976791134
House	tt0076162	1977	608	494	716	1182	2292	4768	9159	9571	5066	4859	38715	7.2	7.320289294	0.120289294	1.900712737
House	tt0091223	1985	596	555	1052	2085	4648	8695	7467	3803	1200	2315	32416	6.1	6.331903998	0.231903998	1.868613974
House at the End of the Street	tt1582507	2012	2198	2338	4390	8626	17810	22277	13964	6086	2075	4417	84181	5.5	5.779700883	0.279700883	1.912034243
House of 1000 Corpses	tt0251736	2003	5754	3328	4313	6452	11223	18831	19024	13217	6442	10715	99299	6	6.286971671	0.286971671	2.387635692
House of Flying Daggers	tt0385004	2004	1177	595	976	1957	4629	12235	29592	37291	17369	13347	119168	7.5	7.593825524	0.093825524	1.602692003
House of Games	tt0093223	1987	352	163	302	599	1368	3401	7341	6719	3191	2042	25478	7.2	7.280948269	0.080948269	1.67750626
House of Gucci	tt11214590	2021	2845	1799	3210	6774	16759	41226	55721	27851	7910	8972	173067	6.6	6.633760336	0.033760336	1.674051027
House of Sand and Fog	tt0315983	2003	969	490	755	1267	2870	7605	18463	23133	11456	8384	75392	7.5	7.567261778	0.067261778	1.668398617
House of the Dead	tt0317676	2003	21157	6718	3716	2215	1656	1061	702	440	212	1810	39687	2.1	2.461486129	0.361486129	2.337167409
House of Wax	tt0397065	2005	5707	5243	9091	16255	27948	32121	22552	11147	4190	9498	143752	5.5	5.709012744	0.209012744	2.119871217
House on Haunted Hill	tt0051744	1959	248	215	470	1019	2833	7255	11177	5965	2129	2847	34158	6.7	6.951490134	0.251490134	1.619665529
House on Haunted Hill	tt0185371	1999	1934	2197	3677	6511	12081	14582	10856	5407	2114	3758	63117	5.6	5.817038199	0.217038199	2.046132646
Housebound	tt3504048	2014	648	434	744	1467	3276	7804	12212	7745	2778	2546	39654	6.7	6.827205326	0.127205326	1.745257477
HouseSitter	tt0104452	1992	404	360	767	1705	4520	8226	6261	3167	1210	1834	28454	6.2	6.346875659	0.146875659	1.776955242
How Do You Know	tt1341188	2010	2267	2206	3601	6876	13188	13905	8408	3428	1151	1959	56989	5.4	5.449911386	0.049911386	1.927159711
How Green Was My Valley	tt0033729	1941	359	182	257	497	1177	2655	5922	7968	4582	5091	28690	7.7	7.760299756	0.060299756	1.760846801
How High	tt0278488	2001	2098	1600	2366	3865	7420	12687	13283	8396	3718	9379	64812	6.2	6.611105968	0.411105968	2.251053204
How I Live Now	tt1894476	2013	571	384	721	1555	3596	7616	9118	5091	1987	2611	33250	6.4	6.675037594	0.275037594	1.824784351
How It Ends	tt5246700	2018	5274	4034	5754	8950	13538	12780	7118	2821	868	1610	62747	5.1	4.893939152	-0.206060848	2.084840182
How the Grinch Stole Christmas	tt0170016	2000	6357	5346	9173	17749	39152	72144	75323	47906	21059	36269	330478	6.4	6.677957383	0.277957383	2.000108664
How the West Was Won	tt0056085	1962	273	153	312	561	1565	3906	8018	5537	2265	2571	25161	7.1	7.215015301	0.115015301	1.673139135
How to Be Single	tt1292566	2016	2260	1635	2865	5998	14693	27498	23435	11033	3855	5113	98385	6.1	6.2479443	0.1479443	1.817945005
How to Lose a Guy in 10 Days	tt0251127	2003	3230	3026	5600	12120	31711	73087	85931	49536	21424	27704	313369	6.5	6.826776101	0.326776101	1.75547689
How to Lose Friends & Alienate People	tt0455538	2008	1066	856	1659	3604	8471	18332	21419	9993	3178	3330	71908	6.4	6.484633142	0.084633142	1.686599839
How to Marry a Millionaire	tt0045891	1953	197	160	306	660	1812	5157	8999	4842	1811	2460	26404	6.8	7.071087714	0.271087714	1.609839461
How to Steal a Million	tt0060522	1966	195	105	155	326	1042	3144	8698	9813	4076	4338	31892	7.5	7.704189138	0.204189138	1.499587814
How to Train Your Dragon	tt0892769	2010	4684	1616	2533	5067	14310	46070	155485	284367	196356	168765	879253	8.1	8.190973474	0.090973474	1.406750419
How to Train Your Dragon	tt26743210	2025	1463	461	545	950	2460	7585	22945	35392	20631	25304	117736	7.8	8.052762112	0.252762112	1.633233032
How to Train Your Dragon 2	tt1646971	2014	1984	915	1484	3228	9732	31276	90379	127244	66692	63051	395985	7.8	7.926656313	0.126656313	1.455375589
How to Train Your Dragon: The Hidden World	tt2386490	2019	994	455	889	1919	5950	19627	51272	49187	20980	23570	174843	7.4	7.645024393	0.245024393	1.502245946
Howard the Duck	tt0091225	1986	5831	4395	5598	7105	8781	8107	5609	3162	1344	4118	54050	4.8	4.999389454	0.199389454	2.529417588
Howards End	tt0104454	1992	526	330	459	794	1861	4578	10113	10251	4782	4569	38263	7.4	7.423333246	0.023333246	1.751220279
Howl's Moving Castle	tt0347149	2004	4021	1378	1930	3429	8307	23689	73853	148271	121127	117257	503262	8.2	8.297475271	0.097475271	1.504237223
Hubie Halloween	tt10682266	2020	3888	3075	4638	7375	13014	14199	9567	4763	1869	4890	67278	5.3	5.566604239	0.266604239	2.253660925
Hud	tt0057163	1963	250	108	154	272	747	1964	5518	8697	4155	3747	25612	7.8	7.832344214	0.032344214	1.566658061
Hudson Hawk	tt0102070	1991	2454	2252	3609	5855	10511	13961	11584	6700	2752	4212	63890	5.7	5.933667241	0.233667241	2.1453721
Hugo	tt0970179	2011	3648	2120	3324	6092	14987	38945	89232	103907	49402	35717	347374	7.5	7.509200458	0.009200458	1.631056469
Hulk	tt0286716	2003	10395	9102	16079	29471	59405	74288	49033	22761	7722	12287	290543	5.7	5.696781544	-0.003218456	1.951918639
Human Traffic	tt0188674	1999	518	325	415	727	1782	3877	7404	6750	3526	3704	29028	7.1	7.306566074	0.206566074	1.878440274
Hunger	tt0986233	2008	974	478	797	1402	3124	7488	18733	24349	11679	7126	76150	7.5	7.521615233	0.021615233	1.648137641
Hunt for the Wilderpeople	tt4698684	2016	667	375	543	1009	2965	10190	33003	55118	29135	18377	151382	7.8	7.933552206	0.133552206	1.355938878
Hunter Killer	tt1846589	2018	1219	742	1331	2688	6535	16245	24809	14670	5420	6188	79847	6.6	6.879106291	0.279106291	1.737984407
Hunting Season	tt1668191	2010	734	170	288	525	1376	3772	9750	10828	4597	6921	38961	7.4	7.674520675	0.274520675	1.777263405
Husbands and Wives	tt0104466	1992	486	165	261	436	1212	3387	8806	10282	4480	3214	32729	7.5	7.518805952	0.018805952	1.623610804
Hush	tt5022702	2016	2339	1796	3107	6520	15810	38556	53154	28053	9143	9108	167586	6.6	6.692605588	0.092605588	1.67477361
Hustle	tt8009428	2022	792	305	574	1253	4212	17667	56065	50852	16847	12658	161225	7.3	7.521612653	0.221612653	1.316452833
Hustle & Flow	tt0410097	2005	965	337	428	738	1788	4838	12360	13012	5399	5318	45183	7.3	7.441515614	0.141515614	1.774723577
Hustlers	tt5503686	2019	4089	1846	2907	5655	13841	29611	29681	14731	4416	5354	112131	6.3	6.286325815	-0.013674185	1.886849219
Hypnotic	tt8080204	2023	1575	1475	2692	4713	8980	11302	7785	3440	1194	2103	45259	5.5	5.69955147	0.19955147	1.976979298
Hysteria	tt1435513	2011	347	201	363	928	2861	8106	11907	5681	1905	1735	34034	6.7	6.810336722	0.110336722	1.522789625
I	tt2302966	2015	867	260	312	495	977	2036	4010	4759	3755	7825	25296	7.4	7.890219798	0.490219798	2.207465817
I Am Legend	tt0480249	2007	8449	5078	8473	17299	43755	120987	269006	229290	91961	72857	867155	7.2	7.301460523	0.101460523	1.590061384
I Am Love	tt1226236	2009	560	355	513	888	1786	3771	6619	5704	3041	2207	25444	7	7.047673322	0.047673322	1.920308028
I Am Mother	tt6292852	2019	1007	674	1314	3016	8648	24371	35593	19234	6357	4958	105172	6.7	6.823517666	0.123517666	1.530144537
I Am Number Four	tt1464540	2011	5003	4599	8647	18530	36252	62499	57150	28964	11617	18735	251996	6.1	6.326215495	0.226215495	1.92866334
I Am Sam	tt0277027	2001	1562	970	1372	2333	5394	13535	36054	49038	26413	24326	160997	7.6	7.769020541	0.169020541	1.647441878
I Came By	tt15083184	2022	875	568	974	2165	5417	11379	10312	4279	1187	1313	38469	6.2	6.217499805	0.017499805	1.699485049
I Care a Lot	tt9893250	2020	14381	4439	5153	7447	14007	31246	42074	23644	7603	7057	157051	6.4	6.040611012	-0.359388988	2.310573929
I Confess	tt0045897	1953	134	71	158	343	1079	3621	8790	6811	2207	1813	25027	7.2	7.322251968	0.122251968	1.406507775
I Don't Feel at Home in This World Anymore	tt5710514	2017	514	381	682	1573	4397	13512	25104	14352	3969	2659	67143	6.9	6.933351206	0.033351206	1.433952701
I Feel Pretty	tt6791096	2018	6822	1728	2299	4285	9276	13488	10202	5428	2233	4216	59977	5.7	5.647464862	-0.052535138	2.440836542
I Give It a Year	tt2244901	2013	1286	1231	2034	3770	7949	10883	7529	3444	1170	1333	40629	5.7	5.761598858	0.061598858	1.882873162
I Heart Huckabees	tt0356721	2004	2627	1460	2012	3118	5648	9980	14110	12611	7558	8321	67445	6.5	6.865816591	0.365816591	2.246637961
I Kill Giants	tt4547194	2017	1175	733	1107	1984	4152	7524	7342	4354	2342	3139	33852	6.1	6.454448777	0.354448777	2.12057699
I Killed My Mother	tt1424797	2009	512	191	286	503	1309	3440	8529	9472	4604	3609	32455	7.4	7.51668464	0.11668464	1.689989479
I Know What You Did Last Summer	tt0119345	1997	3742	3771	6889	15477	36176	50639	33423	13753	4808	9546	178224	5.8	5.954809678	0.154809678	1.83183725
I Know What You Did Last Summer	tt4045450	2025	2407	1847	3047	5334	9300	8811	4707	2088	728	1971	40240	5.1	5.264885686	0.164885686	2.098423073
I Know Who Killed Me	tt0897361	2007	7610	3638	3568	3501	3167	2272	1583	919	3534	2207	31999	3.6	4.417950561	0.817950561	3.010639763
I Lost My Body	tt9806192	2019	278	148	238	470	1278	3961	10767	13149	5437	2692	38418	7.5	7.541725233	0.041725233	1.431007095
I Love You Phillip Morris	tt1045772	2009	3146	1434	2095	4033	9097	21194	30664	17981	6603	6588	102835	6.6	6.660018476	0.060018476	1.892494375
I Love You, Beth Cooper	tt1032815	2009	1889	1581	2496	4582	8255	8786	5506	2629	956	2454	39134	5.4	5.559768999	0.159768999	2.131985754
I Love You, Man	tt1155056	2009	1863	1285	2130	4716	13536	38839	74458	51472	19703	16404	224406	7	7.151101129	0.151101129	1.553393728
I Now Pronounce You Chuck & Larry	tt0762107	2007	5918	3927	6099	11214	23847	41664	35023	16892	6095	9394	160073	5.9	6.092445322	0.192445322	2.000733901
I Origins	tt2884206	2014	1639	949	1425	2579	6066	16263	35538	37839	19701	17884	139883	7.3	7.53245927	0.23245927	1.706188057
I Saw the Devil	tt1588170	2010	1896	776	1195	2089	4499	11697	32385	53984	31465	22595	162581	7.8	7.846968588	0.046968588	1.610796278
I Saw the TV Glow	tt15574270	2024	3497	2072	2541	3763	5505	6742	6865	5271	2991	3405	42652	5.8	5.84931539	0.04931539	2.527115152
I See You	tt6079516	2019	968	641	1000	2141	5385	14878	25373	15211	4884	4103	74584	6.8	6.89547356	0.09547356	1.610385191
I Spit on Your Grave	tt1242432	2010	3111	2043	3179	5637	11978	24303	25190	13290	4950	7767	101448	6.2	6.405843388	0.205843388	1.995743536
I Spit on Your Grave	tt0077713	1978	2161	1341	1701	2869	5422	7646	5790	3169	1275	2433	33807	5.7	5.800425947	0.100425947	2.276581165
I Spit on Your Grave 2	tt2537176	2013	1519	1051	1675	3129	6619	9161	5941	2838	1175	2723	35831	5.7	5.897658452	0.197658452	2.113587963
I Spy	tt0297181	2002	1408	1663	3143	6462	13362	14666	8292	3210	1084	1932	55222	5.4	5.570551592	0.170551592	1.810055591
I Stand Alone	tt0157016	1998	598	305	407	667	1328	3223	6952	7220	3707	2975	27382	7.2	7.326418815	0.126418815	1.873510693
I Still Know What You Did Last Summer	tt0130018	1998	4525	5385	9129	15854	20652	14641	7840	3643	1503	4154	87326	4.8	4.9961638	0.1961638	2.085818995
I Want to Eat Your Pancreas	tt7236034	2018	282	118	174	263	664	1684	4421	8425	7271	10637	33939	8.1	8.417219128	0.317219128	1.607229391
I Want You Back	tt6462958	2022	350	180	311	833	2550	7302	9128	3961	1041	1273	26929	6.5	6.655278696	0.155278696	1.535103123
I, Daniel Blake	tt5168192	2016	1617	226	278	542	1429	4329	14272	24704	12837	7574	67808	7.8	7.771929566	-0.028070434	1.660874513
I, Frankenstein	tt1418377	2014	4159	4155	6946	11159	18421	18514	11050	5116	2024	4373	85917	5.1	5.36978712	0.26978712	2.1074993
I, Robot	tt0343818	2004	3990	2832	5164	11726	33309	101035	220978	146076	48026	35828	608964	7.1	7.144548775	0.044548775	1.452507687
I, Tonya	tt5580036	2017	1343	685	959	2126	6868	26113	84987	90436	29317	15673	258507	7.5	7.520461728	0.020461728	1.293133906
I.Q.	tt0110099	1994	456	334	627	1599	4064	7825	6620	3249	1164	1525	27463	6.2	6.36234206	0.16234206	1.746156283
I'm a Cyborg, But That's OK	tt0497137	2006	411	247	433	836	1756	3985	7491	6305	2925	2602	26991	6.9	7.167574377	0.267574377	1.796388674
I'm Not There	tt0368794	2007	1658	985	1323	2355	4942	9614	15967	12574	6467	7354	63239	6.8	7.013314569	0.213314569	2.030301111
I'm So Excited!	tt2243389	2013	1232	939	1386	2507	4508	5826	4633	2284	898	1234	25447	5.6	5.734153338	0.134153338	2.103867263
I'm Still Here	tt14961016	2024	1880	314	311	488	1227	3476	10618	34699	16069	73185	142267	8.1	8.862020005	0.762020005	1.585579186
I'm Thinking of Ending Things	tt7939766	2020	5718	3060	4126	6217	10197	17075	23351	20091	10689	7571	108095	6.5	6.462972385	-0.037027615	2.280153568
iBoy	tt3171832	2017	637	487	908	1884	4348	7516	5449	2236	660	1106	25231	5.9	6.013951092	0.113951092	1.8005712
Icarus	tt6333060	2017	408	132	161	338	1320	3482	11940	21246	11764	6802	57593	7.9	7.942684007	0.042684007	1.386462188
Ice Age	tt0268380	2002	2067	1532	2946	6590	19270	59145	163513	181715	65300	55637	557715	7.5	7.591565585	0.091565585	1.406860298
Ice Age: Collision Course	tt3416828	2016	2144	2323	4084	7585	16817	22986	14251	6419	2344	5311	84264	5.7	5.894545713	0.194545713	1.947968899
Ice Age: Continental Drift	tt1667889	2012	2303	2100	4372	10224	25296	60142	71125	34076	12222	18972	240832	6.5	6.718575605	0.218575605	1.696746609
Ice Age: Dawn of the Dinosaurs	tt1080016	2009	1838	1596	3267	7601	20409	52860	96671	54823	20283	23171	282519	6.9	7.057854516	0.157854516	1.57945713
Ice Age: The Meltdown	tt0438097	2006	1839	1644	3438	8268	24338	68599	111812	54379	18447	21956	314720	6.8	6.94298424	0.14298424	1.520309488
Ice Princess	tt0396652	2005	683	517	976	2008	4882	8143	6131	3274	1353	3045	31012	6.1	6.374338966	0.274338966	1.990134798
Ichi the Killer	tt0296042	2001	1495	882	1289	2082	4221	8707	16299	14550	6936	6920	63381	6.9	7.11440337	0.21440337	1.964369671
Ida	tt2718492	2013	783	424	639	1193	2650	7036	16182	18820	9634	5379	62740	7.4	7.461204973	0.061204973	1.645161177
Identity	tt0309698	2003	1672	1281	2225	4886	12779	38054	90357	83466	31953	22154	288827	7.3	7.381636758	0.081636758	1.476385743
Identity Thief	tt2024432	2013	4197	3675	6442	12628	27250	40301	27275	12641	4923	8117	147449	5.7	5.947622568	0.247622568	1.93324674
Idiocracy	tt0387808	2006	3445	3176	5213	9953	21183	43708	55770	33943	15106	19800	211297	6.5	6.764407445	0.264407445	1.903615383
Idle Hands	tt0138510	1999	1243	1016	1715	2925	6267	11532	11463	6648	2454	4626	49889	6.3	6.46270721	0.16270721	2.023202024
IF	tt11152168	2024	1427	776	1338	2780	7036	14862	15984	9216	3907	6872	64198	6.4	6.728620829	0.328620829	1.942239727
If Beale Street Could Talk	tt7125860	2018	1317	531	797	1484	3644	8760	16140	13002	5709	3372	54756	7.1	7.005314486	-0.094685514	1.794457999
If I Stay	tt1355630	2014	1946	1319	2522	5361	11607	25261	34011	22601	11008	15335	130971	6.7	6.982477037	0.282477037	1.890183497
If Only	tt0332136	2004	636	380	605	1045	2171	4683	8099	6760	4085	6549	35013	7	7.407877074	0.407877074	2.00724231
If....	tt0063850	1968	254	181	268	550	1279	2957	6159	7256	3643	3762	26309	7.4	7.576304687	0.176304687	1.721087851
Igby Goes Down	tt0280760	2002	598	427	649	1182	2617	5855	10417	8083	3760	3448	37036	6.8	7.080813263	0.280813263	1.825824129
Ikiru	tt0044741	1952	3263	964	765	1228	2531	4613	12374	25734	22117	27157	100746	8.3	8.098028706	-0.201971294	2.033873327
Imagine Me & You	tt0421994	2005	957	448	631	1270	2996	6020	8737	6663	3951	7341	39014	6.8	7.262982519	0.462982519	2.093719618
Immaculate	tt23137390	2024	1986	1317	2460	5140	11655	16973	11223	4432	1241	2234	58661	5.8	5.799406761	-0.000593239	1.839913479
Immortal Beloved	tt0110116	1994	241	145	229	519	1233	3167	7033	7231	3593	3989	27380	7.4	7.588276114	0.188276114	1.674437646
Immortals	tt1253864	2011	5026	4002	7193	13109	27125	44765	39169	20742	8217	12929	182277	6	6.224712937	0.224712937	1.998114274
Imperium	tt4781612	2016	998	388	676	1622	5155	15109	18703	7014	1680	1697	53042	6.5	6.52015384	0.02015384	1.526306687
Impostor	tt0160399	2001	463	408	756	1521	3660	6843	6402	3040	1056	1129	25278	6.2	6.286771105	0.086771105	1.764536563
In & Out	tt0119360	1997	1075	734	1168	2336	5291	11298	12315	6677	2481	2758	46133	6.4	6.484815642	0.084815642	1.85301967
In a Better World	tt1340107	2010	345	175	245	462	1130	3736	11256	15162	6581	3821	42913	7.6	7.663668352	0.063668352	1.449037369
In a Lonely Place	tt0042593	1950	270	136	181	357	987	2716	8043	13597	7144	5227	38658	7.9	7.89971028	-0.00028972	1.472481509
In a Violent Nature	tt30321146	2024	1976	1525	1964	3085	5195	6772	5226	2573	807	914	30037	5.5	5.441089323	-0.058910677	2.135952286
In a World...	tt2294677	2013	469	282	512	1046	2945	7737	11501	6216	1786	1281	33775	6.6	6.721509993	0.121509993	1.570725812
In America	tt0298845	2002	687	276	361	620	1683	4008	9495	13350	7984	6818	45282	7.6	7.741840025	0.141840025	1.72958255
In Bruges	tt0780536	2008	3548	1935	2730	5093	11657	32727	92302	165461	103863	69371	488687	7.9	7.957866692	0.057866692	1.501574129
In Cold Blood	tt0061809	1967	684	154	216	361	845	2169	5865	10577	6080	4438	31389	7.9	7.808276785	-0.091723215	1.74027372
In Good Company	tt0385267	2004	585	486	926	2348	6535	15631	17832	8722	2564	2172	57801	6.4	6.567083614	0.167083614	1.548646765
In Her Shoes	tt0388125	2005	929	777	1393	2990	7410	16458	19138	10470	3839	3924	67328	6.5	6.623351355	0.123351355	1.722482483
In Order of Disappearance	tt2675914	2014	258	128	231	505	1411	4497	10832	8474	2693	1659	30688	7.1	7.224550313	0.124550313	1.438495009
In the Bedroom	tt0247425	2001	908	458	573	951	2143	5202	10810	12404	6121	4535	44105	7.4	7.360049881	-0.039950119	1.829532356
In the Cut	tt0199626	2003	1641	1208	1985	3384	5493	5563	4053	2226	871	1184	27608	5.4	5.442226891	0.042226891	2.156598364
In the Fade	tt5723272	2017	696	238	342	661	1955	5733	13533	9506	2978	1830	37472	7.1	7.069171648	-0.030828352	1.581233407
In the Heart of the Sea	tt1390411	2015	992	652	1257	3392	10097	30312	58804	33404	9790	8984	157684	6.9	7.031797773	0.131797773	1.439209469
In the Heat of the Night	tt0061811	1967	1427	251	325	559	1621	5123	17859	33872	17054	11905	89996	7.9	7.917107427	0.017107427	1.538525473
In the Heights	tt1321510	2021	1602	597	768	1259	2898	6640	12676	12994	7134	8824	55392	7.2	7.3944974	0.1944974	2.023375532
In the House	tt1964624	2012	313	140	258	505	1426	4383	11098	11228	4155	2238	35744	7.3	7.388652641	0.088652641	1.459320129
In the Land of Blood and Honey	tt1714209	2011	19777	726	530	749	1336	1676	1579	1199	752	6583	34907	4.7	3.890165296	-0.809834704	3.701415709
In the Land of Saints and Sinners	tt15782690	2023	393	258	432	1022	3262	9249	9359	3547	886	1423	29831	6.4	6.509671147	0.109671147	1.5506961
In the Land of Women	tt0419843	2007	760	436	846	1550	3764	7681	8989	4760	1961	2733	33480	6.4	6.608661888	0.208661888	1.897620728
In the Line of Fire	tt0107206	1993	586	293	554	1406	4968	17311	47427	32721	9855	6648	121769	7.2	7.276860285	0.076860285	1.312489998
In the Loop	tt1226774	2009	791	423	671	1238	2820	7029	16800	19266	9349	5499	63886	7.4	7.446623673	0.046623673	1.643920006
In the Mood for Love	tt0118694	2000	2882	1031	1422	2450	4968	11698	29087	51042	40537	39849	184966	8	8.05178249	0.05178249	1.760252553
In the Mouth of Madness	tt0113409	1994	967	768	1223	2348	5636	13003	25048	20613	9280	8821	87707	7.1	7.225557823	0.125557823	1.731395003
In the Name of the Father	tt0107207	1993	1733	767	771	1269	3208	8961	33545	73327	48053	29296	200930	8.1	8.098989698	-0.001010302	1.434790288
In the Name of the King: A Dungeon Siege Tale	tt0460780	2007	10122	6008	6775	7259	6821	4576	2827	1456	3779	3225	52848	3.8	4.366447169	0.566447169	2.748595749
In the Shadow of the Moon	tt8110640	2019	2010	1041	1781	3667	9065	18679	17597	7860	2318	2357	66375	6.2	6.207050847	0.007050847	1.784793207
In the Tall Grass	tt4687108	2019	2894	2788	4531	8401	15263	18311	11919	4777	1467	1961	72312	5.5	5.480556477	-0.019443523	1.9060169
In the Valley of Elah	tt0478134	2007	818	352	605	1276	3603	11762	27185	20509	6830	4170	77110	7.1	7.191868759	0.091868759	1.476520433
In Time	tt1637688	2011	4430	3895	7809	17061	41498	99212	150060	88514	33563	32693	478735	6.7	6.881013504	0.181013504	1.6546925
In Your Eyes	tt2101569	2014	408	271	412	933	2233	5235	9071	6949	3453	3874	32839	6.9	7.22917872	0.32917872	1.784078035
Incantation	tt18968540	2022	777	529	806	1539	3203	6262	6955	4626	1851	1879	28427	6.3	6.512751961	0.212751961	1.960079024
Incendies	tt1255953	2010	3078	1116	1283	1936	3924	9345	30811	74195	68846	49325	243859	8.3	8.261716812	-0.038283188	1.577703468
Inception	tt1375666	2010	22882	8546	10704	16733	34474	79773	235713	564608	852594	947567	2773594	8.8	8.691213278	-0.108786722	1.488707909
Incident in a Ghostland	tt6195094	2018	1227	794	1152	2307	4579	9228	11847	8172	3158	3332	45796	6.4	6.633963665	0.233963665	1.95716289
Incredibles 2	tt3606756	2018	2286	1141	2037	4827	13482	41059	104537	112443	46735	35850	364397	7.5	7.558154979	0.058154979	1.472731967
Indecent Proposal	tt0107211	1993	1715	1448	2902	6220	14636	23870	18594	8590	3064	4409	85448	6	6.145737759	0.145737759	1.813240398
Independence Day	tt0116629	1996	11423	7477	11430	19877	42866	101475	191922	141038	58286	54752	640546	7	7.036507917	0.036507917	1.810203453
Independence Day: Resurgence	tt1628841	2016	10897	9922	16099	25567	42226	44015	27036	11265	3844	7196	198067	5.2	5.263138231	0.063138231	2.053044437
Indiana Jones and the Dial of Destiny	tt1462764	2023	7761	3681	5263	9599	22695	52189	67832	35446	10965	13615	229046	6.5	6.501506248	0.001506248	1.903513104
Indiana Jones and the Kingdom of the Crystal Skull	tt0367882	2008	15366	11069	18979	35828	70433	128216	122515	58392	20918	28927	510643	6.2	6.191188364	-0.008811636	1.946283317
Indiana Jones and the Last Crusade	tt0097576	1989	5133	2567	3489	5829	14657	42197	139723	278459	206295	157777	856126	8.2	8.188835522	-0.011164478	1.438561816
Indiana Jones and the Temple of Doom	tt0087469	1984	3389	2354	4175	8544	21974	62683	157248	176355	68708	57650	563080	7.5	7.542825176	0.042825176	1.50727651
Infernal Affairs	tt0338564	2002	3221	645	663	1010	2652	6924	23113	44361	30943	23579	137111	8	7.995711504	-0.004288496	1.737070197
Inferno	tt0080923	1980	486	374	667	1346	2754	5494	6971	4174	1717	2030	26013	6.5	6.661861377	0.161861377	1.885542866
Inferno	tt3062096	2016	2926	2520	4915	11114	28075	61394	54403	21668	6264	7221	200500	6.2	6.277591022	0.077591022	1.622435823
Infinite	tt6654210	2021	2493	2361	4240	7305	14252	17429	11138	4810	1891	3781	69700	5.5	5.68527977	0.18527977	2.01403381
Infinity Pool	tt10365998	2023	3279	2099	3197	5441	10548	17373	16445	8779	2594	2566	72321	6	5.947968087	-0.052031913	2.010794996
Inglourious Basterds	tt0361748	2009	21989	7156	9606	14846	29263	72256	217341	504434	514897	359231	1751019	8.4	8.273808565	-0.126191435	1.585736477
Ingrid Goes West	tt5962210	2017	712	450	843	1801	4909	12504	17330	8425	2141	1990	51105	6.6	6.629351335	0.029351335	1.573926895
Inherent Vice	tt1791528	2014	2806	1945	3173	5740	11570	22903	30515	22631	9729	7296	118308	6.6	6.674248572	0.074248572	1.91951995
Inherit the Wind	tt0053946	1960	815	345	221	313	826	2038	5323	10385	7658	7158	35082	8.1	7.999002337	-0.100997663	1.850171353
Inkheart	tt0494238	2008	1216	1160	2350	5375	13072	24612	19587	9124	3245	5289	85030	6.1	6.319110902	0.219110902	1.768497351
Inland Empire	tt0460829	2006	2760	1666	1967	2954	4932	8563	13635	12194	7970	11364	68005	6.8	7.032041762	0.232041762	2.344007389
Innerspace	tt0093260	1987	524	353	767	1848	5386	15074	24720	12631	3834	3896	69033	6.8	6.893094607	0.093094607	1.500632608
Inside	tt0856288	2007	1847	1048	1462	2213	3774	7320	11971	9130	4629	4560	47954	6.7	6.757913834	0.057913834	2.162716544
Inside Job	tt1645089	2010	1053	413	308	436	1172	3419	12053	26796	21121	15631	82402	8.2	8.204400379	0.004400379	1.5486366
Inside Llewyn Davis	tt2042568	2013	1550	978	1522	3207	8035	20959	46007	48605	24842	15106	170811	7.4	7.44891137	0.04891137	1.597794505
Inside Man	tt0454848	2006	1893	914	1598	3418	10358	36866	120532	156150	57153	32357	421239	7.6	7.658464672	0.058464672	1.306439179
Inside Out	tt2096673	2015	6404	2766	4435	8355	20925	58441	157918	270003	209433	160463	899143	8.1	8.084263571	-0.015736429	1.521995146
Inside Out 2	tt22022452	2024	1656	791	1192	2643	7621	25438	66996	73970	32236	28952	241495	7.5	7.654382078	0.154382078	1.492916848
Insidious	tt1591095	2010	4775	3628	6183	12127	28044	65196	107813	72676	30007	32226	362675	6.8	7.000499069	0.200499069	1.765757351
Insidious: Chapter 2	tt2226417	2013	2497	2019	3637	8233	19309	44758	58190	32330	12605	17146	200724	6.6	6.80708834	0.20708834	1.763512916
Insidious: Chapter 3	tt3195644	2015	2251	1843	3749	8058	19841	36493	28868	13101	4678	8091	126973	6.1	6.280665968	0.180665968	1.806585268
Insidious: The Last Key	tt5726086	2018	1838	1656	3388	7190	16383	22196	13792	5963	2199	4401	79006	5.7	5.913652128	0.213652128	1.866851099
Insidious: The Red Door	tt13405778	2023	2072	1893	3409	6841	14212	16077	9359	4017	1362	3127	62369	5.5	5.64620244	0.14620244	1.93804395
Insomnia	tt0278504	2002	1467	970	1840	4290	13784	47925	127181	95543	27867	17332	338199	7.2	7.27764127	0.07764127	1.315316562
Inspector Gadget	tt0141369	1999	4280	5146	7995	11433	10989	6655	3241	1340	512	1852	53443	4.2	4.410287596	0.210287596	2.055481271
Instant Family	tt7401588	2018	988	467	784	1558	4799	17062	42306	37108	14432	14603	134107	7.3	7.499958988	0.199958988	1.502657854
Instinct	tt0128278	1999	525	427	810	1642	3648	7958	9162	5705	2493	2883	35253	6.6	6.73434885	0.13434885	1.837300098
Instructions Not Included	tt2378281	2013	711	267	385	642	1356	2969	6278	8359	4904	8291	34162	7.5	7.828171653	0.328171653	1.963972269
Interceptor	tt14174940	2022	3652	2437	3061	4077	5296	4566	2634	1412	596	1566	29297	4.7	4.732600608	0.032600608	2.416598976
Interstate 60	tt0165832	2002	465	246	329	654	1474	3774	8505	11286	6387	7123	40243	7.5	7.780483562	0.280483562	1.727818965
Interstellar	tt0816692	2014	18570	7504	10036	16165	32599	76998	207467	435915	663201	993230	2461685	8.7	8.772051258	0.072051258	1.517297074
Interview with the Vampire	tt0110148	1994	3053	1847	3083	6146	14769	39642	95711	113329	51335	43829	372744	7.5	7.590171807	0.090171807	1.590348944
Into the Blue	tt0378109	2005	1742	1405	2960	6476	15580	24026	17045	7028	2360	4881	83503	5.9	6.071410608	0.171410608	1.825352118
Into the Storm	tt2106361	2014	1857	1737	3285	6356	13201	19855	14557	6412	2276	4347	73883	5.8	5.994531895	0.194531895	1.921011997
Into the Wild	tt0758758	2007	7997	3521	4701	7709	16921	42285	114513	198264	160570	134735	691216	8	8.070524988	0.070524988	1.654229201
Into the Woods	tt2180411	2014	7530	4543	6930	12183	23186	34508	29724	16632	7270	10405	152911	5.9	6.014740601	0.114740601	2.174992342
Intolerable Cruelty	tt0138524	2003	1725	1488	2673	5868	14368	30331	29073	12834	3701	3141	105202	6.3	6.282390069	-0.017609931	1.644243479
Invasion of the Body Snatchers	tt0049366	1956	484	174	326	605	1848	5511	14495	19931	8561	7120	59055	7.7	7.716501566	0.016501566	1.502279622
Invasion of the Body Snatchers	tt0077745	1978	585	330	616	1175	3373	9465	24651	23820	9288	6816	80119	7.4	7.442891199	0.042891199	1.495971144
Invictus	tt1057500	2009	1264	589	983	2273	6542	21706	56991	51659	18938	12310	173255	7.3	7.40630862	0.10630862	1.429192113
Invincible	tt0445990	2006	607	265	439	1154	3717	13044	30599	17882	5827	5159	78693	7	7.182354212	0.182354212	1.420575618
IO	tt3256226	2019	3036	2677	4026	6348	8428	6725	3572	1525	518	806	37661	4.8	4.7337033	-0.0662967	2.032831364
Ip Man	tt1220719	2008	2011	688	907	1525	4206	13301	42898	82358	52554	41396	241844	8	8.100841865	0.100841865	1.466364276
Ip Man 2	tt1386932	2010	675	328	542	1129	3416	11560	33043	37136	13800	14135	115764	7.5	7.669500017	0.169500017	1.452462407
Ip Man 3	tt2888046	2015	500	198	408	1081	3521	10878	21995	13854	4934	6539	63908	7	7.259028604	0.259028604	1.543857312
Ip Man 4: The Finale	tt2076298	2019	690	260	465	912	2386	6355	12697	8253	3265	4893	40176	7	7.206566109	0.206566109	1.774623778
Iron Man	tt0371746	2008	8532	2943	4471	8464	23217	74421	252147	445355	220011	167886	1207447	7.9	7.959874015	0.059874015	1.41559434
Iron Man 2	tt1228705	2010	8034	5077	9454	23233	63265	174989	317466	191177	64217	69352	926264	6.9	7.048629764	0.148629764	1.567052675
Iron Man 3	tt1300854	2013	11980	5784	10815	21783	55311	147542	286929	224957	91331	97938	954370	7.1	7.245041231	0.145041231	1.690743026
Iron Sky	tt1034314	2012	4336	3263	5073	8200	13810	20043	18696	11657	5387	7974	98439	5.9	6.100630848	0.200630848	2.23851798
Ironclad	tt1233301	2011	791	698	1337	2902	6610	12561	11235	5030	1594	2332	45090	6.1	6.271301841	0.171301841	1.767673104
Irrational Man	tt3715320	2015	922	506	1014	2304	6545	17294	24399	11642	3127	2284	70037	6.6	6.647814727	0.047814727	1.522270743
Irreversible	tt0290673	2002	4922	2276	2736	4148	8051	16825	37020	42935	23202	18458	160573	7.3	7.295728423	-0.004271577	2.015143081
Isle of Dogs	tt5104604	2018	1247	622	857	1755	4670	14541	44287	74422	40378	25180	207959	7.8	7.90187008	0.10187008	1.415335982
Isn't It Romantic	tt2452244	2019	2146	1731	3032	6198	13904	21099	15640	6971	2405	3555	76681	5.9	5.973487565	0.073487565	1.87411986
It	tt1396484	2017	10152	5609	8599	15246	35129	86267	185798	183932	82918	68948	682598	7.3	7.338407086	0.038407086	1.739415858
It Comes at Night	tt4695012	2017	5980	3110	4445	7827	14988	25249	26006	15156	4505	2776	110042	6.1	5.951109576	-0.148890424	2.037642885
It Could Happen to You	tt0110167	1994	485	419	855	2145	5720	13883	13599	6098	2106	2807	48117	6.4	6.554170044	0.154170044	1.630412138
It Ends with Us	tt10655524	2024	4769	2140	2940	4983	10462	20602	23628	13531	5130	8181	96366	6.3	6.385519789	0.085519789	2.162914247
It Follows	tt3235888	2014	8471	4995	7237	12465	24201	49992	82179	63033	25325	17424	295322	6.8	6.747451934	-0.052548066	1.936022518
It Happened One Night	tt0025316	1934	2403	710	802	1296	3112	7248	20380	36336	24304	22198	118789	8.1	7.951283368	-0.148716632	1.775072644
It Takes Two	tt0113442	1995	712	613	1014	2094	4428	6180	4991	2829	1318	3631	27810	6	6.41197411	0.41197411	2.171103467
It: Chapter Two	tt7349950	2019	6765	5069	9026	17903	39351	81622	94789	51870	19097	21754	347246	6.5	6.537083221	0.037083221	1.831240573
It's a Boy Girl Thing	tt0482527	2006	738	664	1199	2517	5795	10992	10317	5404	2376	4311	44313	6.2	6.557962675	0.357962675	1.925127298
It's a Mad Mad Mad Mad World	tt0057193	1963	481	374	579	1147	2551	5397	10874	12403	6972	9573	50351	7.5	7.676332148	0.176332148	1.811746868
It's a Wonderful Life	tt0038650	1946	7502	2527	3102	4995	10608	22176	58656	115325	139061	185540	549492	8.6	8.495262897	-0.104737103	1.70922507
It's Complicated	tt1230414	2009	1426	992	1777	3821	10083	25304	29900	16020	6139	6974	102436	6.6	6.723368738	0.123368738	1.711614629
It's Kind of a Funny Story	tt0804497	2010	1174	791	1351	2882	8075	23758	49626	37135	14567	12076	151435	7.1	7.247895137	0.147895137	1.542765732
It's Only the End of the World	tt4645368	2016	488	341	544	990	2187	4485	6691	5639	2744	2038	26147	6.8	6.946571308	0.146571308	1.874008676
It's What's Inside	tt14577874	2024	955	639	1016	1975	4497	10596	15380	8907	2914	2386	49265	6.6	6.662823506	0.062823506	1.741483716
Ivan's Childhood	tt0056111	1962	785	305	283	445	974	2621	7444	13854	8837	7307	42855	8	7.937533543	-0.062466457	1.729824916
J. Edgar	tt1616195	2011	1905	1153	2199	5319	14612	36685	43370	20177	5791	6269	137480	6.5	6.583277568	0.083277568	1.598941113
Jaane Tu... Ya Jaane Na	tt0473367	2008	592	185	261	428	1068	2991	7211	8420	4209	3931	29296	7.4	7.570009558	0.170009558	1.775450445
Jab Tak Hai Jaan	tt2176013	2012	5411	1206	1272	1855	3435	6036	8456	7023	5495	22093	62282	6.7	7.357037346	0.657037346	2.838122173
Jab We Met	tt1093370	2007	1051	270	306	617	1392	3853	11311	19463	12689	13507	64459	7.9	8.054841062	0.154841062	1.691911283
Jack	tt0116669	1996	1745	1503	3086	5988	12254	17310	12538	5931	2132	4198	66685	5.8	5.990447627	0.190447627	1.952685933
Jack and Jill	tt0810913	2011	26385	12111	12229	11734	11138	7488	4673	2683	1194	5589	95224	3.3	3.734972276	0.434972276	2.609818723
Jack Frost	tt0141109	1998	1532	1580	2740	5072	9202	9559	6526	3276	1307	3613	44407	5.5	5.772670975	0.272670975	2.146694839
Jack Reacher	tt0790724	2012	3391	2048	3510	7801	21946	64683	143776	88706	27954	23914	387729	7	7.102525217	0.102525217	1.492585094
Jack Reacher: Never Go Back	tt3393786	2016	2504	2084	4436	10047	26461	60896	52423	19284	5289	7510	190934	6.2	6.294232562	0.094232562	1.591003677
Jack Ryan: Shadow Recruit	tt1205537	2014	2170	1627	3091	7468	19507	44420	39380	15333	4291	5084	142371	6.2	6.296275225	0.096275225	1.602611251
Jack the Giant Slayer	tt1351685	2013	2137	1822	3631	8253	21036	44229	41338	17614	5656	8480	154196	6.3	6.395898726	0.095898726	1.695971323
Jackass 3D	tt1116184	2010	2132	946	1052	1528	4225	10868	22532	14183	5364	7741	70571	7	7.035453657	0.035453657	1.934059978
Jackass Forever	tt11466222	2022	1699	717	958	1625	3974	9659	16792	10857	3577	4476	54334	6.8	6.840725881	0.040725881	1.912193007
Jackass Number Two	tt0493430	2006	2157	904	1050	1839	4473	12059	25657	16890	6768	10854	82651	7	7.17911459	0.17911459	1.913275137
Jackass Presents: Bad Grandpa	tt3063516	2013	2656	1666	2534	4694	10315	21553	26896	15514	6008	8403	100239	6.5	6.621624318	0.121624318	1.956476299
Jackass: The Movie	tt0322802	2002	3899	1750	2372	3809	8991	21216	30465	16890	6233	9921	105546	6.6	6.68603263	0.08603263	2.028350274
Jackie	tt1619029	2016	1446	1061	1786	3669	9151	19918	25523	15111	5295	3630	86590	6.6	6.610105093	0.010105093	1.707644254
Jackie Brown	tt0119396	1997	2435	1199	2166	4595	12769	41704	117504	130140	53062	33720	399294	7.5	7.568823974	0.068823974	1.41820321
Jackpot!	tt26940324	2024	1115	801	1337	2555	5869	9732	6864	2861	926	1692	33752	5.8	5.95149917	0.15149917	1.904722989
Jacob's Ladder	tt0099871	1990	1186	677	1126	2193	5253	14228	32976	37407	18227	14082	127355	7.4	7.547987908	0.147987908	1.613189313
Jai Bhim	tt15097216	2021	12856	939	576	672	1312	2069	5044	11449	19834	177731	232482	8.6	9.122598739	0.522598739	2.225849916
Jailer	tt11663228	2023	2328	489	553	775	1874	3942	7676	7602	4600	15426	45265	7.2	7.760852756	0.560852756	2.405542487
James and the Giant Peach	tt0116683	1996	1030	722	1274	2885	7314	17546	23889	13156	4407	5815	78038	6.7	6.791127399	0.091127399	1.709278136
Jane Eyre	tt1229822	2011	877	542	762	1639	4260	12538	27988	26187	11725	10561	97079	7.3	7.456586903	0.156586903	1.603283631
Jane Got a Gun	tt2140037	2015	560	324	712	1790	4787	8007	5443	1949	560	903	25035	5.9	6.001358099	0.101358099	1.67535694
Jarhead	tt0418763	2005	2456	1214	2195	4383	12351	36187	78229	53905	18051	13546	222517	7	7.121433419	0.121433419	1.534074538
Jason and the Argonauts	tt0057197	1963	202	106	274	500	1569	4630	10597	8794	3467	3721	33860	7.3	7.436650916	0.136650916	1.531414125
Jason Bourne	tt4196776	2016	2670	1801	3515	8170	22864	60873	85852	41444	13127	14771	255087	6.6	6.771901351	0.171901351	1.58008236
Jason Goes to Hell: The Final Friday	tt0107254	1993	4414	4340	5575	7620	6763	4603	2863	1411	653	2183	40425	4.1	4.471688312	0.371688312	2.343972607
Jason X	tt0211443	2001	6773	5975	7922	10634	11324	9128	6066	3111	1213	3924	66070	4.5	4.751324353	0.251324353	2.395963003
Jawan	tt15354916	2023	10491	1833	1746	2314	4413	7489	11378	11164	10249	48578	109655	6.9	7.684364598	0.784364598	2.920709926
Jawbreaker	tt0155776	1999	1251	1061	1732	2960	5473	6391	5188	3099	1287	3040	31482	5.7	6.010132774	0.310132774	2.247055948
Jaws	tt0073195	1975	6006	2759	4227	7785	19265	51495	141873	221170	136377	136591	727548	8.1	7.994543315	-0.105456685	1.585021061
Jaws 2	tt0077766	1978	1494	1701	3696	8166	19347	27554	16803	6951	2147	3834	91693	5.8	5.906655906	0.106655906	1.729656649
Jaws 3-D	tt0085750	1983	6633	7287	10586	10037	7657	4327	2307	1057	469	1968	52328	3.7	3.934146155	0.234146155	2.161239252
Jaws: The Revenge	tt0093300	1987	13420	10102	9900	7026	5059	3046	1518	761	331	1989	53152	3.1	3.284580072	0.184580072	2.240642384
Jay and Silent Bob Reboot	tt6521876	2019	1790	1146	1627	2774	4995	6820	5319	2648	1070	2052	30241	5.6	5.77100625	0.17100625	2.231680405
Jay and Silent Bob Strike Back	tt0261392	2001	3449	2137	3052	5816	13001	28505	44674	29995	13983	21026	165638	6.8	7.033186829	0.233186829	1.956827038
Jay Kelly	tt30446847	2025	795	423	605	1195	2916	7004	9556	5079	1565	1312	30450	6.6	6.553990148	-0.046009852	1.769944967
Jayeshbhai Jordaar	tt10393870	2022	2510	309	315	402	913	1361	4237	6425	6562	21354	44388	6	8.382197891	2.382197891	2.381832341
JCVD	tt1130988	2008	647	365	514	1037	2382	5742	11525	10260	4147	4647	41266	7	7.26935007	0.26935007	1.781205472
Jean de Florette	tt0091288	1986	642	172	157	297	719	1594	4244	9247	6220	5774	29066	8.1	8.023395032	-0.076604968	1.786064251
Jeepers Creepers	tt0263488	2001	4598	3198	5417	9681	20344	37455	36387	19839	7355	11374	155648	6.2	6.333361174	0.133361174	1.996746229
Jeepers Creepers 2	tt0301470	2003	2339	2268	4103	7610	14658	18693	12570	6147	2331	4968	75687	5.7	5.851691836	0.151691836	2.032776639
Jeepers Creepers III	tt1139592	2017	3961	3052	4093	4685	4031	2380	1262	1493	276	1258	26491	3.9	4.203729569	0.303729569	2.394118497
Jeff, Who Lives at Home	tt1588334	2011	983	819	1426	3094	7474	16549	19529	10123	3300	3024	66321	6.4	6.537386348	0.137386348	1.689549366
Jennifer's Body	tt1131734	2009	7237	6247	10471	18763	31689	35244	27053	14556	5864	10898	168022	5.6	5.735439407	0.135439407	2.158068953
Jeremiah Johnson	tt0068762	1972	252	109	207	461	1205	3523	10150	12490	5391	5153	38941	7.6	7.732646825	0.132646825	1.495838999
Jerry and Marge Go Large	tt8323668	2022	229	102	222	508	1887	6520	12757	6674	2011	2301	33211	6.9	7.090602511	0.190602511	1.432411597
Jerry Maguire	tt0116695	1996	2842	1610	2548	5201	13725	39952	97134	84841	33553	25458	306864	7.3	7.358536681	0.058536681	1.546296035
Jersey	tt8948790	2019	554	71	66	92	249	622	2049	4762	5985	13124	27574	8.5	8.841045913	0.341045913	1.688143324
Jersey Boys	tt1742044	2014	492	312	504	1210	3032	7249	11626	7554	2933	3335	38247	6.8	6.998797291	0.198797291	1.719977033
Jersey Girl	tt0300051	2004	1972	1253	2079	4365	9483	18394	18219	9448	3535	5411	74159	6.2	6.40510255	0.20510255	1.933499972
Jessabelle	tt2300975	2014	907	900	1687	3273	6254	6664	3998	1666	567	1135	27051	5.4	5.540682415	0.140682415	1.921009237
Jesus Camp	tt0486358	2006	767	179	179	380	1038	3252	8167	8833	3904	2701	29400	7.4	7.410306122	0.010306122	1.745611839
Jesus Christ Superstar	tt0070239	1973	820	354	503	809	1704	3476	6447	6541	4325	7122	32101	7.4	7.577676708	0.177676708	2.09745108
Jexi	tt9354944	2019	945	699	1144	2118	4562	8540	7694	3935	1720	1934	33291	6	6.261602235	0.261602235	1.943314333
JFK	tt0102138	1991	2249	965	1240	2056	4739	11587	31793	58804	35891	30919	180243	8	7.958877737	-0.041122263	1.646941268
Jhund	tt8983228	2022	2779	183	155	143	313	592	1329	1549	1534	17590	26167	7.4	8.434287461	1.034287461	2.915369487
Jigsaw	tt3348730	2017	2554	2620	5038	9335	18948	27285	18446	8295	3021	5873	101415	5.7	5.91726076	0.21726076	1.934418727
Jim & Andy: The Great Beyond	tt7214762	2017	192	91	136	256	830	2553	7626	10204	4141	2836	28865	7.6	7.688099775	0.088099775	1.419555797
Jimmy Neutron: Boy Genius	tt0268397	2001	994	728	1315	2690	6232	11086	8982	4039	1331	2865	40262	6.1	6.225373802	0.125373802	1.905839367
Jingle All the Way	tt0116705	1996	3153	3620	6639	12051	23996	31430	23090	11516	4189	9410	129094	5.8	5.985041907	0.185041907	2.018716917
Jiro Dreams of Sushi	tt1772925	2011	154	62	97	207	652	2678	8998	14955	7257	4445	39505	7.8	7.925933426	0.125933426	1.2917127
Jo Jeeta Wohi Sikandar	tt0104561	1992	827	116	105	148	417	1161	3634	7118	6141	7790	27457	8.1	8.251739083	0.151739083	1.882357161
Jobs	tt2357129	2013	3621	1800	3398	7229	17202	29109	23301	9813	3399	7847	106719	6	6.162604597	0.162604597	1.964611582
Jodhaa Akbar	tt0449994	2008	1363	286	380	570	1375	3072	7440	9592	5228	7018	36324	7.5	7.617828433	0.117828433	2.071065523
Jodorowsky's Dune	tt1935156	2013	233	81	104	180	492	1733	5498	10722	6121	4000	29164	8	8.011109587	0.011109587	1.419808341
Joe	tt2382396	2013	841	469	762	1481	3924	10181	18216	10869	3356	3140	53239	6.8	6.888991153	0.088991153	1.652022166
Joe Dirt	tt0245686	2001	2039	1847	2749	4729	8775	13969	13414	7856	3343	6073	64794	6	6.299163503	0.299163503	2.149093065
Joe Versus the Volcano	tt0099892	1990	1322	1186	1986	3701	7426	9031	6806	4239	2319	3708	41724	5.9	6.118229316	0.218229316	2.164682731
John Carter	tt0401729	2012	5155	4113	7234	13976	29523	57899	79547	51352	21719	26757	297275	6.6	6.783893701	0.183893701	1.898160068
John Dies at the End	tt1783732	2012	1156	851	1331	2373	4600	8381	10295	6734	2780	3104	41605	6.3	6.528686456	0.228686456	2.014710184
John Q	tt0251160	2002	1323	932	1497	3281	8111	23412	50193	35248	13868	14266	152131	7.1	7.247937633	0.147937633	1.60117915
John Tucker Must Die	tt0455967	2006	2539	2115	3821	7895	16745	22793	16299	8772	3710	7533	92222	5.7	6.107913513	0.407913513	2.041257065
John Wick	tt2911666	2014	5871	3858	6147	11359	29278	79792	210729	244706	114800	106954	813494	7.5	7.668276595	0.168276595	1.571293284
John Wick: Chapter 2	tt4425200	2017	3736	2353	3636	7143	19549	56445	152066	169527	73983	73134	561572	7.4	7.660998055	0.260998055	1.538210761
John Wick: Chapter 3 - Parabellum	tt6146586	2019	4411	2633	4743	8146	20066	52617	123708	131583	62003	62626	472536	7.4	7.56646901	0.16646901	1.657566337
John Wick: Chapter 4	tt10366206	2023	4745	2734	4032	7168	14837	35370	78298	104594	68975	81719	402472	7.6	7.851947465	0.251947465	1.788055407
Johnny English	tt0274166	2003	2350	2422	4641	9928	24267	49868	47926	22825	7903	11702	183832	6.3	6.460251752	0.160251752	1.748306822
Johnny English Reborn	tt1634122	2011	1856	1683	3265	7031	17625	39241	39824	19009	7082	11667	148283	6.3	6.595226695	0.295226695	1.765504876
Johnny English Strikes Again	tt6921996	2018	1013	1005	2044	4765	12013	26088	23529	9922	3342	6060	89781	6.2	6.455319054	0.255319054	1.709968455
Johnny Mnemonic	tt0113481	1995	2426	2465	4448	8310	15997	20497	14315	6422	2083	3222	80185	5.6	5.729937021	0.129937021	1.914218403
Joint Security Area	tt0260991	2000	410	126	169	365	853	2826	8148	13465	6941	4564	37867	7.7	7.835714474	0.135714474	1.506995078
Jojo Rabbit	tt2584384	2019	3996	2004	2608	4673	10832	31918	92390	165073	100815	67030	481339	7.9	7.946866969	0.046866969	1.506931027
Joker	tt7286456	2019	23292	7678	9708	15738	32251	78457	203196	409644	444091	441824	1665879	8.3	8.330319309	0.030319309	1.688438963
Joker: Folie à Deux	tt11315808	2024	27389	11114	14502	19981	27736	28234	21620	12500	5044	9351	177471	5.2	4.909968389	-0.290031611	2.552754901
Jolly LLB 2	tt5982852	2017	876	243	324	519	1322	3394	7686	6568	3629	5966	30527	7.2	7.535984538	0.335984538	2.000427631
Jolly LLB 3	tt27996020	2025	4532	4356	1386	427	1027	2124	2604	2110	4860	15629	39055	6.5	6.967789015	0.467789015	3.456055575
Jolt	tt10228134	2021	1503	1133	2003	3657	7580	10127	6786	3008	1089	1933	38819	5.6	5.764316443	0.164316443	1.987445339
Jonah Hex	tt1075747	2010	3989	4267	6870	11419	14976	11422	5756	2402	788	2368	64257	4.7	4.86329894	0.16329894	2.041484971
Josie and the Pussycats	tt0236348	2001	1320	1056	1653	2629	4013	4508	4072	2702	1405	3048	26406	5.7	6.03139438	0.33139438	2.427271787
Journey 2: The Mysterious Island	tt1397514	2012	3255	2629	4965	10158	22631	32981	21074	9631	3692	8652	119668	5.7	6.0115904	0.3115904	1.966206779
Journey to the Center of the Earth	tt0373051	2008	2842	2911	5578	11519	26349	39732	26530	11672	4139	8275	139547	5.8	6.024479208	0.224479208	1.86051049
Joy	tt2446980	2015	2375	1248	2232	5002	13661	36794	50813	24862	7338	7226	151551	6.6	6.687735482	0.087735482	1.611035831
Joy Ride	tt0206314	2001	838	760	1333	2951	7865	19218	25708	12441	4207	5800	81121	6.6	6.757078931	0.157078931	1.663266987
Joy Ride	tt15268244	2023	1157	614	771	1401	3162	6602	8041	4350	1576	2121	29795	6.4	6.450914583	0.050914583	2.023200357
Joyeux Noel	tt0424205	2005	262	136	185	335	978	2786	7851	10949	5603	4989	34074	7.6	7.832981159	0.232981159	1.533477712
Ju-on: The Grudge	tt0364385	2002	830	621	1031	2099	4768	10748	15342	9077	3530	3678	51724	6.7	6.775365401	0.075365401	1.782289347
Judas and the Black Messiah	tt9784798	2021	1794	509	566	1136	3270	10009	44071	31724	12279	8067	113425	7.4	7.396323562	-0.003676438	1.500296989
Judge Dredd	tt0113492	1995	3596	4090	7532	14235	27767	33061	22053	9754	3113	5896	131097	5.6	5.704882644	0.104882644	1.913168157
Judgment at Nuremberg	tt0055031	1961	2218	480	540	776	1945	4328	13624	29894	23016	18431	95252	8.3	8.079294923	-0.220705077	1.764202133
Judy	tt7549996	2019	804	447	730	1548	4464	12362	19133	11169	3896	3358	57911	6.8	6.881231545	0.081231545	1.620682624
Jug Jugg Jeeyo	tt13449624	2022	4753	908	531	663	1282	2100	2380	1604	7617	21486	43324	6.1	7.910834641	1.810834641	3.057522205
Juice	tt0104573	1992	490	187	304	681	1864	5014	10262	6800	2678	4540	32820	7	7.301645338	0.301645338	1.755697556
Jujutsu Kaisen 0	tt14331144	2021	777	368	211	344	1014	3191	11225	18458	9660	12217	57465	7.8	8.058592187	0.258592187	1.634635517
Jules and Jim	tt0055032	1962	577	329	466	896	1886	4310	9588	13293	7760	7472	46577	7.6	7.718981472	0.118981472	1.757564187
Julia's Eyes	tt1512685	2010	553	342	644	1362	3314	8957	12508	6685	2405	2182	38952	6.7	6.762939002	0.062939002	1.657319177
Julie & Julia	tt1135503	2009	1222	766	1300	2905	8028	23295	46840	30049	10967	9497	134869	7	7.118974709	0.118974709	1.547497475
Juliet, Naked	tt5607096	2018	349	178	351	755	2326	6648	9170	4139	1149	958	26023	6.6	6.667909157	0.067909157	1.516745752
Julieta	tt4326444	2016	344	214	351	672	1864	5531	12195	9109	3017	1947	35244	7.1	7.146720009	0.046720009	1.509706329
Jumanji	tt0113497	1995	1725	1767	3616	9080	24954	67956	137356	92905	32816	35354	407529	7.1	7.21065004	0.11065004	1.517044347
Jumanji: The Next Level	tt7975244	2019	3157	2317	4077	9239	27103	73619	101081	49921	20623	22990	314127	6.6	6.865532094	0.265532094	1.63100814
Jumanji: Welcome to the Jungle	tt2283362	2017	4044	2559	4693	10179	29709	86435	162959	114322	35771	43948	494619	6.9	7.17283404	0.27283404	1.570327072
Jumper	tt0489099	2008	6123	5997	11053	22339	49901	89397	82406	37848	12791	17917	335772	6.1	6.255536495	0.155536495	1.811155612
Jungle	tt3758172	2017	743	459	772	1871	5479	16371	24652	11958	3445	3906	69656	6.7	6.82460951	0.12460951	1.536530292
Jungle 2 Jungle	tt0119432	1997	1170	1160	1954	3743	6068	5508	3492	1720	675	1867	27357	5.2	5.507219359	0.307219359	2.147096709
Jungle Cruise	tt0870154	2021	2612	1591	3309	7161	19913	49808	64274	35130	18019	23259	225076	6.5	6.968743891	0.468743891	1.759728344
Junior	tt0110216	1994	4286	4958	8468	14529	18237	13566	7049	2764	922	2635	77414	4.8	4.862247139	0.062247139	1.992697853
Juno	tt0467406	2007	9729	3977	5382	9805	23258	62675	148541	164977	79755	61295	569394	7.4	7.474151466	0.074151466	1.721470649
Jupiter Ascending	tt1617661	2015	9863	9216	15121	24696	39542	42718	29050	14560	5986	9886	200638	5.3	5.477646308	0.177646308	2.133239837
Jurassic Park	tt0107290	1993	5436	3013	4937	9051	22483	64073	200857	378352	249429	222578	1160209	8.2	8.156104633	-0.043895367	1.442460924
Jurassic Park III	tt0163025	2001	5231	5590	12614	28296	67395	109849	77901	31717	10167	16884	365644	6	6.079388695	0.079388695	1.717384946
Jurassic World	tt0369610	2015	7820	5989	10291	21352	51204	123221	222460	156054	60473	62490	721354	6.9	7.078679816	0.178679816	1.6948083
Jurassic World: Dominion	tt8041270	2022	10205	8905	14789	24424	44436	57374	39980	19062	7006	14638	240819	5.6	5.723352393	0.123352393	2.10581516
Jurassic World: Fallen Kingdom	tt4881806	2018	7360	6762	12061	23206	51679	102118	94735	43110	14009	20511	375551	6.1	6.284659074	0.184659074	1.814338669
Jurassic World: Rebirth	tt31036941	2025	6560	4689	7880	14059	29008	45662	35370	14632	4584	8455	170899	5.9	5.88229305	-0.01770695	1.970023998
Juror #2	tt27403986	2024	747	616	968	2279	7017	22304	48048	26840	6843	5038	120700	7	7.008541839	0.008541839	1.375035088
Just Cause	tt0113501	1995	404	288	547	1235	3695	9979	9953	4078	1045	1202	32426	6.4	6.464873867	0.064873867	1.532586078
Just Friends	tt0433400	2005	2227	2256	4069	8343	18949	34420	30748	16073	6644	10814	134543	6.2	6.431690984	0.231690984	1.895698558
Just Go with It	tt1564367	2011	4488	3886	6535	13092	31097	68946	76586	41082	16578	23476	285766	6.4	6.656194229	0.256194229	1.832237243
Just Like Heaven	tt0425123	2005	1142	917	1782	4058	10694	26254	37455	21224	8920	12363	124809	6.7	6.982148723	0.282148723	1.712998833
Just Married	tt0305711	2003	2223	2452	4350	8697	17608	19088	11500	5109	1988	4211	77226	5.5	5.683409732	0.183409732	1.957187233
Just Mercy	tt4916630	2019	1038	273	309	551	1652	6223	22690	29271	11877	9599	83483	7.6	7.740426195	0.140426195	1.485937192
Just My Luck	tt0397078	2006	2631	2192	3707	7046	13598	15089	9645	4829	1912	4725	65374	5.5	5.743093585	0.243093585	2.118678597
Justice League	tt0974015	2017	26206	12869	20878	36750	69723	109993	103819	55045	22328	43625	501236	6	6.133729421	0.133729421	2.224210616
Justin Bieber: Never Say Never	tt1702443	2011	61206	1314	807	745	1092	1118	1052	823	544	7870	76571	1.7	2.337007483	0.637007483	2.958677848
K-19: The Widowmaker	tt0267626	2002	642	513	874	2111	6168	16746	24832	12322	3777	3482	71467	6.7	6.790028964	0.090028964	1.523862079
K-9	tt0097637	1989	476	554	1098	2608	6573	11094	7964	3645	1265	2116	37393	6.1	6.209504453	0.109504453	1.74450312
K-PAX	tt0272152	2001	1423	935	1582	3404	8761	23621	56096	59276	26909	19458	201465	7.4	7.499203336	0.099203336	1.54523213
K.G.F: Chapter 1	tt7838252	2018	4898	743	711	938	1678	3211	7243	14317	17449	58277	109465	8.2	8.632649705	0.432649705	2.224077839
K.G.F: Chapter 2	tt10698680	2022	7109	1188	1129	1310	2487	4115	7679	12889	16805	112717	167428	8.2	8.902435674	0.702435674	2.210550014
Kaabil	tt5460276	2017	2504	523	426	581	1322	2690	5721	5441	3374	10337	32919	7.2	7.509736019	0.309736019	2.624033703
Kabhi Khushi Kabhie Gham...	tt0248126	2001	2546	655	796	1235	2510	5291	10360	12003	7744	19102	62242	7.5	7.787988818	0.287988818	2.279678244
Kabir Singh	tt8983202	2019	4247	871	767	1086	1991	3625	6794	7338	5474	12642	44835	7	7.277506412	0.277506412	2.785475176
Kagemusha: The Shadow Warrior	tt0080979	1980	675	217	283	459	1061	2558	7265	13695	8070	6256	40539	7.9	7.894916007	-0.005083993	1.684281315
Kahaani	tt1821480	2012	1564	294	318	497	1073	2719	8544	19424	19085	15923	69441	8.1	8.251148457	0.151148457	1.741486744
Kai Po Che	tt2213054	2013	724	181	208	353	881	2404	7234	10864	6437	10520	39806	7.8	8.105160026	0.305160026	1.777016946
Kaithi	tt9900782	2019	799	131	125	206	459	1206	4069	9835	12035	21888	50753	8.4	8.790593659	0.390593659	1.607686341
Kaiva	tt27719898	2023	7935	1156	19	33	48	52	1510	1499	8156	49218	69626	7.7	8.605032603	0.905032603	2.967506607
Kal Ho Naa Ho	tt0347304	2003	2747	465	559	855	2000	4314	10261	16436	13095	30239	80971	7.9	8.252559558	0.352559558	2.089161019
Kalifornia	tt0107302	1993	665	493	867	2017	5428	13733	21022	11121	3606	2974	61926	6.7	6.785098343	0.085098343	1.572811428
Kalki 2898 AD	tt12735488	2024	5191	1138	1125	1454	2764	4875	8566	8756	7313	33255	74437	7	7.900707981	0.900707981	2.691574688
Kandahar	tt5761544	2023	1377	600	1089	2348	6340	13838	11621	4587	1410	2514	45724	6.1	6.251355962	0.151355962	1.808543648
Kangaroo Jack	tt0257568	2003	3753	2989	4054	5637	6448	4989	3126	1510	637	2304	35447	4.5	4.777555223	0.277555223	2.41028743
Kannappa	tt5306972	2025	1097	178	171	222	254	207	214	1059	5303	18896	27601	5	9.130937285	4.130937285	2.058041779
Kantara	tt15327088	2022	3945	729	713	823	1695	3139	6366	10074	11975	75881	115340	8.1	8.929096584	0.829096584	2.083439147
Kantara: A Legend - Chapter 1	tt26439764	2025	901	202	160	264	515	1093	2361	5234	11578	30553	52861	8.2	9.082404797	0.882404797	1.644025429
Kapoor & Sons	tt4900716	2016	1255	250	297	466	1020	2440	5706	8573	5514	8057	33578	7.7	7.831675502	0.131675502	2.091032408
Karate Kid: Legends	tt1674782	2025	828	512	926	1945	5518	11518	11186	5225	1746	3845	43249	6.3	6.552151495	0.252151495	1.841496027
Karthikeya 2	tt13664684	2022	3713	232	245	308	621	1213	2080	2790	4237	49628	65067	7.8	9.034072571	1.234072571	2.309456959
Kate	tt7737528	2021	1259	896	1675	3728	9801	20985	21115	9549	3010	4076	76094	6.3	6.438746813	0.138746813	1.710247669
Kate & Leopold	tt0035423	2001	1058	995	1939	4469	11149	23834	25512	12977	4872	6415	93220	6.4	6.60682257	0.20682257	1.728238428
Kaththi	tt3801314	2014	1781	180	206	246	511	986	2356	4141	4480	17722	32609	8.1	8.567389371	0.467389371	2.340365601
Kazaam	tt0116756	1996	8112	4109	3505	2737	2298	1499	853	494	291	2624	26522	3.2	3.659565644	0.459565644	2.850478863
Keanu	tt4139124	2016	1206	781	1364	2800	7050	15519	14929	6177	1979	2866	54671	6.2	6.343655686	0.143655686	1.763496893
Keeping Mum	tt0444653	2005	363	252	423	1007	2880	7455	12332	7104	2766	2944	37526	6.8	7.002718115	0.202718115	1.622934583
Keeping the Faith	tt0171433	2000	766	570	1058	2495	6201	13429	14841	8445	3257	3153	54215	6.4	6.620474039	0.220474039	1.725867733
Keeping Up with the Joneses	tt2387499	2016	1279	1041	2054	4924	13333	23684	15492	5516	1688	2603	71614	5.9	6.029295948	0.129295948	1.647942821
Keith	tt0435679	2008	582	319	447	789	1911	4161	7736	8817	5150	8320	38232	7.3	7.702343587	0.402343587	1.916508652
Kelly's Heroes	tt0065938	1970	396	191	326	648	1940	5252	13949	18232	8378	8456	57768	7.6	7.77283271	0.17283271	1.53682493
Ken Park	tt0209077	2002	1738	1072	1477	2483	4267	6512	6280	3898	1670	2505	31902	5.8	6.077236537	0.277236537	2.273470553
Kes	tt0064541	1969	675	144	147	245	663	1684	4748	7946	4946	3965	25163	7.9	7.819854548	-0.080145452	1.819429889
Kesari	tt6264938	2019	1610	279	267	387	832	1706	3899	4810	3298	8676	25764	7.4	7.806551778	0.406551778	2.468996941
Key Largo	tt0040506	1948	259	110	171	384	1186	3634	10463	16234	7650	6524	46615	7.7	7.882977582	0.182977582	1.433967567
Khel Khel Mein	tt27056012	2024	787	192	268	431	1166	2207	3082	2782	1761	15583	28259	6.5	8.432003963	1.932003963	2.228173406
Kho Gaye Hum Kahan	tt15434074	2023	892	142	163	211	498	1294	3578	5134	7911	11746	31569	7.3	8.474769552	1.174769552	1.927524197
Khosla Ka Ghosla!	tt0466460	2006	507	103	108	182	327	972	3475	7886	7337	6046	26943	8.2	8.281854285	0.081854285	1.655614242
Kick	tt2372222	2014	5783	1315	1374	2185	3557	4280	3760	2680	4880	46768	76582	5.9	8.149434593	2.249434593	2.897985792
Kick-Ass	tt1250777	2010	7350	3572	5297	9918	23011	61495	154387	192407	91103	68752	617292	7.6	7.583921386	-0.016078614	1.63321943
Kick-Ass 2	tt1650554	2013	4092	3286	5948	13098	31461	73511	90744	44161	14697	17686	298684	6.5	6.6187007	0.1187007	1.697408929
Kickboxer	tt0097659	1989	779	793	1496	3128	7498	16084	16686	8871	3517	6809	65661	6.4	6.714366214	0.314366214	1.850718503
Kicking & Screaming	tt0384642	2005	1143	1089	2130	4482	8973	11351	7407	3193	1084	2193	43045	5.6	5.800650482	0.200650482	1.899960516
Kidnap	tt1458169	2017	1919	1194	1713	2843	6046	10108	8281	4136	1704	2887	40831	5.9	6.048272146	0.148272146	2.135341417
Kids	tt0113540	1995	2489	1255	1628	2622	5622	12794	24978	20667	9491	9209	90755	7	7.084303895	0.084303895	1.954746168
Kiki's Delivery Service	tt0097814	1989	870	380	528	1114	3338	12485	42737	63941	31914	27285	184592	7.8	7.963687484	0.163687484	1.37868133
Kill	tt28259207	2023	1084	421	362	619	1432	3293	7764	10604	7086	12877	45542	7.4	7.995476703	0.595476703	1.986112984
Kill Bill: Vol. 1	tt0266697	2003	18629	8214	10114	14949	30180	70930	196706	393652	309105	235515	1287994	8.2	8.047341835	-0.152658165	1.695102417
Kill Bill: Vol. 2	tt0378194	2004	11732	5083	5555	9176	20442	51471	146800	292753	179718	136410	859140	8	7.958527132	-0.041472868	1.637638104
Kill List	tt1788391	2011	1813	1192	1780	2936	5485	9952	12175	8365	3324	2193	49215	6.4	6.347841105	-0.052158895	2.027618005
Kill the Irishman	tt1416801	2011	455	297	471	952	2858	8301	19001	13578	4486	3891	54290	7	7.207238902	0.207238902	1.510408637
Kill the Messenger	tt1216491	2014	386	173	330	771	2808	9895	19881	10217	2932	2604	49997	6.9	7.031361882	0.131361882	1.392167929
Kill Your Darlings	tt1311071	2013	1004	520	880	1802	4287	9607	11489	6919	2868	3690	43066	6.4	6.721218595	0.321218595	1.893795441
Killer Elite	tt1448755	2011	1517	1106	2295	5587	15814	38812	44023	18475	5370	7273	140272	6.4	6.572409319	0.172409319	1.582087737
Killer Joe	tt1726669	2011	2428	1367	2131	3754	7916	17684	26274	16413	5461	3899	87327	6.7	6.59150091	-0.10849909	1.846019865
Killer Klowns from Outer Space	tt0095444	1988	1577	1321	1917	3196	6251	10999	11026	6884	2684	5918	51773	6.2	6.482007996	0.282007996	2.163034006
Killer's Kiss	tt0048254	1955	286	251	373	977	2855	7481	9107	3971	1037	1517	27855	6.5	6.641392928	0.141392928	1.567317094
Killers	tt1103153	2010	4060	3441	5631	10468	20635	23916	15511	7217	2821	5459	99159	5.5	5.674421888	0.174421888	2.049093489
Killers of the Flower Moon	tt5537002	2023	3774	1857	2910	5000	12115	31951	76671	92484	45033	27977	299772	7.5	7.506154678	0.006154678	1.635524591
Killing Season	tt1480295	2013	2234	1429	2244	4332	8893	10313	5975	2276	750	1517	39963	5.4	5.441233141	0.041233141	1.993148868
Killing Them Softly	tt1764234	2012	4574	2960	5192	9954	22189	41750	40452	20418	6217	5605	159311	6.2	6.188160265	-0.011839735	1.828363884
Kimi	tt14128670	2022	1088	725	1165	2283	5571	11836	12330	5260	1184	1243	42685	6.3	6.22026473	-0.07973527	1.716964797
Kind Hearts and Coronets	tt0041546	1949	1197	282	279	481	1062	2570	6653	12542	8582	7935	41583	8	7.905802852	-0.094197148	1.898790905
Kindergarten Cop	tt0099938	1990	1847	2374	4433	10178	24909	49761	44000	19999	6468	9652	173621	6.3	6.372737169	0.072737169	1.700734228
Kinds of Kindness	tt22408160	2024	2850	1532	2199	3512	7083	14284	18590	11909	3798	2817	68574	6.4	6.349811882	-0.050188118	1.998105911
King Arthur	tt0349683	2004	3854	2606	4846	10463	23501	45818	46217	24479	9002	11120	181906	6.3	6.428803888	0.128803888	1.841163151
King Arthur: Legend of the Sword	tt1972591	2017	3844	2914	4965	9467	21288	45214	67288	46108	19725	24364	245177	6.7	6.938676956	0.238676956	1.861527919
King Kong	tt0024216	1933	1715	564	842	1408	3359	7838	18139	27775	14901	18630	95171	7.9	7.821773439	-0.078226561	1.816520573
King Kong	tt0360717	2005	7015	3647	6194	11505	27104	65843	128018	113088	51042	53317	466773	7.2	7.290196734	0.090196734	1.779700708
King Kong	tt0074751	1976	899	791	1509	2997	6462	10686	7865	3479	1117	2128	37933	6	6.053884481	0.053884481	1.872039194
King of New York	tt0099939	1990	469	392	645	1405	3565	8807	15094	9454	3745	3776	47352	6.9	7.016176719	0.116176719	1.6640737
King Richard	tt9620288	2021	3841	746	782	1367	3717	13054	45296	69671	18011	11669	168154	7.5	7.51266696	0.01266696	1.565681925
Kingdom of Heaven	tt0320661	2005	3514	2038	3559	7300	17693	44575	93162	88194	44120	43075	347230	7.3	7.455859229	0.155859229	1.693333534
Kingdom of the Planet of the Apes	tt11389872	2024	1924	1127	1861	3923	11364	33535	59743	32616	8640	10360	165093	6.8	6.929258055	0.129258055	1.558708254
Kingpin	tt0116778	1996	1033	739	1404	3025	7143	17779	29603	19080	7957	8120	95883	6.9	7.028211466	0.128211466	1.695440827
Kingsman: The Golden Circle	tt4649466	2017	4451	3403	6099	13087	32809	85834	133266	71814	23577	22554	396894	6.7	6.818087449	0.118087449	1.61385734
Kingsman: The Secret Service	tt2802144	2014	5698	3169	4820	9044	22460	65553	183620	257955	127227	89569	769115	7.7	7.746569759	0.046569759	1.505217994
Kinsey	tt0362269	2004	1000	293	474	1007	2910	8561	17859	12756	4475	3053	52388	7	7.078300374	0.078300374	1.622945285
Kisi Ka Bhai Kisi Ki Jaan	tt3679040	2023	8517	1087	761	775	754	538	485	635	6276	22072	41900	3.9	7.36875895	3.46875895	3.705105274
Kiss Kiss Bang Bang	tt0373469	2005	1835	1063	1774	3626	9498	25710	63994	78829	36113	25522	247964	7.4	7.599345066	0.199345066	1.531060758
Kiss of the Dragon	tt0271027	2001	679	574	1146	2452	6503	16771	21704	10564	3724	5104	69221	6.6	6.77843429	0.17843429	1.656673121
Kiss the Girls	tt0119468	1997	725	551	1183	2988	9040	26784	34975	14757	3926	4155	99084	6.6	6.69126196	0.09126196	1.445567773
Klaus	tt4729430	2019	1403	443	591	1081	2974	9792	35546	72139	57061	50381	231411	8.2	8.319833543	0.119833543	1.399375675
Klute	tt0067309	1971	410	228	435	787	1833	4836	10471	8386	3233	2500	33119	7.1	7.185663818	0.085663818	1.642512922
Knight and Day	tt1013743	2010	3538	2880	5344	11716	28223	59714	61706	28526	9644	12066	223357	6.3	6.443491809	0.143491809	1.731244176
Knight of Cups	tt2101383	2015	2356	1485	1930	2830	4615	5307	4970	3513	1872	2608	31486	5.6	5.817664994	0.217664994	2.472759096
Knives Out	tt8946378	2019	4411	2048	2964	5717	14751	51052	179047	325509	174539	100203	860241	7.9	7.963600898	0.063600898	1.340441199
Knock at the Cabin	tt15679400	2023	5440	2864	4586	9006	21024	39416	34581	14151	3798	4703	139569	6.1	6.011743295	-0.088256705	1.85593599
Knock Knock	tt3605418	2015	12849	7205	10344	15530	22769	21435	12352	5268	1841	4325	113918	4.9	4.83938447	-0.06061553	2.256870553
Knockaround Guys	tt0211465	2001	431	348	692	1510	3792	8112	6131	2547	715	1361	25639	6.1	6.248800655	0.148800655	1.714303622
Knocked Up	tt0478311	2007	7071	3682	5623	11279	28457	71541	119735	82178	34823	32292	396681	6.9	7.007764425	0.107764425	1.764843333
Knockin' on Heaven's Door	tt0119472	1997	354	191	277	456	1150	2641	6517	10120	6512	8176	36394	7.8	8.021487058	0.221487058	1.699170834
Knowing	tt0448011	2009	5606	5103	8783	16859	34680	65007	64927	33331	12306	13631	260233	6.2	6.306809667	0.106809667	1.865432905
Knox Goes Away	tt20115766	2023	263	102	178	431	1364	4477	10686	6798	2193	3058	29550	7	7.306598985	0.306598985	1.528018613
Koi... Mil Gaya	tt0254481	2003	726	281	361	663	1509	3757	8030	6765	3316	5411	30819	7.2	7.443265518	0.243265518	1.951531177
Kon-Tiki	tt1613750	2012	451	199	348	758	2414	8409	19475	14047	4582	3466	54149	7.1	7.24017064	0.14017064	1.438911316
Kong: Skull Island	tt3731562	2017	4076	3186	5914	12511	32784	86404	124999	63101	18026	19493	370494	6.7	6.741115916	0.041115916	1.590268852
Koyaanisqatsi	tt0085809	1982	680	306	392	532	1111	2343	5677	11180	9827	12153	44201	8.2	8.220651116	0.020651116	1.804863901
KPop Demon Hunters	tt14205554	2025	2820	654	807	1359	3348	9518	24056	28539	15548	23937	110586	7.5	7.793382526	0.293382526	1.907756582
Kramer vs. Kramer	tt0079417	1979	884	433	601	1294	3829	11917	40460	61160	27378	16469	164425	7.8	7.802755055	0.002755055	1.359911277
Krampus	tt3850590	2015	2167	1724	3056	6097	12944	23952	22818	11704	3910	5761	94133	6.2	6.307681684	0.107681684	1.885595716
Kraven the Hunter	tt8790086	2024	3051	2753	4633	7776	14678	18603	13049	5716	2025	4954	77238	5.5	5.740749372	0.240749372	2.085764109
Krrish	tt0432637	2006	1023	419	543	1066	2433	5139	6416	4009	1801	4957	27806	6.5	6.959505143	0.459505143	2.213528583
Krrish 3	tt1029231	2013	3091	1174	1472	2137	3543	4063	3425	2279	1446	5678	28308	5.4	6.093577787	0.693577787	2.896899575
Krull	tt0085811	1983	829	724	1414	2814	5553	9329	8475	4764	1875	3079	38856	6.1	6.346921968	0.246921968	1.970294725
Kubo and the Two Strings	tt4302938	2016	861	406	686	1381	3930	12232	33046	48557	26509	17912	145520	7.7	7.832435404	0.132435404	1.453579442
Kuch Kuch Hota Hai	tt0172684	1998	2531	556	595	1013	2047	4454	9657	12051	7621	21547	62072	7.6	7.96663552	0.36663552	2.251858983
Kundun	tt0119485	1997	572	224	409	792	2029	5155	10148	6899	2742	2911	31881	7	7.104733227	0.104733227	1.742984646
Kung Fu Hustle	tt0373074	2004	1432	811	1162	2165	4842	12041	31486	50177	28195	29340	161651	7.7	7.922184212	0.222184212	1.632598166
Kung Fu Panda	tt0441773	2008	2636	1393	2646	5809	16843	52776	149301	187189	80641	70689	569923	7.6	7.742703839	0.142703839	1.436507891
Kung Fu Panda 2	tt1302011	2011	1857	1089	2013	4883	14821	48150	111391	90376	38010	38332	350922	7.3	7.468229407	0.168229407	1.498633486
Kung Fu Panda 3	tt2267968	2016	1269	646	1444	3539	11348	36198	74315	48124	16997	19466	213346	7.1	7.254914552	0.154914552	1.493415944
Kung Fu Panda 4	tt21692408	2024	1741	941	1745	3966	9993	23207	20240	7633	2490	5650	77606	6.3	6.385885112	0.085885112	1.802606402
Kung Pow: Enter the Fist	tt0240468	2002	3282	1736	2043	2744	4552	7634	8757	6921	3645	9140	50454	6.2	6.605918262	0.405918262	2.598632003
L.A. Confidential	tt0119488	1997	4155	1773	2546	4933	11376	31432	104429	215969	171724	105347	653684	8.2	8.166459635	-0.033540365	1.419706289
L.A. Story	tt0102250	1991	483	362	640	1376	3482	7288	9931	6307	2829	3010	35708	6.7	6.869693066	0.169693066	1.789811328
L'Avventura	tt0053619	1960	385	279	407	693	1469	3147	6702	9371	5823	8371	36647	7.7	7.890468524	0.190468524	1.821230025
La Bamba	tt0093378	1987	263	219	350	801	2778	7778	12605	7368	2573	4221	38956	7	7.137770818	0.137770818	1.614588098
La Dolce Vita	tt0053779	1960	1497	710	955	1427	2892	5993	12054	21117	16571	21931	85147	8	8.029302265	0.029302265	1.913915243
La Femme Nikita	tt0100263	1990	814	482	694	1519	3739	10017	23519	23345	9747	6981	80857	7.2	7.391555462	0.191555462	1.58788014
La grande illusion	tt0028950	1937	1405	283	310	491	1136	2571	6475	11097	8038	8970	40776	8.1	7.899597803	-0.200402197	2.012401486
La haine	tt0113247	1995	3403	946	1209	2045	4512	11020	34337	69253	53485	41232	221442	8.1	8.100766792	0.000766792	1.644605476
La La Land	tt3783958	2016	14052	6630	8203	12732	25221	53373	115501	185310	163347	162599	746968	8	7.947183815	-0.052816185	1.902501608
La Notte	tt0054130	1961	574	193	190	370	752	1788	4309	7992	5326	4625	26119	7.9	7.878594127	-0.021405873	1.829450203
La Strada	tt0047528	1954	1702	505	592	955	2141	4552	10885	19421	13999	14658	69410	8	7.930543149	-0.069456851	1.906622131
La Vie En Rose	tt0450188	2007	923	505	722	1291	3263	8847	22568	29008	14396	12089	93612	7.5	7.682284323	0.182284323	1.610296652
Laal Singh Chaddha	tt10028196	2022	97869	4289	1480	1038	1611	2678	3751	7652	14499	46268	181135	5.6	4.525939217	-1.074060783	4.100758925
Labor Day	tt1967545	2013	589	349	615	1361	3598	9946	18750	11881	4286	4426	55801	6.9	7.085428577	0.185428577	1.610937982
Labyrinth	tt0091369	1986	1362	996	1763	3659	8603	20666	39031	37221	18767	30126	162194	7.3	7.59237703	0.29237703	1.784780694
Ladder 49	tt0349710	2004	912	640	1215	2513	6607	14894	17024	9041	3364	4660	60870	6.5	6.680795137	0.180795137	1.768836424
Lady and the Tramp	tt0048280	1955	661	435	867	2259	7818	23678	54282	39262	14018	16478	159758	7.3	7.382027817	0.082027817	1.467709828
Lady and the Tramp	tt8096832	2019	1082	505	713	1373	3248	6892	6605	3039	1060	1763	26280	6.2	6.279756469	0.079756469	1.996412461
Lady Bird	tt4925292	2017	3486	2167	3170	6349	16309	47171	106336	101428	45676	27341	359433	7.4	7.365954156	-0.034045844	1.566487276
Lady Chatterley's Lover	tt14369780	2022	557	284	477	993	2534	6042	7991	4273	1558	2249	26958	6.6	6.754321537	0.154321537	1.8172004
Lady in the Water	tt0452637	2006	7492	4939	6742	10243	15897	19627	16862	11509	5480	8654	107445	5.5	5.786970078	0.286970078	2.420849643
Lady Macbeth	tt4291600	2016	591	343	478	991	2475	6268	9786	5824	1603	1207	29566	6.8	6.705303389	-0.094696611	1.676705519
Lady Vengeance	tt0451094	2005	842	442	698	1319	3198	8870	23816	29706	13682	9128	91701	7.5	7.601705543	0.101705543	1.546969787
Ladyhawke	tt0089457	1985	520	415	689	1500	3795	9177	16501	11301	4956	5818	54672	6.9	7.172830699	0.272830699	1.709820563
Lagaan: Once Upon a Time in India	tt0169102	2001	4772	1090	891	1209	2468	5310	14184	30202	30124	38144	128394	8.1	8.194471704	0.094471704	2.070030233
Lage Raho Munna Bhai	tt0456144	2006	1397	307	281	475	1041	2894	8318	15104	11356	11805	52978	8	8.053059761	0.053059761	1.852579977
Laggies	tt2034031	2014	656	431	779	2067	5632	13680	14101	5712	1786	2257	47101	6.4	6.48415108	0.08415108	1.611407179
Lake Mungo	tt0816556	2008	1114	976	1393	2582	4716	7773	8373	5424	2375	2072	36798	6.2	6.301674004	0.101674004	2.034395362
Lake Placid	tt0139414	1999	1660	1911	3664	6880	12958	17393	13103	6257	2280	3743	69849	5.8	5.910879182	0.110879182	1.942339055
Lakeview Terrace	tt0947802	2008	1158	722	1486	3350	8876	18694	15429	5522	1470	2224	58931	6.2	6.187795897	-0.012204103	1.649834093
Lakshya	tt0323013	2004	500	125	169	265	641	1581	4343	7722	5319	7067	27732	7.8	8.139549978	0.339549978	1.770707746
Lamb	tt9812474	2021	1230	826	1278	2366	5313	11252	12457	6033	1729	1515	43999	6.3	6.282665515	-0.017334485	1.803569659
Land of Bad	tt19864802	2024	925	426	713	1532	4438	13536	19273	9423	2690	3916	56872	6.6	6.806776621	0.206776621	1.644162401
Land of Mine	tt3841424	2015	237	94	109	196	756	2738	11775	20247	8143	4482	48777	7.8	7.877729258	0.077729258	1.246043248
Land of the Dead	tt0418819	2005	2545	1929	3244	6572	14435	26973	25541	12172	4135	6822	104368	6.2	6.304940212	0.104940212	1.896300187
Land of the Lost	tt0457400	2009	3939	3460	5609	8734	15221	16908	12379	6034	2205	4457	78946	5.3	5.5672865	0.2672865	2.157175284
Lara Croft: Tomb Raider	tt0146316	2001	5437	5464	10318	20042	44706	64669	43763	17833	5915	10752	228899	5.8	5.892515913	0.092515913	1.844559584
Lara Croft: Tomb Raider - The Cradle of Life	tt0325703	2003	3833	4092	7862	15843	35274	40921	23284	9395	3272	6944	150720	5.5	5.692058121	0.192058121	1.853562748
Larry Crowne	tt1583420	2011	1472	1234	2112	4647	11344	22461	18794	8026	2548	3490	76128	6.1	6.225672551	0.125672551	1.742997699
Lars and the Real Girl	tt0805564	2007	1542	917	1485	2881	7024	19874	48573	48412	20577	14361	165646	7.3	7.424441278	0.124441278	1.566006356
Last Action Hero	tt0107362	1993	2556	2424	4733	9736	21359	41571	45457	24991	8695	11445	172967	6.5	6.519162615	0.019162615	1.80857215
Last Breath	tt14403504	2025	355	184	374	870	2897	9370	12189	5145	1402	2175	34961	6.6	6.775578502	0.175578502	1.519506922
Last Christmas	tt8623904	2019	2016	1331	2176	4423	10389	23133	29277	16888	6638	9058	105329	6.5	6.740840604	0.240840604	1.856571742
Last Flag Flying	tt6018306	2017	561	218	306	691	2076	6049	10329	6277	2001	1743	30251	6.9	6.919143169	0.019143169	1.635193766
Last Holiday	tt0408985	2006	828	478	836	1627	3894	8708	10729	6687	3088	5246	42121	6.6	6.917428361	0.317428361	1.949181141
Last Knights	tt2493486	2015	924	814	1498	2820	6023	11700	11573	6182	2460	3457	47451	6.2	6.44492213	0.24492213	1.899857484
Last Man Standing	tt0116830	1996	869	801	1745	3441	8055	16818	17344	8507	2741	2962	63283	6.4	6.422040674	0.022040674	1.706221953
Last Night	tt1294688	2010	772	514	937	2114	5488	11739	14288	8515	3665	4381	52413	6.5	6.789765898	0.289765898	1.793754112
Last Night in Soho	tt9639470	2021	2290	1468	2548	5203	12536	32357	62261	48440	17538	12809	197450	7	7.089303621	0.089303621	1.62522679
Last Seen Alive	tt10242388	2022	798	809	1461	3081	7697	11321	6263	2220	636	1235	35521	5.7	5.777117761	0.077117761	1.718723414
Last Shift	tt2965466	2014	880	741	1328	2508	4714	6845	5357	2711	864	1158	27106	5.8	5.886556482	0.086556482	1.946623669
Last Tango in Paris	tt0070849	1972	2134	1053	1414	2389	4806	9252	15499	12353	6362	6820	62082	6.8	6.932041494	0.132041494	2.1033228
Last Vegas	tt1204975	2013	1286	1079	2109	4932	13478	34295	45612	21391	7492	8137	139811	6.6	6.7367303	0.1367303	1.592377705
Last Year at Marienbad	tt0054632	1961	573	391	445	766	1301	2412	4336	6148	4452	5848	26672	7.6	7.679026695	0.079026695	2.088398741
Late Night	tt6107548	2019	1021	505	733	1497	4275	11262	14228	6163	1805	1813	43302	6.5	6.522562468	0.022562468	1.683849523
Late Night with the Devil	tt14966898	2023	1708	999	1714	3313	9154	24787	48619	33013	11211	7808	142326	7	7.026179335	0.026179335	1.575186244
Laura	tt0037008	1944	829	200	274	525	1352	3761	10714	17796	10364	9417	55232	7.9	7.935417874	0.035417874	1.641375782
Law Abiding Citizen	tt1197624	2009	2488	1620	2942	5770	13853	36988	91786	101875	47605	36922	341849	7.4	7.55887541	0.15887541	1.566892926
Lawless	tt1212450	2012	1435	892	1572	3606	10868	35000	84691	75375	27163	20764	261366	7.2	7.402045408	0.202045408	1.435645519
Lawrence of Arabia	tt0056172	1962	8075	1982	2507	4311	8557	18772	46807	84478	76368	85969	337826	8.3	8.118664638	-0.181335362	1.894949194
Laws of Attraction	tt0323033	2004	456	475	918	2151	4786	7513	4975	2201	899	1385	25759	5.9	6.061803641	0.161803641	1.812120341
Laxmii	tt10350922	2020	40273	2590	1431	1123	1150	814	686	653	1534	9415	59669	2.6	3.064472339	0.464472339	3.474552851
Layer Cake	tt0375912	2004	1349	745	1316	2902	8266	25855	67536	62470	22574	13329	206342	7.2	7.384938597	0.184938597	1.418920629
Le cercle rouge	tt0065531	1970	229	110	148	316	788	2255	6159	10323	6370	4577	31275	7.9	7.943213429	0.043213429	1.504455524
Le Dîner de Cons	tt0119038	1998	385	221	330	588	1725	4330	11045	15007	7817	5687	47135	7.6	7.709090909	0.109090909	1.561629472
Le Havre	tt1508675	2011	275	141	249	470	1188	3312	7843	7282	2772	1600	25132	7.2	7.285572179	0.085572179	1.550593177
Le Samouraï	tt0062229	1967	1341	295	413	732	1706	4396	11666	19358	13215	11643	64765	8	7.919323709	-0.080676291	1.767539693
Leap Year	tt1216492	2010	1642	1630	2655	5545	12278	25187	29109	17290	7947	12104	115387	6.4	6.778969901	0.378969901	1.905418883
Leap!	tt2261287	2016	442	270	430	860	2101	5014	7680	4620	2023	2945	26385	6.8	6.999355695	0.199355695	1.846080176
Leatherface	tt2620590	2017	1688	1670	2660	4505	7410	6236	3443	1493	486	1287	30878	5	5.142269577	0.142269577	2.051527265
Leatherheads	tt0379865	2008	995	522	998	2242	5609	10839	7805	3002	852	1424	34288	6	6.055733784	0.055733784	1.766096658
Leave No Trace	tt3892172	2018	715	475	762	1523	4041	11159	22442	18052	6821	3799	69789	7.1	7.13709897	0.03709897	1.556395924
Leave the World Behind	tt12747748	2023	12246	6105	8196	12781	25284	50207	64747	37046	11614	9817	238043	6.4	6.217880803	-0.182119197	2.067201995
Leaves of Grass	tt1151359	2009	499	311	575	1277	3321	7247	8279	3967	1565	1567	28608	6.4	6.553586409	0.153586409	1.729736915
Leaving Las Vegas	tt0113627	1995	1814	1099	1626	2818	6241	14850	35028	43124	21160	15932	143692	7.5	7.518964173	0.018964173	1.702365224
Lee	tt5112584	2023	488	211	295	669	1896	5716	10622	6757	2378	3468	32500	6.9	7.1612	0.2612	1.696361272
Left Behind	tt2467046	2014	13681	6403	5755	5215	4194	2729	1782	1035	655	2745	44194	3.1	3.531135448	0.431135448	2.638611632
Legally Blonde	tt0250494	2001	3667	3178	5525	12133	29574	64046	73805	44103	18293	24465	278789	6.5	6.765051706	0.265051706	1.810133054
Legally Blonde 2: Red, White & Blonde	tt0333780	2003	4525	4290	7292	13245	17881	13649	7802	3937	1516	3753	77890	4.8	5.09107716	0.29107716	2.123278552
Legend	tt3569230	2015	1595	952	1842	4711	14527	41984	76660	47822	16001	14746	220840	6.9	7.077852744	0.177852744	1.499240171
Legend	tt0089469	1985	1442	1373	2276	4433	9128	16999	18165	11359	5160	8521	78856	6.3	6.671134727	0.371134727	2.002536395
Legend of the Guardians: The Owls of Ga'Hoole	tt1219342	2010	1114	700	1254	2674	6844	16072	27269	18196	7464	9710	91297	6.9	7.101558649	0.201558649	1.750276467
Legends of the Fall	tt0110322	1994	1764	1221	1818	3589	8160	20029	46911	54829	29200	29640	197161	7.5	7.66479679	0.16479679	1.684334868
Legion	tt1038686	2010	5682	5108	8414	14441	25004	25925	16794	8038	2985	6208	118599	5.3	5.483022622	0.183022622	2.105406258
Legionnaire	tt0126388	1998	853	781	1464	3069	6194	6588	4037	1751	720	1697	27154	5.5	5.719157399	0.219157399	1.994341555
Leo	tt15654328	2023	3893	649	735	1105	2460	4929	8117	7785	5666	37648	72987	7.2	8.224245414	1.024245414	2.490594962
Leo	tt5755238	2023	643	337	483	963	2590	7190	14330	9628	3920	4846	44930	7	7.206365457	0.206365457	1.717465881
Léon: The Professional	tt0110413	1994	7701	2641	3701	7154	16394	45879	157721	364047	408024	324117	1337379	8.5	8.479088575	-0.020911425	1.385090161
Leprechaun	tt0107387	1992	2138	2190	3472	5401	6686	5421	3303	1593	598	2390	33192	4.8	5.110900217	0.310900217	2.2967647
Les Misérables	tt1707386	2012	6411	3339	4806	7969	15807	33465	68914	90850	61306	66861	359728	7.5	7.69684317	0.19684317	1.917555853
Les Misérables	tt10199590	2019	398	144	173	346	852	2640	8363	11262	4291	1761	30230	7.6	7.527456169	-0.072543831	1.474503629
Les Misérables	tt0119683	1998	511	297	390	747	2097	5089	12055	12991	5644	5538	45359	7.4	7.512753809	0.112753809	1.665011853
Let Him Go	tt9340860	2020	644	367	581	1102	3152	9015	13251	6283	1860	2056	38311	6.7	6.726527629	0.026527629	1.636169661
Let It Snow	tt1950235	2019	856	597	1025	2222	4839	7327	5345	2447	851	1357	26866	5.9	5.969999256	0.069999256	1.913676029
Let Me In	tt1228987	2010	2608	1196	1768	3228	7845	19118	39652	32172	13104	11820	132511	7.1	7.155821026	0.055821026	1.77900748
Let the Right One In	tt1139797	2008	3751	1677	2141	3641	7447	17497	42626	72578	49512	37361	238231	7.8	7.843366313	0.043366313	1.748945286
Let's Be Cops	tt1924435	2014	2098	1837	3407	6837	15577	34380	40617	20349	7394	11195	143691	6.4	6.633073749	0.233073749	1.799931526
Let's Go to Prison	tt0454987	2006	667	677	982	2022	4173	6798	5670	2947	1149	2141	27226	5.9	6.233930801	0.333930801	2.002487844
Lethal Weapon	tt0093409	1987	1452	754	1286	2851	8357	26814	82712	101736	37136	30048	293146	7.6	7.670126831	0.070126831	1.390346582
Lethal Weapon 2	tt0097733	1989	1205	766	1226	2762	8169	27224	73308	51363	17152	16397	199572	7.3	7.335948931	0.035948931	1.436679234
Lethal Weapon 3	tt0104714	1992	1484	1077	2237	5164	15686	44986	64721	30352	9652	11728	187087	6.7	6.838326554	0.138326554	1.533523114
Lethal Weapon 4	tt0122151	1998	2048	1561	3007	6528	16924	42981	56930	28099	9462	11873	179413	6.6	6.744210286	0.144210286	1.654907963
Letters from Iwo Jima	tt0498380	2006	2581	636	818	1656	4100	12024	35810	61940	34095	22383	176043	7.8	7.852910937	0.052910937	1.575434702
Letters to Juliet	tt0892318	2010	1562	1410	2300	4862	11585	24203	28667	17381	8113	11895	111978	6.5	6.836673275	0.336673275	1.881691287
Leviathan	tt2802154	2014	1053	396	544	953	2131	5355	13247	19204	10356	6224	59463	7.6	7.599330676	-0.000669324	1.711868664
Leviathan	tt0097737	1989	480	522	1041	2288	5296	7998	5089	2040	615	1101	26470	5.8	5.921987155	0.121987155	1.742932637
Liar Liar	tt0119528	1997	2054	2040	3816	8831	25380	73097	126526	68643	23949	24462	358798	6.9	7.004986092	0.104986092	1.516070523
Liberal Arts	tt1872818	2012	595	359	686	1453	3746	9219	12881	7485	2743	2677	41844	6.7	6.804583692	0.104583692	1.690673619
Licence to Kill	tt0097742	1989	1058	789	1612	4199	11638	29760	37927	18296	6252	7061	118592	6.7	6.743734822	0.043734822	1.581926184
License to Wed	tt0762114	2007	1952	1731	2793	4917	9635	9959	5539	2399	806	2050	41781	5.3	5.435700438	0.135700438	2.033824255
Licorice Pizza	tt11271038	2021	3221	1979	2776	4905	10567	23938	42963	39424	17128	9979	156880	7.1	7.022341917	-0.077658083	1.816881418
Life	tt0123964	1999	829	578	996	2100	5030	11508	16950	10905	4582	6917	60395	6.8	7.018279659	0.218279659	1.82986587
Life	tt5442430	2017	4349	3043	5293	11010	26896	63820	89621	45460	13484	11319	274295	6.6	6.610864216	0.010864216	1.650869231
Life After Beth	tt2581244	2014	719	665	1185	2433	5372	7288	4716	1903	526	894	25701	5.7	5.752071904	0.052071904	1.809725157
Life as a House	tt0264796	2001	537	246	407	821	2025	4905	10441	12393	6926	8358	47059	7.4	7.718693555	0.318693555	1.745653091
Life as We Know It	tt1055292	2010	1588	1260	2429	5485	14366	34426	40639	21945	9231	12667	144036	6.5	6.814289483	0.314289483	1.741218672
Life Is a Dream	tt3655326	2014	41	10	0	4	10	8	7	3	1	31197	31281	4	9.981362488	5.981362488	0.381314455
Life Is Beautiful	tt0118799	1997	9470	3376	3703	5946	11672	25041	71527	172549	245126	254413	802823	8.6	8.583543322	-0.016456678	1.5938341
Life Itself	tt5989218	2018	716	441	548	888	1611	3233	5964	5800	3369	4223	26793	6.9	7.276004927	0.376004927	2.102905961
Life of Pi	tt0454876	2012	5973	2955	4347	7991	18924	52054	142680	228884	138174	93013	694995	7.9	7.866761631	-0.033238369	1.543005762
Life of the Party	tt5619332	2018	1813	1282	2054	3829	7862	10608	7345	3567	1361	2496	42217	5.6	5.826396949	0.226396949	2.06504669
Life or Something Like It	tt0282687	2002	833	719	1330	2855	6723	10037	6560	2753	1028	1832	34670	5.8	5.971560427	0.171560427	1.849183654
Lifeboat	tt0037017	1944	203	103	169	361	1014	3077	8561	11498	4379	3890	33255	7.6	7.701518569	0.101518569	1.457351371
Lifeforce	tt0089489	1985	704	645	1129	2298	4883	8623	7880	4292	1385	2035	33874	6.2	6.289100785	0.089100785	1.877463042
Lift	tt14371878	2024	2125	1727	2852	5102	10289	13523	8814	3792	1183	2262	51669	5.6	5.659621824	0.059621824	1.977053317
Liger	tt4435072	2022	29252	1650	786	569	633	418	383	1296	3365	10809	49161	2.6	3.951974126	1.351974126	3.958381974
Lights Out	tt4786282	2016	1779	1872	3675	7978	19252	41118	41640	19274	6242	8106	150936	6.3	6.45530556	0.15530556	1.691765264
Lightyear	tt10298810	2022	23860	3209	3675	5993	13549	27915	27982	13855	4899	9517	134454	6.1	5.551973166	-0.548026834	2.687650145
Like Crazy	tt1758692	2011	1253	862	1341	2752	6174	13479	17759	10965	4793	5030	64408	6.6	6.757266178	0.157266178	1.859359816
Like Father, Like Son	tt2331143	2013	237	95	129	284	639	2000	7472	11844	5148	2802	30650	7.8	7.783132137	-0.016867863	1.386739841
Like Stars on Earth	tt0986264	2007	6104	1241	1278	2148	3978	8032	23105	50217	57113	75783	228999	8.3	8.403582548	0.103582548	1.896996129
Lilo & Stitch	tt0275847	2002	1656	1040	1801	3855	10978	31173	71144	60351	27150	31489	240637	7.4	7.507336777	0.107336777	1.598178445
Lilo & Stitch	tt11655566	2025	3791	1121	1514	2667	6505	15750	23670	14493	5966	13707	89184	6.7	6.959387334	0.259387334	2.159944703
Lilya 4-Ever	tt0300140	2002	729	270	384	667	1452	3751	10420	17212	10308	9380	54573	7.8	7.917156836	0.117156836	1.667049111
Limitless	tt1219289	2011	2457	1755	3238	7850	23068	75881	198818	196173	77632	54078	640950	7.4	7.517411655	0.117411655	1.393571283
Lincoln	tt0443272	2012	3778	2001	3035	5570	13901	34252	78354	76750	37608	27657	282906	7.3	7.393628979	0.093628979	1.688780704
Lion	tt3741834	2016	1092	545	646	1313	3821	13114	46526	91514	60690	45026	264287	8	8.178325078	0.178325078	1.342108752
Lionheart	tt0100029	1990	628	572	1095	2472	6164	11259	9179	4945	1985	4328	42627	6.2	6.528186361	0.328186361	1.906526831
Lions for Lambs	tt0891527	2007	2831	1060	1578	3226	7410	14380	13254	6774	2495	3244	56252	6.2	6.182606841	-0.017393159	2.044309537
Lisa Frankenstein	tt21188080	2024	970	589	935	2062	4200	7213	6842	3976	1599	2810	31196	6.1	6.400564175	0.300564175	2.054151891
Little Big Man	tt0065988	1970	1032	230	340	678	1613	3909	8760	11826	6130	5454	39972	7.5	7.564820374	0.064820374	1.854621251
Little Children	tt0404203	2006	1328	677	1047	1985	4782	13081	31945	38186	17025	11179	121235	7.5	7.508368046	0.008368046	1.591639999
Little Fockers	tt0970866	2010	3839	3475	6329	13082	29779	35660	18901	7070	2190	4761	125086	5.5	5.605311546	0.105311546	1.81976427
Little Giants	tt0110364	1994	368	312	636	1502	4077	8204	7944	4388	1643	3622	32696	6.5	6.735869831	0.235869831	1.838659557
Little Man	tt0430304	2006	10157	4792	6042	7944	9832	9150	6373	3621	1562	5438	64911	4.6	4.863890558	0.263890558	2.675722267
Little Manhattan	tt0412922	2005	279	120	176	336	1009	2696	6243	7058	3381	4442	25740	7.4	7.716627817	0.316627817	1.683596044
Little Miss Sunshine	tt0449059	2006	6175	2437	3372	5996	14192	39944	113698	181041	103754	80790	551399	7.8	7.873922513	0.073922513	1.587662844
Little Nicky	tt0185431	2000	6586	5596	8143	13737	21749	23964	18255	9498	3630	7434	118592	5.3	5.569203656	0.269203656	2.230530951
Little Shop of Horrors	tt0091419	1986	1132	748	1340	2603	6286	14548	25698	20431	9419	11302	93507	7.1	7.239062316	0.139062316	1.786679314
Little White Lies	tt1440232	2010	419	286	426	750	1625	3794	8007	7266	3361	2211	28145	7.1	7.201776514	0.101776514	1.743552966
Little Women	tt3281548	2019	2898	1262	1813	3362	7849	22041	59954	88017	52153	39676	279025	7.8	7.833531046	0.033531046	1.59341583
Little Women	tt0110367	1994	761	342	647	1128	3169	8533	18657	16773	8274	9976	68260	7.3	7.529299736	0.229299736	1.703959058
Live and Let Die	tt0070328	1973	875	738	1501	3586	10065	27392	43872	20704	6564	7249	122546	6.7	6.856013252	0.156013252	1.521138752
Live by Night	tt2361317	2016	1056	673	1122	2812	7266	17152	18471	8248	2188	2931	61919	6.4	6.468789871	0.068789871	1.658063721
Live Flesh	tt0118819	1997	407	162	312	584	1408	4026	10767	10798	4097	2712	35273	7.3	7.397868058	0.097868058	1.548877802
Live Free or Die Hard	tt0337978	2007	4852	3189	5403	11586	26782	66887	128262	102886	42772	41308	433927	7.1	7.208505117	0.108505117	1.6945479
Living	tt9051908	2022	343	206	322	632	1720	5322	12229	10963	4274	2908	38919	7.2	7.339191654	0.139191654	1.523184741
Loaded Weapon 1	tt0107659	1993	953	991	2047	4020	8218	13806	11417	6247	2440	3626	53765	6.2	6.271682321	0.071682321	1.90355265
Local Hero	tt0085859	1983	374	206	338	653	1617	3471	6699	6519	3930	5387	29194	7.3	7.590874837	0.290874837	1.854201777
Lock Up	tt0097770	1989	632	474	1109	2407	6019	13611	13345	6133	1980	3503	49213	6.4	6.535366671	0.135366671	1.726267264
Lock, Stock and Two Smoking Barrels	tt0120735	1998	5164	2099	2483	4416	10571	29884	102425	216505	163047	109036	645630	8.1	8.167885631	0.067885631	1.45106223
Locke	tt2692904	2013	2999	1627	2336	4102	9611	23632	51971	44755	16572	9705	167310	7.1	7.097908075	-0.002091925	1.696956332
Lockout	tt1592525	2012	1696	1829	3314	7049	16082	29567	24873	10820	3322	4512	103064	6	6.180557712	0.180557712	1.741720735
Loft	tt0926762	2008	213	132	202	375	1115	3212	8457	7703	2845	1639	25893	7.2	7.347468428	0.147468428	1.470063104
Logan	tt3315342	2017	6292	2877	4142	7713	18133	52804	150906	271954	218910	180698	914429	8.1	8.171172393	0.071172393	1.507854392
Logan Lucky	tt5439796	2017	1146	745	1341	2864	8955	29683	69918	43142	10765	6708	175267	7	7.072152773	0.072152773	1.347578799
Logan's Run	tt0074812	1976	629	509	944	2158	5132	12954	21166	12460	4538	4402	64892	6.8	6.92225544	0.12225544	1.633805065
LOL	tt1592873	2012	11563	3558	4477	6085	7658	6738	5078	3547	2015	8978	59697	4.4	5.14272074	0.74272074	3.050406347
Lolita	tt0056193	1962	1015	496	860	1688	4517	12441	31189	36221	15224	11273	114924	7.5	7.53895618	0.03895618	1.542938766
Lolita	tt0119558	1997	1527	733	1241	2460	5738	13209	20910	13569	6230	7807	73424	6.8	6.994470473	0.194470473	1.882524847
London	tt0449061	2005	743	518	783	1328	2598	4833	6070	3956	1805	2898	25532	6.3	6.689291869	0.389291869	2.11490967
London Boulevard	tt1213648	2010	1032	818	1494	3078	7117	13984	13436	6270	2016	2343	51588	6.2	6.294816624	0.094816624	1.768960485
London Has Fallen	tt3300542	2016	6269	4268	6836	12360	27898	49179	39089	17827	6207	9074	179007	5.9	6.045344595	0.145344595	1.941790216
Lone Star	tt0116905	1996	551	294	413	751	1815	3886	8163	9091	5529	4680	35173	7.4	7.511528729	0.111528729	1.81467174
Lone Survivor	tt1091191	2013	2965	1275	2039	3943	10865	32238	84665	99878	43783	39533	321184	7.5	7.647370355	0.147370355	1.556998953
Long Shot	tt2139881	2019	2222	1210	1839	3575	9208	25467	43758	25016	8155	7264	127714	6.8	6.857274848	0.057274848	1.66617817
Longlegs	tt23468450	2024	5561	3749	5878	10696	22600	45903	59930	37572	13006	10671	215566	6.6	6.521181448	-0.078818552	1.873642557
Look Both Ways	tt14298328	2022	507	339	569	1156	3195	7057	7224	3639	1211	1794	26691	6.3	6.532239332	0.232239332	1.783116859
Look Who's Back	tt4176826	2015	653	426	720	1287	3354	8141	16826	13248	5052	3630	53337	7	7.123816488	0.123816488	1.643847107
Look Who's Talking	tt0097778	1989	1800	1915	3696	7270	16659	26295	18366	7814	2353	4196	90364	6	5.987716347	-0.012283653	1.799348943
Look Who's Talking Now	tt0107438	1993	2402	2954	4365	6317	6334	4300	2396	1164	526	1614	32372	4.4	4.667644878	0.267644878	2.211690648
Look Who's Talking Too	tt0100050	1990	2921	3629	6078	10007	11528	8017	4066	1843	721	1918	50728	4.7	4.791397256	0.091397256	2.043654728
Looney Tunes: Back in Action	tt0318155	2003	948	1000	1808	3822	8068	11288	7726	3601	1266	3142	42669	5.8	6.033232558	0.233232558	1.954992289
Looper	tt1276104	2012	4365	2593	4765	9779	25656	77033	187913	194615	77602	40594	624915	7.4	7.409182049	0.009182049	1.459751085
Lord of the Flies	tt0100054	1990	703	496	1095	1991	4418	9970	9658	4625	1426	1708	36090	6.4	6.355610973	-0.044389027	1.757753504
Lord of War	tt0399295	2005	1763	1063	1846	3940	11026	32791	92347	124536	52021	34436	355769	7.6	7.680064874	0.080064874	1.412625636
Lords of Dogtown	tt0355702	2005	769	463	573	1172	3151	8580	18550	14022	5972	7216	60468	7.1	7.330670768	0.230670768	1.708014697
Lorenzo's Oil	tt0104756	1992	271	151	218	490	1215	3311	7593	6551	2726	2779	25305	7.3	7.390278601	0.090278601	1.641854078
Loser	tt0217630	2000	1057	1184	2317	4096	7502	7412	4405	1814	651	1368	31806	5.3	5.458970006	0.158970006	1.944085196
Losers' Club	tt1808223	2011	970	251	332	499	1122	2388	5337	6555	3649	5627	26730	7.4	7.606135428	0.206135428	2.117497673
Lost Girls	tt3111426	2020	472	326	569	1382	4076	9029	7207	2542	624	808	27035	6.2	6.191751433	-0.008248567	1.570351652
Lost Highway	tt0116922	1997	2923	1557	2169	3560	7086	15091	34457	46686	28191	26177	167897	7.6	7.641208598	0.041208598	1.859185512
Lost in Space	tt0120738	1998	3714	3848	6198	10487	16230	16197	10778	5051	1672	3070	77245	5.2	5.332202732	0.132202732	2.064042307
Lost in Translation	tt0335266	2003	8287	4550	6294	10287	21746	48501	104229	143573	92888	81894	522249	7.7	7.67885051	-0.02114949	1.831776072
Lost Ladies	tt21626284	2023	1131	173	160	243	531	1466	5325	12625	14462	21640	57756	8.3	8.643482928	0.343482928	1.677949065
Lou	tt5315210	2022	773	508	877	1993	5449	11315	9269	4283	1341	1959	37767	6.1	6.310615087	0.210615087	1.744535308
Love	tt3774694	2015	3800	2044	2801	4696	8888	13306	14172	9920	4868	8666	73161	6.1	6.402140485	0.302140485	2.353044469
Love & Basketball	tt0199725	2000	510	176	290	525	1294	3305	6653	5413	2828	5259	26253	7.2	7.543861654	0.343861654	1.921203603
Love & Friendship	tt3068194	2016	728	707	1322	1914	3457	6065	6745	4055	1348	1187	27528	6.4	6.215344377	-0.184655623	1.956175487
Love & Mercy	tt0903657	2014	351	167	256	605	1650	5240	14048	14414	5309	3169	45209	7.4	7.447233958	0.047233958	1.436747977
Love & Other Drugs	tt0758752	2010	2579	1889	3347	7580	20461	55091	81898	43777	15111	15055	246788	6.7	6.846443101	0.146443101	1.601136821
Love Actually	tt0314331	2003	6701	4454	6523	11519	25499	58382	124425	153184	88490	97622	576799	7.5	7.677055612	0.177055612	1.787198393
Love and Death	tt0073312	1975	503	195	289	598	1476	4117	10189	13141	7074	5933	43515	7.6	7.714144548	0.114144548	1.630274181
Love and Monsters	tt2222042	2020	1201	724	1366	3026	9021	28715	57502	33671	10716	11487	157429	6.9	7.110773746	0.210773746	1.497877352
Love at First Sight	tt2183014	2023	419	257	472	1143	3024	8030	12958	8305	3419	3621	41648	6.8	7.067518248	0.267518248	1.653417575
Love Happens	tt0899106	2009	1055	822	1650	3326	7608	10010	5987	2572	899	1641	35570	5.7	5.792493674	0.092493674	1.869986166
Love Hard	tt10752004	2021	998	839	1502	3457	8471	17973	18204	8885	3182	4690	68201	6.3	6.528481987	0.228481987	1.765442647
Love Lies Bleeding	tt19637052	2024	2447	973	1307	2500	5690	13171	18322	11156	3239	3673	62478	6.6	6.549073274	-0.050926726	1.944477325
Love Me If You Dare	tt0364517	2003	951	614	844	1465	3194	7196	14879	19519	12042	13359	74063	7.5	7.723019591	0.223019591	1.82046382
Love Story	tt0066011	1970	717	498	733	1376	3112	6645	10949	7494	3185	5094	39803	6.9	7.060925056	0.160925056	1.924399339
Love the Coopers	tt2279339	2015	1016	801	1416	2414	5100	7590	5800	2863	1150	1660	29810	5.8	5.971687353	0.171687353	2.005177171
Love, Rosie	tt1638002	2014	1496	1034	1778	3621	9127	23567	45813	38882	18696	22705	166719	7.1	7.42254932	0.32254932	1.712736553
Love, Simon	tt5164432	2018	2960	753	1099	1963	5009	13575	32258	34742	17507	23220	133086	7.5	7.631268503	0.131268503	1.848941294
Lovelace	tt1426329	2013	728	474	881	2339	6550	14096	11772	4437	1222	1868	44367	6.2	6.278968603	0.078968603	1.620960266
Loveless	tt6304162	2017	479	214	284	529	1367	3414	9085	12474	6123	3288	37257	7.6	7.584292885	-0.015707115	1.59364754
Loving	tt4669986	2016	602	202	314	770	2283	6723	13657	8700	2764	2317	38332	7	7.044401544	0.044401544	1.574830968
Loving Vincent	tt3262342	2017	341	178	269	569	1641	5060	14192	22385	12271	10655	67561	7.8	7.959592072	0.159592072	1.45449878
Luca	tt12801262	2021	1395	637	1095	2434	7389	24697	66695	64482	25534	24809	219167	7.4	7.580675923	0.180675923	1.47345288
Luck	tt7214954	2022	624	397	676	1385	3674	8549	9214	4931	1914	3285	34649	6.5	6.715114433	0.215114433	1.847440573
Luckiest Girl Alive	tt4595186	2022	1160	779	1232	2574	6554	15374	16439	8532	3098	3761	59503	6.4	6.563450582	0.163450582	1.782877643
Lucky	tt5859238	2017	264	149	234	436	1221	3421	8160	8439	3482	2311	28117	7.3	7.423231497	0.123231497	1.547506648
Lucky Baskhar	tt27540542	2024	523	105	151	210	510	1622	5307	9999	8098	13606	40131	8	8.481996462	0.481996462	1.626206868
Lucky Number Slevin	tt0425210	2006	1670	1027	1689	3504	9251	26296	75803	117418	59797	40573	337028	7.7	7.835271847	0.135271847	1.43527518
Lucy	tt2872732	2014	11951	10007	16552	31424	66793	130952	144483	83313	35252	41933	572660	6.4	6.533505047	0.133505047	1.916463336
Ludo	tt7212754	2020	5044	425	379	488	1173	2604	6941	10644	7524	10621	45843	7.6	7.375978884	-0.224021116	2.722613925
Lupin III: The Castle of Cagliostro	tt0079833	1979	307	133	131	294	931	3110	9365	11746	5034	4518	35569	7.6	7.744552841	0.144552841	1.488248758
Lust Stories 2	tt27989067	2023	4516	381	388	661	1201	1779	4030	7370	15338	16341	52005	5.7	7.968214595	2.268214595	2.623316059
Lust, Caution	tt0808357	2007	696	278	384	639	1600	4290	11252	14506	8161	6193	47999	7.5	7.685389279	0.185389279	1.676651461
Luther: The Fallen Sun	tt3155298	2023	1792	1279	1898	3415	7749	17453	20540	10328	3215	3925	71594	6.4	6.449646618	0.049646618	1.841827496
M	tt0022100	1931	4444	1114	1397	2404	4730	9613	25193	49375	43286	39678	181234	8.3	8.053190902	-0.246809098	1.877649557
M.S. Dhoni: The Untold Story	tt4169250	2016	1619	309	390	623	1390	3404	9116	14851	11393	31736	74831	8	8.496345098	0.496345098	1.882974602
M*A*S*H	tt0066026	1970	1403	799	1126	1991	4206	8747	18245	21996	12096	11182	81791	7.3	7.485200083	0.185200083	1.862598441
M3GAN	tt8760708	2022	3418	2553	4849	9385	22452	48554	49797	21505	6249	9819	178581	6.3	6.379430063	0.079430063	1.760340072
M3GAN 2.0	tt26342662	2025	1353	930	1504	3011	6078	10933	9874	5037	1811	3639	44170	6	6.290695042	0.290695042	2.02530727
Ma	tt7958736	2019	2187	1889	3438	6975	15421	19974	12121	4404	1287	2208	69904	5.6	5.648746853	0.048746853	1.80277794
Ma Rainey's Black Bottom	tt10514222	2020	1175	547	872	1816	4504	11037	36254	12977	4436	3079	76697	6.9	6.899865705	-0.000134295	1.501828484
Maanaadu	tt4983780	2021	907	111	107	140	337	674	2085	3985	4147	14989	27482	8.1	8.784913762	0.684913762	1.985534321
Macbeth	tt2884018	2015	1731	1031	1593	2879	6320	11648	16369	11488	4577	3814	61450	6.6	6.629715216	0.029715216	1.943541253
MacGruber	tt1470023	2010	2994	2089	3120	4782	7496	9359	7961	5027	2289	4569	49686	5.6	5.867407318	0.267407318	2.390306476
Machete	tt0985694	2010	6352	3590	5439	9381	20632	40954	56934	35594	13885	16234	208995	6.6	6.635814254	0.035814254	1.984269905
Machete Kills	tt2002718	2013	4518	2715	4548	8456	16282	20531	14505	6702	2334	4588	85179	5.6	5.682726963	0.082726963	2.097050925
Machine Gun Preacher	tt1586752	2011	1235	624	1068	2152	5674	13834	21764	13106	4977	6483	70917	6.7	6.944569003	0.244569003	1.778013818
Mad Max	tt0079501	1979	2522	2127	3912	7832	18821	46186	80255	47547	16862	16715	242779	6.8	6.928647041	0.128647041	1.652180186
Mad Max Beyond Thunderdome	tt0089530	1985	1866	1794	3950	8937	22587	47301	42478	18867	5731	7420	160931	6.2	6.362068216	0.162068216	1.646711055
Mad Max: Fury Road	tt1392190	2015	15256	7943	10664	16430	33488	77524	189611	329570	280174	233767	1194427	8.1	8.02435896	-0.07564104	1.730920869
Madagascar	tt0351283	2005	2643	2243	4485	10318	30734	89871	166984	98283	32695	34175	472431	6.9	7.082323133	0.182323133	1.499379525
Madagascar 3: Europe's Most Wanted	tt1277953	2012	2182	1642	3421	7274	18544	44442	65672	37190	14583	19234	214184	6.8	6.933328353	0.133328353	1.709734341
Madagascar: Escape 2 Africa	tt0479952	2008	2025	1781	3494	8530	24211	67280	87705	41308	13940	16928	267202	6.7	6.789107117	0.089107117	1.561796591
Madame Web	tt11057302	2024	24229	12302	13175	15044	16550	12676	7352	3646	1460	5365	111799	4.1	4.067675024	-0.032324976	2.504633483
Made of Honor	tt0866439	2008	1998	1642	2965	6115	14206	21498	15444	7679	3132	4914	79593	5.9	6.100071614	0.200071614	1.921112059
Madgaon Express	tt26745657	2024	502	187	221	368	1008	2633	5561	9919	10948	11008	42355	7	8.280958565	1.280958565	1.68003277
Madras Cafe	tt2855648	2013	687	160	186	328	794	1869	4804	7598	5256	4864	26546	7.6	7.851164017	0.251164017	1.870460654
Maestro	tt5535276	2023	1636	1087	1736	3342	7532	15732	18780	11311	3945	3565	68666	6.5	6.517650657	0.017650657	1.842028598
Magadheera	tt1447500	2009	1025	203	242	322	777	1696	4494	6453	4436	8090	27738	7.7	7.9822626	0.2822626	2.112607318
Maggie	tt1881002	2015	1751	1540	2632	5034	10131	12248	8234	3619	1163	2208	48560	5.6	5.686635091	0.086635091	1.957699068
Magic Carpet Ride	tt0470883	2005	1031	210	300	503	1330	3758	10116	10181	4299	5477	37205	7.4	7.506571697	0.106571697	1.854085091
Magic in the Moonlight	tt2870756	2014	870	555	1109	2661	7657	19225	23699	10933	3547	2907	73163	6.5	6.614490931	0.114490931	1.556072752
Magic Mike	tt1915581	2012	5202	3244	5000	10131	22154	39515	34797	15893	5283	10575	151794	6.1	6.186634518	0.086634518	1.987258969
Magic Mike XXL	tt2268016	2015	4104	2137	3142	5631	10971	13938	9914	5585	2549	5302	63273	5.6	5.829500735	0.229500735	2.307011356
Magnolia	tt0175880	1999	7598	3123	4017	5701	10901	23191	53777	95262	73006	70332	346908	8	7.901976893	-0.098023107	1.914876338
Magnum Force	tt0070355	1973	430	188	358	888	2942	10152	27661	17873	5313	5239	71044	7.2	7.289454423	0.089454423	1.384325004
Maharaja	tt26548265	2024	1616	294	272	420	856	1910	5873	14088	19332	33956	78617	8.3	8.74878207	0.44878207	1.731075428
Mahavatar Narsimha	tt34365591	2024	985	173	197	151	300	579	1333	2361	3690	34791	44560	8.6	9.354555655	0.754555655	1.703309407
Maid in Manhattan	tt0252076	2002	5952	4339	6908	12117	21247	21721	14489	7096	2657	5027	101553	5.4	5.443039595	0.043039595	2.141746064
Main Hoon Na	tt0347473	2004	2173	498	556	969	2228	5098	9693	7830	4329	10937	44311	7.1	7.430728262	0.330728262	2.315954498
Major	tt9851854	2022	1010	181	156	246	503	1110	2689	4602	5021	18527	34045	8.1	8.75597004	0.65597004	1.992603223
Major League	tt0097815	1989	525	307	585	1399	3997	11633	25620	20035	8902	9142	82145	7.2	7.418966462	0.218966462	1.558997732
Major League II	tt0110442	1994	577	771	1412	3359	6733	7891	4821	1983	749	1259	29555	5.6	5.743326002	0.143326002	1.814732882
Major Payne	tt0110443	1995	721	737	1395	2422	5162	9244	9424	5740	2471	5180	42496	6.3	6.665780309	0.365780309	2.034460604
Malcolm & Marie	tt12676326	2021	1339	614	948	1870	4029	8038	11322	8179	3249	3505	43093	6.6	6.735223818	0.135223818	1.982734956
Malcolm X	tt0104797	1992	1846	457	534	1075	2854	8314	25911	35401	16997	16204	109593	7.7	7.77799677	0.07799677	1.650985294
Maleficent	tt1587310	2014	4674	2960	5219	11190	28650	70786	124647	87406	38185	47428	421145	6.9	7.191582472	0.291582472	1.732031861
Maleficent: Mistress of Evil	tt4777008	2019	2319	1369	2379	5032	12019	28033	36815	20761	8440	13339	130506	6.6	6.848405437	0.248405437	1.854322197
Malena	tt0213847	2000	1053	611	976	1759	4701	13208	32380	36413	15620	16666	123387	7.4	7.619895127	0.219895127	1.605680699
Malice	tt0107497	1993	416	289	462	1266	3472	8331	9089	4331	1378	1499	30533	6.5	6.565126257	0.065126257	1.626432256
Malignant	tt3811906	2021	4320	3199	4879	7826	13997	24958	28685	17713	6419	8119	120115	6.2	6.309386838	0.109386838	2.088885536
Mallrats	tt0113749	1995	1833	1123	1771	3422	7855	19122	37780	29747	13579	17256	133488	7	7.298738463	0.298738463	1.797282386
Mama	tt2023587	2013	3656	3138	5947	12366	27938	52161	49136	24204	8649	11367	198562	6.2	6.340528399	0.140528399	1.816481438
Mamma Mia!	tt0795421	2008	8881	5607	8145	14026	28768	56079	68486	49018	24408	37012	300430	6.5	6.797876377	0.297876377	2.123790046
Mamma Mia! Here We Go Again	tt6911608	2018	2971	1842	2898	5307	11656	23149	28631	19173	9336	13825	118788	6.6	6.817405799	0.217405799	2.039066233
Man Bites Dog	tt0103905	1992	1006	518	692	1096	2370	4694	9684	12634	7070	6073	45837	7.4	7.455461745	0.055461745	1.927759407
Man of Steel	tt0770828	2013	14713	8256	14023	25500	55878	122802	217707	187265	94937	118517	859598	7.1	7.274525999	0.174525999	1.900608399
Man of Tai Chi	tt2016940	2013	815	670	1346	2908	6765	12084	9391	4166	1408	2623	42176	6	6.214932663	0.214932663	1.824243218
Man of the House	tt0331933	2005	789	708	1461	3005	5985	6442	3910	1805	679	1581	26365	5.5	5.724103926	0.224103926	1.974049631
Man of the Year	tt0483726	2006	876	639	1218	2313	5000	10027	9156	4311	1314	1799	36653	6.2	6.237361198	0.037361198	1.82656078
Man on a Ledge	tt1568338	2012	1255	1084	2156	5323	14881	40401	55615	25528	7733	7784	161760	6.6	6.731948566	0.131948566	1.511380284
Man on Fire	tt0328107	2004	2022	1123	2024	4266	11723	34576	95965	136783	66540	59242	414264	7.7	7.847107159	0.147107159	1.467354746
Man on the Moon	tt0125664	1999	1593	993	1457	2604	6464	16164	38209	41835	19161	14200	142680	7.4	7.459083263	0.059083263	1.647248476
Man on Wire	tt1155592	2008	537	248	376	711	1907	5290	14488	20393	10401	6441	60792	7.7	7.712511515	0.012511515	1.517384381
Man Up	tt3064298	2015	520	387	637	1526	4389	12722	21409	11063	3424	3104	59181	6.8	6.89087714	0.09087714	1.508057017
Man with a Movie Camera	tt0019760	1929	315	216	221	353	796	1650	3896	7530	6737	8234	29948	8.3	8.253873381	-0.046126619	1.731528273
Manchester by the Sea	tt4034228	2016	3376	1849	2503	4350	10273	27819	73024	112736	72102	41760	349792	7.8	7.804169335	0.004169335	1.57404431
Mandela: Long Walk to Freedom	tt2304771	2013	611	122	202	440	1436	4662	10200	6955	2497	2825	29950	7.1	7.216560935	0.116560935	1.670825748
Manderlay	tt0342735	2005	796	269	397	590	1276	3017	6703	7209	3362	2654	26273	7.2	7.260609751	0.060609751	1.930611601
Mandy	tt6998518	2018	4546	2773	3581	5078	8602	14992	21535	19066	9005	8648	97826	6.5	6.592388527	0.092388527	2.265404416
Manhattan	tt0079522	1979	2903	1008	1241	2161	4861	11662	28670	47306	28738	24705	153255	7.8	7.806551173	0.006551173	1.779002347
Manhattan Murder Mystery	tt0107507	1993	509	203	309	699	1934	6034	16405	14424	5237	3563	49317	7.3	7.370724091	0.070724091	1.48712982
Manhunter	tt0091474	1986	797	498	801	1803	4881	13176	28095	22988	9425	7693	90157	7.2	7.289428441	0.089428441	1.580674551
Maniac	tt2103217	2012	1476	1212	1743	3148	5819	9829	9519	5694	1959	2037	42436	6.1	6.126307852	0.026307852	2.014621877
Manjummel Boys	tt26458038	2024	497	93	131	184	440	1180	3617	7265	7018	12236	32661	8.2	8.57453844	0.37453844	1.672860582
Mank	tt10618286	2020	1580	998	1799	3359	7614	16802	43068	18571	5792	3677	103260	6.8	6.781260895	-0.018739105	1.580669712
Mannequin	tt0093493	1987	927	1015	1580	3111	6167	8980	7348	4233	1760	4054	39175	6	6.293197192	0.293197192	2.106705345
Manon of the Spring	tt0091480	1986	507	149	136	232	695	1561	4012	8400	5051	4718	25461	8	7.969247084	-0.030752916	1.747278441
Manos: The Hands of Fate	tt0060666	1966	24818	3319	1232	579	470	364	309	263	261	6763	38378	1.7	3.029027047	1.329027047	3.464371136
Mansfield Park	tt0178737	1999	536	309	404	698	1673	4212	8184	6021	2881	2428	27346	7	7.111094858	0.111094858	1.811469662
Maps to the Stars	tt2172584	2014	1592	1060	1595	3069	5899	10226	11022	6158	2046	1695	44362	6.2	6.16306749	-0.03693251	1.953555367
Marathon Man	tt0074860	1976	444	277	480	964	2845	8636	22880	24326	8567	5289	74708	7.4	7.456979172	0.056979172	1.416392309
Marcel the Shell with Shoes On	tt15339456	2021	393	233	288	480	1159	2856	6998	10249	5668	4838	33162	7.6	7.748145468	0.148145468	1.686278865
March of the Penguins	tt0428803	2005	644	267	502	945	2372	6235	15275	19299	8533	7846	61918	7.5	7.627959559	0.127959559	1.616270597
Marco	tt29383379	2024	2053	427	469	628	1204	1920	2673	2601	3157	9974	25106	6.6	7.649087867	1.049087867	2.814680156
Margin Call	tt1615147	2011	1303	763	1384	2732	8038	24132	54440	42597	14965	8813	159167	7.1	7.209798514	0.109798514	1.46962681
Maria Full of Grace	tt0390221	2004	285	160	195	372	1141	4021	11049	12760	4610	2760	37353	7.4	7.523411774	0.123411774	1.418143611
Marie Antoinette	tt0422720	2006	3095	2110	3310	6290	13954	28918	33454	20422	8668	9772	129993	6.5	6.607809651	0.107809651	1.924639798
Marighella	tt7825208	2019	38414	702	191	106	197	417	876	1035	831	13984	56753	7.1	3.630345532	-3.469654468	3.963371062
Marked for Death	tt0100114	1990	823	563	958	1934	4660	6929	4730	2340	961	2116	26014	5.9	6.114861229	0.214861229	2.026738522
Marley & Me	tt0822832	2008	2380	1464	2385	4424	10757	26145	51897	38358	16890	19819	174519	7	7.226473908	0.226473908	1.766791172
Marnie	tt0058329	1964	455	273	567	1286	3342	9095	19022	13774	5154	4225	57193	7.1	7.188082458	0.088082458	1.546058147
Marriage Story	tt7653254	2019	3180	1564	2368	3902	9434	26652	76985	127256	78335	38544	368220	7.9	7.8309163	-0.0690837	1.496144165
Marrowbone	tt5886440	2017	553	352	601	1396	3877	10052	15310	9447	3498	3549	48635	6.7	6.950940681	0.250940681	1.645663121
Marry Me	tt10223460	2022	1793	1037	1682	2954	6701	12427	10463	5135	1869	3581	47642	6.1	6.207715881	0.107715881	2.039349907
Mars Attacks!	tt0116996	1996	5792	4629	7670	14524	31532	59055	66757	38229	13728	14631	256547	6.4	6.436009776	0.036009776	1.87931159
Mars Needs Moms	tt1305591	2011	1801	1112	1637	2625	4764	5243	3617	1933	726	1692	25150	5.4	5.524890656	0.124890656	2.291805532
Marshall	tt5301662	2017	522	123	133	249	815	3285	10299	8086	2559	2457	28528	7.3	7.37275659	0.07275659	1.5580753
Marshland	tt3253930	2014	235	115	213	492	1466	5581	13602	11583	3402	1759	38448	7.2	7.281887224	0.081887224	1.335600932
Martha Marcy May Marlene	tt1441326	2011	1193	797	1203	2194	4791	10695	17363	12655	4517	2815	58223	6.8	6.78221665	-0.01778335	1.782660825
Martin	tt15334030	2024	4299	261	159	116	89	75	87	1789	10320	19283	36478	2.2	8.42392675	6.22392675	2.905623162
Marty	tt0048356	1955	234	99	205	398	1037	2776	7402	9776	4207	3701	29835	7.6	7.688117982	0.088117982	1.536912996
Marty Supreme	tt32916440	2025	798	230	247	338	586	1531	4238	9527	8136	5061	30692	8.2	7.988498632	-0.211501368	1.831742709
Martyrs	tt1029234	2008	4086	2005	2530	3935	7289	14367	27878	26892	15143	14090	118215	7	7.118741276	0.118741276	2.115896546
Marvin's Room	tt0116999	1996	701	287	409	950	2904	7351	10118	4853	1772	2494	31839	6.7	6.767360784	0.067360784	1.764584496
Mary and Max	tt0978762	2009	2767	1013	1316	1893	4391	10440	31347	60798	47181	39061	200207	8.1	8.101415035	0.001415035	1.656299706
Mary Poppins	tt0058331	1964	1563	896	1336	2631	6902	16931	40340	56213	31502	38657	196971	7.8	7.900426966	0.100426966	1.653760707
Mary Poppins Returns	tt5028340	2018	2141	1311	2115	4155	9604	20638	27191	17157	7434	8314	100060	6.7	6.768089147	0.068089147	1.887504466
Mary Queen of Scots	tt2328900	2018	2061	1033	1501	2820	7031	16606	16684	7473	2123	2173	59505	6.3	6.253424082	-0.046575918	1.817233818
Masaan	tt4635372	2015	574	141	152	208	570	1441	4404	9499	9015	8865	34869	8.1	8.32386934	0.22386934	1.663135232
Mask	tt0089560	1985	366	225	340	620	1766	4809	10535	8072	3401	4611	34745	7.2	7.397898978	0.197898978	1.691155211
Master	tt10579952	2021	7263	780	729	1028	2198	4044	7544	8425	7559	50667	90237	7.4	8.25919523	0.85919523	2.717359928
Master and Commander: The Far Side of the World	tt0311113	2003	1712	1059	1859	3670	9809	27602	68070	77136	35114	26786	252817	7.5	7.579427016	0.079427016	1.529597088
Masterminds	tt2461150	2016	1216	1166	2267	5054	12743	20001	13428	4999	1603	2401	64878	5.8	5.960587564	0.160587564	1.704932926
Masters of the Universe	tt0093507	1987	1689	1969	3449	5556	9505	9424	6754	3559	1357	4336	47598	5.4	5.747930585	0.347930585	2.22697627
Match Point	tt0416320	2005	2394	1280	1878	3637	8354	21973	57624	78246	37648	24384	237418	7.6	7.626852218	0.026852218	1.578223955
Matchstick Men	tt0325805	2003	775	490	863	1969	5592	19255	50341	43179	13417	8673	144554	7.3	7.33990066	0.03990066	1.370489202
Materialists	tt30253473	2025	2326	1632	2659	5246	11288	22002	21115	9987	3056	3362	82673	6.3	6.190993432	-0.109006568	1.83971694
Matilda	tt0117008	1996	1521	1164	2034	4572	12412	32996	59456	38774	16106	23476	192511	7	7.243082213	0.243082213	1.679935841
Matilda: The Musical	tt3447590	2022	1141	452	590	969	2032	4418	8417	6691	3457	4391	32558	7	7.120492659	0.120492659	2.093201906
Maudie	tt3721954	2016	192	71	116	234	574	2063	6439	8540	3961	3049	25239	7.6	7.781528587	0.181528587	1.45483485
Maurice	tt0093512	1987	603	157	214	365	930	2390	5758	7020	4013	5075	26525	7.6	7.741451461	0.141451461	1.868639608
Maverick	tt0110478	1994	865	678	1199	2692	7970	21371	43043	27926	10386	9103	125233	7	7.137695336	0.137695336	1.531617039
Max	tt3369806	2015	639	306	520	1063	2571	5435	7865	4622	2066	4590	29677	6.6	7.044276713	0.444276713	1.997418981
Max Manus: Man of War	tt1029235	2008	442	140	221	408	1117	3622	9485	8901	3673	3298	31307	7.3	7.47353627	0.17353627	1.608179048
Max Payne	tt0467197	2008	5671	5250	9139	16077	29381	31502	19182	8083	2758	6348	133391	5.3	5.480527172	0.180527172	2.018772327
Maximum Overdrive	tt0091499	1986	1622	1667	2712	4378	7470	8285	5858	3031	1242	3099	39364	5.4	5.71806727	0.31806727	2.209852179
Maximum Risk	tt0117011	1996	598	616	1226	2846	6046	6641	3848	1492	580	1660	25553	5.6	5.778577858	0.178577858	1.914062352
MaXXXine	tt22048412	2024	1443	1071	2023	4683	11732	24601	22050	9084	2703	3408	82798	6.2	6.28132322	0.08132322	1.675983254
May	tt0303361	2002	1073	710	1121	1920	4354	8351	11085	7653	3478	4173	43918	6.6	6.768591466	0.168591466	1.991232434
May December	tt13651794	2023	1486	980	1552	2973	7300	15729	20643	13863	4651	2717	71894	6.7	6.611149748	-0.088850252	1.751553167
Mayhem	tt4348012	2017	549	335	556	1304	3370	7598	8451	4017	1292	1550	29022	6.4	6.510991661	0.110991661	1.721884804
Maze Runner: The Death Cure	tt4500922	2018	3119	2259	4204	9215	23517	48676	46982	23676	9386	16003	187037	6.3	6.573758133	0.273758133	1.839620236
Maze Runner: The Scorch Trials	tt4046784	2015	4273	3397	6947	15138	37088	80545	80281	38922	14096	21954	302641	6.3	6.54543502	0.24543502	1.767441216
McCabe & Mrs. Miller	tt0067411	1971	391	253	366	641	1497	3051	6376	7858	4762	4828	30023	7.6	7.62695267	0.02695267	1.821618945
McFarland, USA	tt2097298	2015	402	136	177	455	1367	4981	14126	14127	5280	4858	45909	7.4	7.574636781	0.174636781	1.468924622
Me and Earl and the Dying Girl	tt2582496	2015	902	430	692	1533	3722	11595	34459	49637	24583	16268	143821	7.7	7.790141913	0.090141913	1.442265016
Me and You and Everyone We Know	tt0415978	2005	905	498	601	1029	1948	4301	8832	9976	5447	4914	38451	7.2	7.364203792	0.164203792	1.954553153
Me Before You	tt2674426	2016	2930	1541	2708	5546	14292	38099	83990	86822	42742	47726	326396	7.4	7.600638488	0.200638488	1.662463185
Me Time	tt14309446	2022	2507	2073	3313	5911	10989	10731	5232	1863	599	1505	44723	5.1	5.177112448	0.077112448	1.962052753
Me, Myself & Irene	tt0183505	2000	3536	3142	5441	11315	27373	61030	77332	42311	15091	16553	263124	6.6	6.672173576	0.072173576	1.731243168
Mean Creek	tt0377091	2004	335	214	308	603	1843	4968	10688	9022	3326	3236	34543	7.1	7.307066555	0.207066555	1.598827311
Mean Girls	tt0377092	2004	4243	2908	4982	10954	28333	73815	138112	101577	46987	66691	478602	7.1	7.360121771	0.260121771	1.721624011
Mean Girls	tt11762114	2024	3908	1860	2478	3706	6158	8212	6418	3598	1301	2578	40217	5.5	5.498843773	-0.001156227	2.41428654
Mean Machine	tt0291341	2001	491	358	761	1754	5063	11463	13245	6069	1825	2615	43644	6.4	6.608949684	0.208949684	1.634056472
Mean Streets	tt0070379	1973	1132	699	1328	2799	6942	17844	38869	33103	13499	10571	126786	7.2	7.28465288	0.08465288	1.594254774
Meatballs	tt0079540	1979	392	403	750	1524	3642	6978	5661	3092	1268	2093	25803	6.2	6.446033407	0.246033407	1.873153707
Mechanic: Resurrection	tt3522806	2016	2247	2235	4070	8460	19376	29105	19422	8061	2888	5746	101610	5.7	5.985345931	0.285345931	1.859541417
Medicine Man	tt0104839	1992	401	370	800	1801	4481	7699	5576	2585	981	1385	26079	6	6.201733195	0.201733195	1.758849979
Meet Dave	tt0765476	2008	3426	2279	3404	6038	9685	9140	5610	2641	963	2610	45796	5.1	5.257620753	0.157620753	2.231050618
Meet Joe Black	tt0119643	1998	2826	2285	3778	7221	16704	39522	80298	71286	35789	35749	295458	7.2	7.379157105	0.179157105	1.730069128
Meet Me in St. Louis	tt0037059	1944	280	182	306	704	1579	3306	6898	7454	4031	6057	30797	7.5	7.691528396	0.191528396	1.79157805
Meet the Blacks	tt4191580	2016	1922	1614	1770	2036	2306	1815	1325	3123	9806	12759	38476	4.8	7.566457012	2.766457012	2.84791943
Meet the Fockers	tt0290002	2004	3877	3457	6367	14175	36494	85447	87158	38157	11796	13270	300198	6.4	6.448977009	0.048977009	1.632957104
Meet the Parents	tt0212338	2000	3011	2507	4041	8450	21997	63306	139835	83260	26850	21774	375031	7	7.060973626	0.060973626	1.503981256
Meet the Robinsons	tt0396555	2007	1368	864	1589	3666	9501	22802	35567	21813	9934	12977	120081	6.8	7.074333158	0.274333158	1.750013092
Meet the Spartans	tt1073498	2008	43675	16780	12666	9540	8388	6112	4307	2602	3784	6918	114772	2.8	3.364984491	0.564984491	2.774451054
Meg 2: The Trench	tt9224104	2023	5156	5301	8468	14148	23016	20662	10785	4805	1891	5338	99570	5	5.233905795	0.233905795	2.110569176
Megalopolis	tt10128846	2024	4763	3601	4353	5673	6667	5322	3727	2468	1179	3028	40781	4.7	4.897059905	0.197059905	2.564880791
Megamind	tt1001526	2010	1748	1111	1939	4671	13932	43141	99325	87074	35868	32269	321078	7.3	7.457209775	0.157209775	1.493820896
Megan Leavey	tt4899370	2017	477	135	207	400	1441	4567	9784	6940	2667	3350	29968	7.1	7.310664709	0.210664709	1.660790303
Melancholia	tt1527186	2011	6234	3527	4484	6849	12539	24248	45597	50064	30391	22414	206347	7.1	7.170780288	0.070780288	2.074153438
Melinda and Melinda	tt0378947	2004	709	446	714	1522	3679	8458	10173	5183	1768	1335	33987	6.4	6.499867596	0.099867596	1.721663415
Memento	tt0209144	2000	12204	4678	6129	10444	22533	57220	181234	404354	416891	302690	1418377	8.4	8.333536852	-0.066463148	1.494858334
Memoirs of a Geisha	tt0397535	2005	1671	885	1544	3178	7998	20616	46705	45005	21316	22080	170998	7.3	7.509386075	0.209386075	1.662842508
Memoirs of an Invisible Man	tt0104850	1992	487	394	872	2128	5197	9223	6298	2553	731	1126	29009	6	6.069668034	0.069668034	1.671029645
Memories	tt0113799	1995	316	121	189	340	894	2567	6626	8055	3546	2586	25240	7.5	7.565491284	0.065491284	1.593273816
Memories of Murder	tt0353969	2003	2383	805	1112	1847	4633	12616	41789	85927	63491	44288	258891	8.1	8.141712149	0.041712149	1.487056266
Memory	tt11827628	2022	820	742	1497	3420	8737	12922	7932	2799	837	1701	41407	5.8	5.896370179	0.096370179	1.714365914
Memphis Belle	tt0100133	1990	348	163	285	633	2048	5929	10680	6767	2557	2458	31868	6.9	7.103175599	0.203175599	1.582044163
Men	tt13841850	2022	4326	2415	3379	5708	10330	16951	17517	10192	3325	2711	76854	6	5.942058969	-0.057941031	2.108561877
Men at Work	tt0100135	1990	509	576	1039	2321	5303	8076	5597	2647	973	2007	29048	5.9	6.13519003	0.23519003	1.877603161
Men in Black	tt0119654	1997	4208	2691	4686	9408	26460	83214	227782	189312	62183	46369	656313	7.3	7.351935738	0.051935738	1.429705612
Men in Black II	tt0120912	2002	4740	4819	9897	23437	62716	131930	112944	46009	13777	17290	427559	6.2	6.311526596	0.111526596	1.60198054
Men in Black: International	tt2283336	2019	6654	4564	8013	15480	32941	44537	28048	9940	2880	5676	158733	5.6	5.620784588	0.020784588	1.8917707
Men in Black³	tt1409024	2012	3491	2399	4860	11321	33100	88688	139478	73432	24795	26726	408290	6.8	6.906850523	0.106850523	1.561866612
Men of Honor	tt0203019	2000	914	622	1067	2273	6424	18411	40832	34026	13786	12310	130665	7.2	7.364198523	0.164198523	1.547030325
Men, Women & Children	tt3179568	2014	776	445	698	1450	3169	6918	10357	6249	2258	2376	34696	6.6	6.729478902	0.129478902	1.836358303
Menace II Society	tt0107554	1993	686	301	400	856	2228	6542	18262	21551	9096	9117	69039	7.5	7.67073683	0.17073683	1.572467961
Mercury Rising	tt0120749	1998	967	920	1946	4643	12670	26592	20469	7855	2077	2568	80707	6.1	6.20286964	0.10286964	1.558383985
Mermaids	tt0100140	1990	424	306	587	1351	3641	8683	11595	6910	2580	3835	39912	6.7	6.928217078	0.228217078	1.728563478
Merry Christmas	tt15392282	2024	761	188	218	393	892	2169	4500	3200	5947	12128	30396	6.9	8.314909857	1.414909857	2.055679008
Mersal	tt6485666	2017	2795	328	346	435	860	1738	3335	3996	4390	23503	41726	7.5	8.407467766	0.907467766	2.561989907
Mesrine: Killer Instinct	tt1259014	2008	308	112	203	330	997	3356	10669	13371	4345	2733	36424	7.5	7.568306611	0.068306611	1.396514473
Mesrine: Public Enemy No. 1	tt0411272	2008	239	92	145	341	936	3149	10140	11234	3670	2268	32214	7.4	7.52337493	0.12337493	1.372573039
Message in a Bottle	tt0139462	1999	1091	784	1315	2541	5627	10100	9508	5473	2349	3316	42104	6.3	6.416112483	0.116112483	1.984140796
Metal Lords	tt12141112	2022	518	294	492	1015	2759	7572	11845	6664	2319	2731	36209	6.7	6.912010826	0.212010826	1.677188212
Metro	tt0119664	1997	583	660	1396	3296	7592	9013	4898	1626	451	905	30420	5.6	5.644838922	0.044838922	1.667471405
Metropolis	tt0017136	1927	4286	1421	1908	3011	5886	11245	27237	51821	44894	47491	199200	8.2	8.062143574	-0.137856426	1.896320312
Miami Vice	tt0430357	2006	5072	3075	5017	9276	18951	31996	26777	15347	6478	7947	129936	6.1	6.142216168	0.042216168	2.054026485
Michael	tt0117038	1996	1272	1226	2236	4394	9276	11789	8300	4209	1612	2302	46616	5.7	5.88686288	0.18686288	1.933526415
Michael Clayton	tt0465538	2007	1971	1113	1724	3458	8831	24628	56620	51072	20732	12290	182439	7.2	7.28752076	0.08752076	1.565237076
Michael Collins	tt0117039	1996	374	148	295	600	1802	5184	12033	8620	3444	3342	35842	7.1	7.300820267	0.200820267	1.574986495
Mickey 17	tt12299608	2025	3888	2375	3944	7396	18103	45801	74836	44622	12745	10508	224218	6.7	6.761223452	0.061223452	1.669059123
Mickey Blue Eyes	tt0130121	1999	638	703	1354	3109	7613	11936	8400	3375	998	1292	39418	5.9	5.985209803	0.085209803	1.677943764
Micmacs	tt1149361	2009	354	220	363	693	1810	4571	9499	8434	3615	2428	31987	7.1	7.250164129	0.150164129	1.628662433
Mid90s	tt5613484	2018	774	374	528	1143	2946	9838	25694	26804	11137	7327	86565	7.4	7.499901808	0.099901808	1.494074557
Middle Men	tt1251757	2009	1426	4798	550	2041	9014	5236	8345	4525	1494	1471	38900	6.8	5.657917738	-1.142082262	2.229885144
Midnight Cowboy	tt0064665	1969	1502	765	942	1832	4181	10515	26881	41981	22639	18812	130050	7.8	7.78982699	-0.01017301	1.646860523
Midnight Express	tt0077928	1978	5744	706	697	1210	2811	7536	21892	29920	13194	9610	93320	7.5	7.295413631	-0.204586369	2.13733023
Midnight in Paris	tt1605783	2011	3894	2376	3710	7136	17248	43955	110399	150128	77623	51638	468107	7.6	7.662978763	0.062978763	1.571285573
Midnight in the Garden of Good and Evil	tt0119668	1997	699	486	912	1973	4286	9391	11974	7701	2995	2954	43371	6.6	6.73251712	0.13251712	1.79257513
Midnight Run	tt0095631	1988	603	269	457	1009	3242	10382	28693	32586	13504	11798	102543	7.5	7.66610105	0.16610105	1.449556309
Midnight Special	tt2649554	2016	1522	964	1766	3672	9053	20033	26313	15110	4665	3192	86290	6.6	6.58100591	-0.01899409	1.680855831
Midnight Sun	tt4799066	2018	777	531	890	1756	3738	7467	9391	6240	2982	5635	39407	6.6	6.949780496	0.349780496	2.03065888
Midsommar	tt8772262	2019	16389	7584	9658	14746	28318	58801	117588	120193	60213	40178	473668	7.1	7.056140588	-0.043859412	2.034227733
Midway	tt6924650	2019	1759	1188	2026	3819	8928	20720	31666	19211	7037	7516	103870	6.7	6.81902378	0.11902378	1.776604062
Mighty Aphrodite	tt0113819	1995	674	288	487	869	2542	7609	15764	10224	3760	2463	44680	7	7.05373769	0.05373769	1.584380494
Mighty Joe Young	tt0120751	1998	703	684	1352	3227	7416	8581	5207	2441	828	1886	32325	5.7	5.874400619	0.174400619	1.870548104
Mighty Morphin Power Rangers	tt0113820	1995	2503	1687	2202	3135	4974	4934	3832	2157	914	5528	31866	5.3	5.870928262	0.570928262	2.718569602
Migration	tt6495056	2023	436	236	469	1138	3796	10901	14606	7155	2464	3973	45174	6.6	6.920817284	0.320817284	1.615619553
Mike and Dave Need Wedding Dates	tt2823054	2016	2157	1882	3286	6810	16394	29023	21999	9900	3321	4526	99298	6	6.117635803	0.117635803	1.794544034
Mildred Pierce	tt0037913	1945	440	121	121	260	739	1904	5604	10886	5617	5213	30905	7.9	7.966445559	0.066445559	1.60294961
Mile 22	tt4560436	2018	2117	1683	2841	5554	12343	25349	23634	11083	3471	4824	92899	6.1	6.282220476	0.182220476	1.823708813
Milk	tt1013753	2008	4618	1049	1345	2233	5704	16478	47487	60532	26629	19054	185129	7.5	7.529544264	0.029544264	1.739241001
Millennium Actress	tt0291350	2001	375	156	203	385	985	2687	7331	11312	6747	5738	35919	7.8	7.901082992	0.101082992	1.596232373
Miller's Crossing	tt0100150	1990	1314	560	872	1747	4759	12784	33986	48478	24860	19031	148391	7.7	7.765383345	0.065383345	1.546866124
Miller's Girl	tt8310486	2024	1928	1282	1917	3321	5552	5306	3384	1714	674	1476	26554	5.2	5.323077502	0.123077502	2.234301517
Million Dollar Arm	tt1647668	2014	431	169	268	749	2575	8527	17974	11314	3826	3334	49167	7	7.173714077	0.173714077	1.459547608
Million Dollar Baby	tt0405159	2004	7407	2974	3941	6854	15500	41967	129539	255287	180073	116271	759813	8.1	8.047153708	-0.052846292	1.521341902
Millions	tt0366777	2004	513	275	434	954	2057	4731	7661	5492	2519	2455	27091	6.8	6.999963087	0.199963087	1.837782781
Mimi	tt10895576	2021	1681	191	225	388	917	2306	6130	9518	8486	16055	45897	7.8	8.250844282	0.450844282	2.058618005
Mimic	tt0119675	1997	1031	1017	1957	4312	10554	18172	13121	5192	1451	2293	59100	6	6.046666667	0.046666667	1.700861662
Minari	tt10633456	2020	825	409	707	1394	4062	12603	48808	33383	13578	7751	123520	7.4	7.397182642	-0.002817358	1.366359114
Mindhunters	tt0297284	2004	1123	988	1840	3719	7731	16077	18213	9850	3425	3955	66921	6.3	6.504355882	0.204355882	1.803832094
Minions	tt2293640	2015	6038	4154	6686	13396	32208	70346	75537	37592	13621	20955	280533	6.4	6.533056717	0.133056717	1.857038779
Minions: The Rise of Gru	tt5113044	2022	1384	901	1618	3506	10211	25366	29405	13823	4850	12086	103150	6.5	6.846766844	0.346766844	1.803694302
Minnal Murali	tt7268738	2021	889	171	196	296	719	1586	4447	7170	6404	12799	34677	7.8	8.369495631	0.569495631	1.932359571
Minority Report	tt0181689	2002	3807	1955	3154	6505	17150	54488	166031	222621	89806	50095	615612	7.6	7.648106275	0.048106275	1.391587998
Miracle	tt0349825	2004	607	247	349	735	2402	6611	16396	17685	8408	9287	62727	7.5	7.677044973	0.177044973	1.609997586
Miracle in Cell No. 7	tt2659414	2013	339	99	150	243	460	1243	3066	6200	5740	8290	25830	8.1	8.414208285	0.314208285	1.697875837
Miracle in Cell No. 7	tt10431500	2019	1089	306	344	563	1186	2781	7447	14300	13367	19984	61367	8.2	8.380285821	0.180285821	1.785604191
Miracle on 34th Street	tt0039628	1947	702	286	414	610	2102	4850	11892	18241	9774	11838	60709	7.9	7.90795434	0.00795434	1.681388735
Miracle on 34th Street	tt0110527	1994	731	452	828	1852	4811	11251	13920	8084	3370	5265	50564	6.7	6.885926746	0.185926746	1.813649011
Miracles from Heaven	tt4257926	2016	1074	377	482	799	1653	3927	7371	5932	3285	6487	31387	7.1	7.384745277	0.284745277	2.159301404
Mirage	tt6908274	2018	539	290	441	951	2389	7770	20128	21366	9146	7282	70302	7.4	7.564066456	0.164066456	1.511984643
Mirror	tt0072443	1975	1135	527	788	1069	2047	3885	8384	13442	10713	14791	56781	7.9	7.976699952	0.076699952	1.984370836
Mirror Game	tt5354160	2016	747	101	76	78	207	394	899	1987	4156	22231	30876	8.9	9.288476487	0.388476487	1.703015092
Mirror Mirror	tt1667353	2012	3472	2836	4969	9377	18436	22523	15991	8137	3260	5638	94639	5.6	5.828780947	0.228780947	2.05112689
Mirrors	tt0790686	2008	2289	2156	3869	7794	16743	31422	29049	14037	4749	6415	118523	6.1	6.278621027	0.178621027	1.827508097
Misery	tt0100157	1990	851	507	756	1605	5142	17363	62725	102585	42233	27443	261210	7.8	7.866172811	0.066172811	1.28350648
Miss Americana	tt11388580	2020	945	195	210	370	954	2574	5513	5220	2625	7881	26487	7.4	7.794200929	0.394200929	2.145479076
Miss Congeniality	tt0212346	2000	2652	2917	5374	12434	30728	64846	63134	33635	12858	17129	245707	6.4	6.573235602	0.173235602	1.745398781
Miss Congeniality 2: Armed & Fabulous	tt0385307	2005	2634	3147	5858	12188	21286	18315	10083	4609	1828	4200	84148	5.2	5.4365998	0.2365998	1.963524564
Miss Peregrine's Home for Peculiar Children	tt1935859	2016	1885	1422	2989	6846	18719	47023	65332	35602	12261	14118	206197	6.7	6.840458397	0.140458397	1.620098455
Miss Pettigrew Lives for a Day	tt0970468	2008	351	245	320	672	1755	4623	9272	7055	3159	3085	30537	7	7.257654648	0.257654648	1.687934084
Miss Potter	tt0482546	2006	351	233	348	773	2169	5737	10547	7116	3036	3328	33638	7	7.181788454	0.181788454	1.667230704
Miss Sloane	tt4540710	2016	1645	447	476	874	2198	7789	23825	29002	12274	9184	87714	7.5	7.596096404	0.096096404	1.626498474
Missing	tt0084335	1982	248	146	182	299	1044	2329	6124	8507	3738	2696	25313	7.7	7.624619761	-0.075380239	1.571780429
Missing	tt10855768	2023	1061	406	569	1107	3162	10421	24847	17899	6165	5092	70729	7.1	7.208782819	0.108782819	1.576508566
Missing Link	tt6348138	2019	378	195	372	872	2608	7419	10641	4991	1453	1572	30501	6.7	6.758401364	0.058401364	1.550300443
Mission Majnu	tt13131232	2023	2679	360	305	491	999	2044	3249	3059	7510	24780	45476	6.9	8.491116193	1.591116193	2.462648565
Mission to Mars	tt0183523	2000	3755	3075	4944	8062	14796	18419	13613	6630	2297	3622	79213	5.7	5.639263757	-0.060736243	2.081098772
Mission: Impossible	tt0117060	1996	3867	2196	3864	7812	23232	75751	197657	130385	38521	29040	512325	7.2	7.193740302	-0.006259698	1.412054481
Mission: Impossible - Dead Reckoning Part One	tt9603212	2023	2700	1256	1883	3590	9162	27908	77863	105857	50461	40038	320718	7.6	7.747943676	0.147943676	1.523315901
Mission: Impossible - Fallout	tt4912910	2018	2735	1205	1888	3445	10205	32574	97262	137037	73529	55275	415155	7.7	7.858990016	0.158990016	1.460453523
Mission: Impossible - Ghost Protocol	tt1229238	2011	4041	1759	3061	6578	18799	61753	176734	175560	63674	49340	561299	7.4	7.510526475	0.110526475	1.43919003
Mission: Impossible - Rogue Nation	tt2381249	2015	2369	1045	1832	4097	13383	46912	143464	143154	50507	35331	442094	7.4	7.53704642	0.13704642	1.356665782
Mission: Impossible - The Final Reckoning	tt9603208	2025	2735	1593	2448	4618	11184	28230	58388	52446	22201	24773	208616	7.2	7.347758561	0.147758561	1.739112749
Mission: Impossible II	tt0120755	2000	7918	7244	13609	27057	63305	122194	98028	41875	12770	16009	410009	6.1	6.139782297	0.039782297	1.736575458
Mission: Impossible III	tt0317919	2006	4603	2158	4065	8762	25275	82630	158803	83877	25607	25401	421181	6.9	6.993257056	0.093257056	1.511452434
Mississippi Burning	tt0095647	1988	769	233	374	732	2459	7643	29078	51475	21298	11971	126032	7.8	7.85654437	0.05654437	1.30763119
Mississippi Grind	tt2349144	2015	456	263	527	1238	3360	7736	8427	3708	907	818	27440	6.4	6.40404519	0.00404519	1.582243104
Mistress America	tt2872462	2015	560	365	581	1186	2777	6161	8972	5755	1930	1230	29517	6.7	6.678930786	-0.021069214	1.726940175
Moana	tt3521164	2016	2362	1208	1989	4412	13286	43254	115443	136380	61029	53886	433249	7.6	7.712906435	0.112906435	1.463890214
Moana 2	tt13622970	2024	2074	1315	2134	4539	11220	23544	23795	25001	11054	16453	121129	6.3	7.076876718	0.776876718	1.964650544
Modern Times	tt0027977	1936	4543	1265	1392	2420	5083	10796	31996	73079	80115	72270	282959	8.5	8.352655332	-0.147344668	1.677871804
Mohabbatein	tt0213890	2000	1676	428	564	898	1913	4037	7213	6190	3922	10029	36870	7.1	7.518361812	0.418361812	2.341061341
Molly's Game	tt4209788	2017	1228	506	810	1957	5902	21343	67814	67573	21813	12325	201271	7.4	7.477058295	0.077058295	1.323069659
Mom and Dad	tt5462326	2017	1423	1046	1687	3205	5820	7426	5133	2082	608	1026	29456	5.6	5.546272406	-0.053727594	1.979515969
Mommy	tt3612616	2014	731	313	440	714	1506	3837	10500	19280	15828	11925	65074	8	8.07583674	0.07583674	1.626103026
Mona Lisa Smile	tt0304415	2003	1340	941	1683	3760	10055	22803	28003	16595	6279	6639	98098	6.6	6.749230361	0.149230361	1.721892262
Money Monster	tt2241351	2016	1383	807	1572	3749	11606	31723	38389	15317	3642	3223	111411	6.5	6.528475644	0.028475644	1.471155239
Money Talks	tt0119695	1997	632	499	936	1942	4916	8705	7433	3720	1441	2890	33114	6.2	6.422540315	0.222540315	1.90764488
Money Train	tt0113845	1995	826	859	1960	4352	10581	13964	7641	2539	806	1502	45030	5.7	5.742704863	0.042704863	1.673610537
Moneyball	tt1210166	2011	2168	1044	1760	3902	11671	42761	142791	185729	73353	36279	501458	7.6	7.674423381	0.074423381	1.289970466
Mongol: The Rise of Genghis Khan	tt0416044	2007	593	299	462	1007	2549	6904	15805	13564	5338	4605	51126	7.2	7.315514611	0.115514611	1.616839465
Monkey Man	tt9214772	2024	2052	877	1415	2698	6811	17869	30054	20199	7122	9268	98365	6.8	7.003100696	0.203100696	1.803472105
Monsoon Wedding	tt0265343	2001	464	190	321	512	1430	3242	7010	7849	3751	2947	27716	7.3	7.416221677	0.116221677	1.748528071
Monster	tt23736044	2023	536	183	250	430	1048	2923	7968	13062	7754	5523	39677	7.8	7.849333367	0.049333367	1.619172256
Monster	tt0340855	2003	1559	865	1372	2819	7812	22234	55896	47530	17673	13878	171638	7.3	7.343909857	0.043909857	1.52922418
Monster House	tt0385880	2006	1562	1220	2344	5334	14484	35640	48473	25073	8255	10797	153182	6.7	6.794466713	0.094466713	1.645201141
Monster Hunter	tt6475714	2020	3872	3408	5643	9208	16172	16287	9838	4211	1455	3995	74089	5.2	5.380420845	0.180420845	2.111687
Monster-in-Law	tt0369735	2005	2551	2103	3616	6631	13767	15780	10942	5706	2376	5014	68486	5.6	5.861197909	0.261197909	2.107959195
Monster's Ball	tt0285742	2001	1634	889	1376	2522	6429	15380	31198	23617	8869	5931	97845	7	7.036700904	0.036700904	1.689234687
Monsters	tt1470827	2010	3151	2228	3495	5720	11459	21898	26763	16300	5864	4517	101395	6.3	6.364633365	0.064633365	1.945432834
Monsters University	tt1453405	2013	1819	1217	2471	6264	18861	61133	139576	112267	39432	36352	419392	7.2	7.371149187	0.171149187	1.438459123
Monsters vs. Aliens	tt0892782	2009	1984	1742	3788	8604	22881	51232	54585	24552	7924	9545	186837	6.4	6.520774793	0.120774793	1.627722939
Monsters, Inc.	tt0198781	2001	4372	2166	3183	6263	17565	57415	198053	381023	219929	170050	1060019	8.1	8.103662293	0.003662293	1.355105691
Monte Carlo	tt1067774	2011	1796	1129	1876	4095	8555	11685	8686	4977	2386	6675	51860	5.8	6.320651755	0.520651755	2.22319845
Monty Python and the Holy Grail	tt0071853	1975	7665	3402	4659	7247	14726	32825	86877	158364	144362	138660	598787	8.2	8.164711325	-0.035288675	1.716356759
Monty Python's and Now for Something Completely Different	tt0066765	1971	271	162	251	507	1322	3381	8465	10184	4492	3474	32509	7.5	7.572272294	0.072272294	1.567023653
Monty Python's Life of Brian	tt0079470	1979	5026	2135	2774	4838	11278	27863	74528	128877	95979	79718	433016	8	8.023354795	0.023354795	1.645168035
Monty Python's the Meaning of Life	tt0085959	1983	986	677	1033	2137	5175	14015	34131	39550	18122	13410	129236	7.5	7.555688817	0.055688817	1.563002745
Moon	tt1182345	2009	2159	1081	1812	3543	9161	28245	84367	142197	77451	41722	391738	7.8	7.866553666	0.066553666	1.396393667
Moonfall	tt5834426	2022	6933	6661	9553	14113	20890	21826	14989	7256	2784	6069	111074	5.2	5.307173596	0.107173596	2.237499965
Moonlight	tt4975722	2016	11519	3691	5056	8094	17629	39891	81042	88421	53432	39867	348642	7.4	7.308803873	-0.091196127	2.003044912
Moonraker	tt0079574	1979	1326	1481	2950	6792	15974	33849	30694	13035	3885	5630	115616	6.3	6.345773941	0.045773941	1.665216096
Moonrise Kingdom	tt1748122	2012	3305	1789	2594	4693	10829	28843	79188	126798	74903	47400	380342	7.8	7.828393919	0.028393919	1.548167954
Moonstruck	tt0093565	1987	848	626	1016	1966	5035	11582	21052	17015	8484	10015	77639	7.2	7.311647497	0.111647497	1.777853696
Morbius	tt5108870	2022	12184	8988	13578	20422	32486	34004	20852	9237	4109	13594	169454	5.1	5.380911634	0.280911634	2.345372439
Morgan	tt4520364	2016	1096	879	1849	4035	9669	14996	10336	3945	1085	1518	49408	5.9	5.904286755	0.004286755	1.705017735
Morning Glory	tt1126618	2010	785	744	1444	3399	9272	23180	27063	12189	4142	4576	86794	6.5	6.632163514	0.132163514	1.588546697
Mortal Engines	tt1571234	2018	2849	2686	5138	10616	22806	40413	36605	17501	5607	7139	151360	6.1	6.215003964	0.115003964	1.799282222
Mortal Kombat	tt0293429	2021	5194	3944	7300	14208	30126	49979	44687	21769	7676	17157	202040	6.1	6.285552366	0.185552366	1.99546681
Mortal Kombat	tt0113855	1995	3372	3548	6224	11230	21950	30694	24190	12791	4803	11951	130753	5.8	6.136524592	0.336524592	2.090322161
Mortal Kombat: Annihilation	tt0119707	1997	10509	9027	9826	9787	7913	5142	3113	1527	735	3531	61110	3.6	3.985239732	0.385239732	2.450387079
Mortal World	tt7748244	2018	790	259	329	489	1172	2725	6705	9604	5676	6555	34304	7.6	7.779326026	0.179326026	1.889442727
Mortdecai	tt3045616	2015	3279	2871	4383	7723	14451	18882	13704	6422	2449	5356	79520	5.5	5.803747485	0.303747485	2.118151676
Mosul	tt9252468	2019	694	158	265	434	1256	3792	8361	6492	2660	8603	32715	7.1	7.733639004	0.633639004	1.937828459
Mother	tt1216496	2009	663	258	357	727	1750	5801	18819	29788	13869	7262	79294	7.7	7.770978889	0.070978889	1.415448013
Mother!	tt5109784	2017	20563	7721	9147	12662	21655	35947	53513	50686	28141	25520	265555	6.6	6.501850841	-0.098149159	2.487534041
Mother's Day	tt4824302	2016	1706	1348	1916	3508	7833	11424	7471	3347	1185	2156	41894	5.7	5.804864658	0.104864658	2.001072497
Motherless Brooklyn	tt0385887	2019	851	531	817	1784	4843	13437	22007	13300	4190	3962	65722	6.8	6.909649737	0.109649737	1.613182239
Moulin Rouge!	tt0203009	2001	7664	3865	4728	7122	13274	27094	55208	73049	50255	69637	311896	7.6	7.715754611	0.115754611	2.067708182
Mousehunt	tt0119715	1997	2356	767	1499	3089	7148	14896	16461	9341	3336	5316	64209	6.5	6.525533804	0.025533804	1.994175996
Movie 43	tt1333125	2013	21692	11158	11890	13345	15683	14334	11650	7601	3553	8411	119317	4.4	4.659201958	0.259201958	2.732695532
Mowgli: Legend of the Jungle	tt2388771	2018	965	701	1301	2901	7812	18163	20296	9613	3167	3907	68826	6.5	6.573983669	0.073983669	1.676979344
Moxie	tt6432466	2021	1232	463	602	1075	2452	5746	8268	5122	2097	3344	30401	6.7	6.781520345	0.081520345	2.091200692
Mr. & Mrs. Smith	tt0356910	2005	7927	5868	10751	24058	62130	144929	177165	88096	30062	34240	585226	6.5	6.640602092	0.140602092	1.681642926
Mr. Bean's Holiday	tt0453451	2007	2460	2096	3417	6636	15653	33661	37058	19645	7459	12911	140996	6.4	6.641926012	0.241926012	1.881693485
Mr. Brooks	tt0780571	2007	1433	893	1394	3061	7576	20231	47520	47495	19378	13640	162621	7.2	7.393344033	0.193344033	1.562275404
Mr. Church	tt4196848	2016	355	113	223	379	971	2632	7199	10133	5097	6160	33262	7.6	7.887168541	0.287168541	1.634700302
Mr. Deeds	tt0280590	2002	3726	3770	6555	13022	29690	45696	32925	14659	4803	7484	162330	5.8	5.984469907	0.184469907	1.838584566
Mr. Harrigan's Phone	tt12908110	2022	894	693	1358	2968	7146	12871	9981	4478	1336	1958	43683	6	6.146029348	0.146029348	1.757931387
Mr. Holland's Opus	tt0113862	1995	650	379	541	929	2310	5152	10948	10669	5865	6414	43857	7.4	7.481633491	0.081633491	1.824359971
Mr. Holmes	tt3168230	2015	663	405	727	1703	5287	14565	24365	13946	4536	3822	70019	6.8	6.933232408	0.133232408	1.525024585
Mr. Magorium's Wonder Emporium	tt0457419	2007	1139	793	1498	2968	6782	12379	11003	5939	2593	4006	49100	6.2	6.419653768	0.219653768	1.95075754
Mr. Mom	tt0085970	1983	390	272	487	1149	3337	7446	8759	4759	1705	2354	30658	6.6	6.739578577	0.139578577	1.717695467
Mr. Nice Guy	tt0117786	1997	433	343	642	1471	4251	9599	7841	3104	1007	1953	30644	6.2	6.398968803	0.198968803	1.693826144
Mr. Nobody	tt0485947	2009	3142	1776	2762	4396	9553	20610	45919	70351	50111	47318	255938	7.7	7.862876947	0.162876947	1.774807552
Mr. Peabody & Sherman	tt0864835	2014	1150	640	1213	2643	7053	16820	25776	14846	5308	7774	83223	6.7	6.939644089	0.239644089	1.737943989
Mr. Popper's Penguins	tt1396218	2011	1990	1728	3428	7564	18478	33919	24318	10130	3457	6753	111765	6	6.189764237	0.189764237	1.787136678
Mr. Right	tt2091935	2015	1155	1035	1668	3423	7572	14728	16185	9616	4062	5673	65117	6.3	6.628990893	0.328990893	1.911503415
Mr. Smith Goes to Washington	tt0031679	1939	2581	804	1038	1551	3448	7632	20904	37028	28349	25240	128575	8.1	7.984693759	-0.115306241	1.802897247
Mr. Turner	tt2473794	2014	557	406	665	1142	2499	5354	8009	5797	2497	1542	28468	6.8	6.775432064	-0.024567936	1.823887441
Mr. Woodcock	tt0419984	2007	1499	1562	2830	5325	9960	8877	4396	1522	496	1395	37862	5.2	5.25162432	0.05162432	1.890115268
Mrs. Doubtfire	tt0107614	1993	2040	1753	3347	7017	19249	51486	98630	68937	27531	31915	311905	7.1	7.238264856	0.138264856	1.612541728
Mrs. Harris Goes to Paris	tt5151570	2022	357	206	354	655	1802	5060	11587	8840	3594	3847	36302	7.1	7.340256735	0.240256735	1.621672427
Much Ado About Nothing	tt0107616	1993	804	415	612	1136	2698	6489	13979	14117	7403	7411	55064	7.3	7.481548743	0.181548743	1.779049069
Mud	tt1935179	2012	1116	663	1161	2610	7484	24611	65611	62881	20799	11247	198183	7.4	7.384271103	-0.015728897	1.368952958
Mudbound	tt2396589	2017	812	240	318	626	1876	6130	17565	18998	6598	3852	57015	7.4	7.432272209	0.032272209	1.504149492
Mufasa: The Lion King	tt13186482	2024	2782	1194	1760	2910	6838	15797	21730	12670	4905	9274	79860	6.6	6.779576759	0.179576759	2.061480347
Mulan	tt0120762	1998	1764	821	1467	3250	9927	31150	86422	104363	49821	52610	341595	7.7	7.821218109	0.121218109	1.486067084
Mulan	tt4566758	2020	22288	6451	8155	12219	21659	31103	27131	15759	6985	15088	166838	5.8	5.593318069	-0.206681931	2.649524743
Mulholland Drive	tt0166924	2001	10274	4654	5869	8189	14981	29465	63047	107362	83559	93989	421389	7.9	7.863959429	-0.036040571	2.018084005
Multiplicity	tt0117108	1996	541	548	1113	2554	5956	10041	8226	4293	1507	2106	36885	6.2	6.283502779	0.083502779	1.789957491
Munich	tt0408306	2005	3500	1131	1782	3262	8394	23723	66522	83215	35927	23897	251353	7.5	7.56764789	0.06764789	1.583738458
Munich: The Edge of War	tt7475578	2021	415	207	293	633	2150	7738	15297	8228	2265	1758	38984	6.8	6.984557767	0.184557767	1.431993089
Munjya	tt27995594	2024	881	305	393	654	1575	3132	3850	2822	4785	9990	28387	6.3	7.906576954	1.606576954	2.294834753
Munna Bhai M.B.B.S.	tt0374887	2003	3028	757	623	862	1670	3606	10231	23662	24628	27773	96840	8.2	8.262494837	0.062494837	1.964490743
Muppet Treasure Island	tt0117110	1996	257	160	328	712	2092	5330	8609	5171	2333	3845	28837	6.9	7.210424108	0.310424108	1.731341353
Muppets Most Wanted	tt2281587	2014	737	424	763	1660	4434	10505	11049	5091	1666	2621	38950	6.4	6.546572529	0.146572529	1.754218058
Murder at 1600	tt0119731	1997	405	312	701	1841	5558	11774	8509	3192	890	1245	34427	6.1	6.230255323	0.130255323	1.540802043
Murder by Death	tt0074937	1976	366	264	517	1004	2349	5724	12111	11580	5373	5760	45048	7.2	7.457023619	0.257023619	1.683736283
Murder by Numbers	tt0264935	2002	854	731	1496	3578	9970	21301	16671	6794	1925	2585	65905	6.2	6.266535164	0.066535164	1.599657625
Murder in the First	tt0113870	1995	263	153	223	489	1398	4204	10411	8908	3623	2948	32620	7.3	7.407602698	0.107602698	1.522091877
Murder Mubarak	tt27028399	2024	865	358	406	627	1227	1899	6429	15390	15373	8838	51412	5.8	8.124484556	2.324484556	1.710684597
Murder Mystery	tt1618434	2019	2969	2884	5281	11339	27850	57088	46420	19103	5884	8259	187077	6.1	6.227510597	0.127510597	1.69795974
Murder Mystery 2	tt15255288	2023	1610	1485	2923	6846	17709	25655	14727	5574	1845	3562	81936	5.7	5.896236087	0.196236087	1.729733794
Murder on the Orient Express	tt0071877	1974	411	276	469	1194	3519	10051	24774	19796	7099	6205	73794	7.2	7.355259235	0.155259235	1.466941896
Murder on the Orient Express	tt3402236	2017	3221	2616	4921	11327	31933	80607	101972	49536	15498	16644	318275	6.5	6.685554945	0.185554945	1.585646534
Muriel's Wedding	tt0110598	1994	649	371	613	1014	2387	5710	11558	10744	5557	6140	44743	7.3	7.414612342	0.114612342	1.814884929
Music and Lyrics	tt0758766	2007	1224	1081	2196	4523	11548	25850	31993	17374	6836	8247	110872	6.5	6.74510246	0.24510246	1.727092354
Must Love Dogs	tt0417001	2005	783	670	1202	2456	6056	9750	6851	3279	1204	1844	34095	5.9	6.094676639	0.194676639	1.852437349
Mustang	tt3966404	2015	918	358	455	671	1447	3601	9917	14297	6648	4324	42636	7.6	7.538019514	-0.061980486	1.760687483
Mutant Chronicles	tt0490181	2008	1646	1537	2279	3428	5091	5409	3890	2012	755	1619	27666	5.2	5.403347069	0.203347069	2.248312419
Mute	tt1464763	2018	1354	1567	2655	4404	7619	9108	6876	3176	1100	1525	39384	5.5	5.624162096	0.124162096	1.992602724
Mutiny on the Bounty	tt0026752	1935	294	107	153	302	844	2325	6510	9066	3596	3180	26377	7.6	7.68119953	0.08119953	1.557173062
My Best Friend's Girl	tt1046163	2008	1751	1199	1964	3741	8085	12386	9351	4553	1853	2994	47877	5.8	6.020510892	0.220510892	2.022349116
My Best Friend's Wedding	tt0119738	1997	2410	2062	3680	8258	20800	43571	42220	22338	8953	10578	164870	6.4	6.530193486	0.130193486	1.767817684
My Big Fat Greek Wedding	tt0259446	2002	2745	1871	2970	6020	14185	31132	40885	25561	11029	13979	150377	6.6	6.829023055	0.229023055	1.870727406
My Big Fat Greek Wedding 2	tt3760922	2016	1032	732	1310	2505	5574	10145	7680	3975	1576	2950	37479	6	6.25496945	0.25496945	1.983330876
My Bloody Valentine	tt0082782	1981	509	401	798	1638	3757	6962	6237	3566	1271	2342	27481	6.3	6.472108002	0.172108002	1.906845009
My Bloody Valentine	tt1179891	2009	2697	2505	4156	6997	12888	14271	9600	4714	2004	4572	64404	5.4	5.696804546	0.296804546	2.15651026
My Blueberry Nights	tt0765120	2007	868	721	1235	2379	5776	12522	16736	10264	4091	3799	58391	6.6	6.741038859	0.141038859	1.770209071
My Boss's Daughter	tt0270980	2003	2522	2219	3365	5358	7150	5147	2826	1234	473	1220	31514	4.7	4.798819572	0.098819572	2.133863939
My Cousin Vinny	tt0104952	1992	548	338	588	1488	4432	14562	40570	49501	23021	20537	155585	7.6	7.783713083	0.183713083	1.42091663
My Darling Clementine	tt0038762	1946	772	120	177	416	1027	2563	6196	8113	4566	4095	28045	7.7	7.632019968	-0.067980032	1.850846507
My Dinner with Andre	tt0082783	1981	522	398	378	639	1257	2506	5416	7929	5468	5294	29807	7.7	7.710437146	0.010437146	1.925243327
My Fair Lady	tt0058385	1964	1104	581	790	1558	3765	9206	21328	30644	18152	19722	106850	7.7	7.861160505	0.161160505	1.694247435
My Father and My Son	tt0476735	2005	2855	834	719	1398	2387	4378	10807	20213	20762	35368	99721	8.2	8.306836073	0.106836073	2.03486811
My Friend Dahmer	tt2291540	2017	644	402	677	1494	3503	7338	6726	2738	681	1163	25366	6.2	6.218678546	0.018678546	1.768217003
My Girl	tt0102492	1991	826	598	1100	2447	6881	18310	29299	18113	7547	11153	96274	6.9	7.154839313	0.254839313	1.694748958
My Left Foot	tt0097937	1989	665	237	386	670	1747	5464	18325	31468	15398	10019	84379	7.8	7.884509179	0.084509179	1.42666017
My Life as a Zucchini	tt2321405	2016	290	100	144	252	647	2445	7427	11761	5802	3532	32400	7.8	7.822530864	0.022530864	1.44213097
My Life Without Me	tt0314412	2003	374	168	261	454	1160	2814	5994	7462	4161	3652	26500	7.4	7.608150943	0.208150943	1.743517148
My Man Godfrey	tt0028010	1936	350	130	183	313	733	1959	4964	8612	5310	5718	28272	7.9	8.009479344	0.109479344	1.67152927
My Name Is Bruce	tt0489235	2007	835	580	898	1572	3053	5548	5612	2986	1172	3760	26016	6.1	6.567112546	0.467112546	2.213605836
My Name Is Khan	tt1188996	2010	5498	929	958	1458	3088	6170	13520	24022	19855	46831	122329	7.9	8.193829754	0.293829754	2.248934493
My Name Is Nobody	tt0070215	1973	230	212	333	579	1661	3778	8576	8704	3657	4041	31771	7.3	7.488873501	0.188873501	1.651477689
My Neighbor Totoro	tt0096283	1988	3826	1250	1646	3212	8187	23347	70630	128400	93736	89611	423845	8.1	8.178633699	0.078633699	1.537073819
My Octopus Teacher	tt12888462	2020	375	199	272	552	1285	3926	11493	21243	15971	14741	70057	8.1	8.212198638	0.112198638	1.471598651
My Old Ass	tt18559464	2024	1141	465	616	1175	3709	7451	13323	9794	3833	4446	45953	6.9	7.01673449	0.11673449	1.869165313
My Own Private Idaho	tt0102494	1991	1306	796	1247	2251	4452	9547	17233	14237	7092	8079	66240	6.9	7.160778986	0.260778986	1.935280789
My Oxford Year	tt4978342	2025	1018	792	1162	2038	3971	6212	5199	2890	1164	2023	26469	5.9	6.104726284	0.204726284	2.129405964
My Policeman	tt13139228	2022	1117	338	470	903	2249	4630	6010	4205	1948	3492	25362	6.6	6.860736535	0.260736535	2.183095322
My Sassy Girl	tt0293715	2001	922	300	342	669	1385	3237	7857	13410	10881	13558	52561	7.9	8.130724301	0.230724301	1.812757058
My Sister's Keeper	tt1078588	2009	1179	627	966	1936	4775	12237	27517	27354	12882	12735	102208	7.3	7.485823028	0.185823028	1.689409509
My Spy	tt8242084	2020	702	432	833	1841	5060	10905	11220	5024	1954	2949	40920	6.4	6.548558162	0.148558162	1.76972646
My Stepmother Is an Alien	tt0095687	1988	817	965	1896	3848	7252	6946	3951	1613	567	1146	29001	5.4	5.478673149	0.078673149	1.87113334
My Super Ex-Girlfriend	tt0465624	2006	2725	2963	5295	9998	17504	15940	8416	3177	950	2157	69125	5.2	5.238857143	0.038857143	1.881966466
My Uncle	tt0050706	1958	280	230	320	532	1316	2480	5238	7311	4220	3888	25815	7.6	7.642920782	0.042920782	1.782233321
My Week with Marilyn	tt1655420	2011	884	490	869	1986	5890	17694	32606	19314	6295	5215	91243	6.9	7.009721294	0.109721294	1.511760873
Mysterious Skin	tt0370986	2004	1225	578	730	1187	2729	6955	17969	25310	14114	12818	83615	7.6	7.751755068	0.151755068	1.724494745
Mystery Men	tt0132347	1999	1979	1648	2876	5137	9979	16778	16497	9833	3851	4878	73456	6.1	6.297593117	0.197593117	2.001580665
Mystery Train	tt0097940	1989	283	150	257	457	1143	3191	8882	10714	4631	3013	32721	7.5	7.571223373	0.071223373	1.520080183
Mystery, Alaska	tt0134618	1999	373	227	437	919	2612	6496	9198	5278	1932	1988	29460	6.7	6.847522064	0.147522064	1.663532387
Mystic Pizza	tt0095690	1988	515	359	717	1684	4594	10322	9790	4817	1563	2307	36668	6.4	6.524080943	0.124080943	1.703206358
Mystic River	tt0327056	2003	4425	1784	2587	4623	11126	32493	102930	194690	105685	56360	516703	7.9	7.891630201	-0.008369799	1.444261927
Nacho Libre	tt0457510	2006	3809	2961	4654	8146	14953	20470	18194	11723	5305	10649	100864	5.9	6.238489451	0.338489451	2.247538107
Naked	tt0107653	1993	892	481	657	1050	2066	4060	8484	12987	9244	8215	48136	7.7	7.714496427	0.014496427	1.910794018
Naked Gun 33 1/3: The Final Insult	tt0110622	1994	1291	1208	2354	5153	13896	33370	36409	17384	6286	9025	126376	6.5	6.661391403	0.161391403	1.68529865
Naked Lunch	tt0102511	1991	1312	852	1243	2188	4207	8981	15391	13393	6594	6133	60294	6.9	7.064965005	0.164965005	1.947312117
Nanny McPhee	tt0396752	2005	1166	845	1492	3417	9003	21026	26533	14003	5451	7800	90736	6.6	6.799781785	0.199781785	1.747661012
Nanny McPhee Returns	tt1415283	2010	962	597	1049	2346	5887	11103	8582	4200	1569	3184	39479	6.1	6.34197928	0.24197928	1.910823702
Napoleon	tt13287846	2023	5103	3140	5130	9899	23140	50224	51501	22011	5745	6617	182510	6.3	6.234633719	-0.065366281	1.773112711
Napoleon Dynamite	tt0374900	2004	10304	4600	5771	8478	15342	31577	58704	52621	27969	37630	252996	7	7.102159718	0.102159718	2.221061817
Narc	tt0272207	2002	421	268	380	843	2317	6837	14788	11758	4306	3055	44973	7.1	7.225668735	0.125668735	1.533917057
Nashville	tt0073440	1975	672	384	558	868	1669	2998	5374	6963	4722	6852	31060	7.6	7.638731487	0.038731487	2.085252809
National Lampoon's Animal House	tt0077975	1978	1479	1089	1596	2961	6835	14963	30133	34940	19241	22004	135241	7.4	7.600520552	0.200520552	1.795780579
National Lampoon's Christmas Vacation	tt0097958	1989	2107	1601	2601	4960	11277	25238	50982	60240	35195	51662	245863	7.5	7.780487507	0.280487507	1.79104547
National Lampoon's European Vacation	tt0089670	1985	985	1171	2467	5114	11395	21034	17680	8407	2840	4463	75556	6.2	6.294258563	0.094258563	1.779108572
National Lampoon's Vacation	tt0085995	1983	843	615	1045	2212	6036	16179	36676	33675	14283	15740	127304	7.3	7.489073399	0.189073399	1.597039557
National Security	tt0271668	2003	1734	1491	2861	5510	11832	15190	9688	4268	1434	3243	57251	5.6	5.815356937	0.215356937	1.944330637
National Treasure	tt0368891	2004	3262	2576	4920	10806	26836	69472	126435	74803	26938	27628	373676	6.9	7.010353889	0.110353889	1.607659579
National Treasure: Book of Secrets	tt0465234	2007	3309	2469	4721	10703	27359	65557	82289	38504	13138	17239	265288	6.5	6.672167607	0.172167607	1.676242437
Natural Born Killers	tt0110632	1994	6869	3573	4721	7683	14378	31333	66364	66014	33663	30874	265472	7.2	7.244323318	0.044323318	1.972441746
Nausicaä of the Valley of the Wind	tt0087544	1984	2594	843	1011	1665	4142	11121	33234	60458	43050	36904	195022	8	8.071914963	0.071914963	1.623492662
Navalny	tt17041964	2022	4133	1554	923	579	648	1505	4713	22154	3557	8087	47853	7.8	7.266043926	-0.533956074	2.575824933
Nayakan	tt0093603	1987	1132	114	90	140	246	421	1161	3403	5936	14906	27549	8.6	8.848996334	0.248996334	2.041601459
Near Dark	tt0093605	1987	655	452	755	1553	3784	8627	14572	10526	4088	4051	49063	6.9	7.016122129	0.116122129	1.736975956
Nebraska	tt1821549	2013	891	478	688	1323	3481	10167	30990	46945	22087	10842	127892	7.7	7.719818284	0.019818284	1.419333112
Ned Kelly	tt0277941	2003	448	257	469	1148	3193	7766	8771	3775	1213	2034	29074	6.4	6.616770998	0.216770998	1.695635111
Need for Speed	tt2369135	2014	3708	2885	4973	9428	19250	37700	46671	28450	12030	20497	185592	6.4	6.746497694	0.346497694	1.988497108
Needful Things	tt0107665	1993	427	336	735	1683	4123	8776	7645	3604	1088	1538	29955	6.3	6.3704223	0.0704223	1.693159438
Neerja	tt5286444	2016	912	168	184	349	749	1992	5163	6713	4060	4767	25057	7.6	7.700363172	0.100363172	2.014379251
Nefarious	tt14537248	2023	1919	772	952	1423	2807	5772	7156	5760	3388	8003	37952	6.4	7.045004216	0.645004216	2.433187386
Neighbors	tt2004420	2014	6877	4824	8219	16907	42064	93343	97226	44144	13841	15808	343253	6.3	6.396363615	0.096363615	1.73237754
Neighbors 2: Sorority Rising	tt4438848	2016	4081	3061	5584	12042	30001	41854	24425	8539	2476	4217	136280	5.7	5.723459055	0.023459055	1.74997183
Nell	tt0110638	1994	636	416	676	1465	3438	7538	8597	4992	2136	2382	32276	6.5	6.659220473	0.159220473	1.844562138
Neon Genesis Evangelion: The End of Evangelion	tt0169858	1997	1616	770	691	1083	1897	3743	8285	16648	15903	24036	74672	8.1	8.251687379	0.151687379	1.967833995
Nerve	tt3531824	2016	1747	1637	3081	6243	15299	34650	42889	21959	8152	10814	146471	6.5	6.697803661	0.197803661	1.740412557
Network	tt0074958	1976	2647	825	1182	2068	5135	12370	32383	54631	38511	34143	183895	8.1	7.981554692	-0.118445308	1.689870933
Never Back Down	tt1023111	2008	2970	1522	2309	4410	9670	21053	28877	17745	7569	14537	110662	6.5	6.89341418	0.39341418	2.036468686
Never Been Kissed	tt0151738	1999	2033	2001	3467	7246	15826	25886	20935	11892	4959	7988	102233	6	6.319466317	0.319466317	1.951567072
Never Let Me Go	tt1334260	2010	2186	1351	2183	4143	9894	24100	44927	38528	17615	14135	159062	7.1	7.196420264	0.096420264	1.734309288
Never Look Away	tt5311542	2018	332	147	189	311	775	2087	5928	9216	5036	3771	27792	7.7	7.811312608	0.111312608	1.605585176
Never Rarely Sometimes Always	tt7772582	2020	632	245	288	543	1392	3624	8374	8867	3724	1773	29462	7.4	7.252121377	-0.147878623	1.702682912
Never Say Never Again	tt0086006	1983	1263	983	2017	4604	11378	24210	19983	7264	1935	3124	76761	6.1	6.207501205	0.107501205	1.647644745
New in Town	tt1095174	2009	756	758	1190	2354	5401	7052	4531	2120	808	1310	26280	5.7	5.8456621	0.1456621	1.922941913
New Jack City	tt0102526	1991	639	368	674	1453	3886	9132	12297	7083	2523	3662	41717	6.7	6.843756742	0.143756742	1.764326767
New Nightmare	tt0111686	1994	1361	1019	1733	3489	7900	15911	17767	10050	4038	5804	69072	6.4	6.611521311	0.211521311	1.899156445
New Police Story	tt0386005	2004	379	195	365	760	1928	4987	10381	6098	2257	3291	30641	6.9	7.151855357	0.251855357	1.694103746
New World	tt2625030	2013	367	105	135	269	842	2488	7353	9371	4314	3254	28498	7.5	7.684784897	0.184784897	1.554062792
New Year's Eve	tt1598822	2011	3828	3018	4504	8232	16823	21552	15663	8486	3596	6834	92536	5.6	5.921630501	0.321630501	2.143149756
New York Minute	tt0363282	2004	2365	1452	2092	3210	4622	4141	2855	1612	780	3057	26186	5	5.453753914	0.453753914	2.593071776
New York, I Love You	tt0808399	2008	1455	1071	1565	3177	6678	11721	12007	6299	2462	3422	49857	6.2	6.328800369	0.128800369	1.981263404
News of the World	tt6878306	2020	900	466	789	1894	6360	21525	38518	19560	5661	4745	100418	6.8	6.943277102	0.143277102	1.429749913
Next	tt0435705	2007	3020	2916	5160	10696	23232	46618	45529	20893	7093	8468	173625	6.2	6.320218862	0.120218862	1.772094078
Next Friday	tt0195945	2000	995	803	1347	2937	6666	12326	10074	5181	2196	4510	47035	6.2	6.431508451	0.231508451	1.968325663
Next Goal Wins	tt10767052	2023	518	270	480	1142	3120	7923	9765	4389	1340	1711	30658	6.5	6.616250245	0.116250245	1.659152426
Nick and Norah's Infinite Playlist	tt0981227	2008	1570	1072	1768	3731	8875	20839	28924	16461	6686	7150	97076	6.6	6.79036013	0.19036013	1.772001954
Nick of Time	tt0113972	1995	569	494	962	2286	6195	13773	13404	5205	1480	2655	47023	6.3	6.433830253	0.133830253	1.645369412
Night at the Museum	tt0477347	2006	3372	3210	6480	15464	43545	110336	128693	55939	16737	20210	403986	6.5	6.613904937	0.113904937	1.552389725
Night at the Museum: Battle of the Smithsonian	tt1078912	2009	2766	2846	5977	14657	39468	73300	49735	20334	6573	10455	226111	6	6.176970603	0.176970603	1.651898019
Night at the Museum: Secret of the Tomb	tt2692250	2014	1515	1274	2892	7169	20545	47335	38058	15198	5070	8307	147363	6.2	6.411650143	0.211650143	1.61830606
Night Hunter	tt6533240	2018	605	564	1086	2199	4859	8936	7284	3142	977	1570	31222	6	6.159599001	0.159599001	1.794579511
Night of the Comet	tt0087799	1984	469	412	673	1477	3161	6173	6550	3744	1420	2503	26582	6.3	6.608795425	0.308795425	1.919575398
Night of the Creeps	tt0091630	1986	388	259	461	1027	2468	5699	8167	5023	1980	2953	28425	6.7	6.952823219	0.252823219	1.799960674
Night of the Living Dead	tt0063350	1968	1545	720	1139	2120	5040	12613	30120	45087	24229	26817	149430	7.8	7.853356086	0.053356086	1.67298886
Night of the Living Dead	tt0100258	1990	786	448	775	1496	3830	8997	14718	8877	3726	5003	48656	6.8	7.002815686	0.202815686	1.804803045
Night on Earth	tt0102536	1991	629	348	450	876	2240	5842	15527	23358	12267	8805	70342	7.7	7.768289216	0.068289216	1.560904161
Night School	tt6781982	2018	1699	1249	2176	4463	10018	13855	8321	3327	1172	2526	48806	5.6	5.787567102	0.187567102	1.922073163
Night Swim	tt9682428	2024	1557	1904	3325	5964	7957	5670	2477	901	252	888	30895	4.7	4.812947079	0.112947079	1.888231426
Night Watch	tt0403358	2004	2048	1179	1860	2907	5706	10686	13566	9477	4338	4970	56737	6.4	6.58794085	0.18794085	2.118200067
Nightbreed	tt0100260	1990	507	446	775	1513	3142	5911	7045	4358	1994	2946	28637	6.5	6.723364878	0.223364878	1.964861888
Nightcrawler	tt2872718	2014	2447	1268	2088	4354	12147	42529	151914	256671	125063	59291	657772	7.8	7.87478792	0.07478792	1.275830477
Nightmare Alley	tt7740496	2021	1839	1270	2081	4221	11110	30948	62725	43906	13868	8621	180589	7	7.033036342	0.033036342	1.527570373
Nights in Rodanthe	tt0956038	2008	844	586	1026	1846	4123	7005	5541	3030	1258	2044	27303	6	6.223198916	0.223198916	2.021275616
Nights of Cabiria	tt0050783	1957	1604	515	558	752	1573	2993	8097	16391	11148	12967	56598	8.1	7.967560691	-0.132439309	1.972926826
Nim's Island	tt0410377	2008	843	694	1198	2687	6221	11150	8017	3612	1303	2345	38070	6	6.166798004	0.166798004	1.852069621
Nimona	tt19500164	2023	2115	464	515	806	1862	5087	13403	17417	9402	9611	60682	7.5	7.60569856	0.10569856	1.968048484
Nine	tt0875034	2009	2123	1402	2205	4089	7837	10384	8405	4639	2204	3094	46382	5.8	5.952955888	0.152955888	2.156744279
Nine Lives	tt4383594	2016	1943	1157	1447	2301	4577	5755	3757	1763	723	2140	25563	5.3	5.614638344	0.314638344	2.354030601
Nine Months	tt0113986	1995	1127	1146	2230	4438	9341	10348	6276	2644	876	1566	39992	5.5	5.633176635	0.133176635	1.858196554
Nine Queens	tt0247586	2000	362	189	248	403	1057	3390	12450	22554	12762	8457	61872	7.9	8.012202612	0.112202612	1.388562221
Ninja Assassin	tt1186367	2009	1598	1232	2366	4449	9132	17620	19619	11260	4698	7208	79182	6.3	6.593809199	0.293809199	1.953710559
Ninja Scroll	tt0107692	1993	520	248	288	506	1097	3147	8511	13704	8090	7889	44000	7.8	7.935909091	0.135909091	1.652436178
Nixon	tt0113987	1995	759	318	411	756	2166	5339	10995	7354	3307	2966	34371	7	7.091326991	0.091326991	1.78610618
No	tt2059255	2012	313	123	156	336	846	2933	8512	8991	3091	1717	27018	7.4	7.428381079	0.028381079	1.465572863
No Country for Old Men	tt0477348	2007	14020	5856	7840	12454	26788	64593	176839	347420	300230	212386	1168426	8.2	8.099553587	-0.100446413	1.630831605
No Escape	tt1781922	2015	1271	838	1422	2987	7380	19313	32033	18597	6791	7248	97880	6.8	6.932417246	0.132417246	1.678376252
No Exit	tt7550014	2022	696	496	926	1941	5635	11774	9773	4032	1288	1611	38172	6.2	6.27208425	0.07208425	1.678270536
No Hard Feelings	tt15671028	2023	3576	2357	4271	9502	25804	61125	62324	24884	7070	9691	210604	6.3	6.413748077	0.113748077	1.650704272
No Man's Land	tt0283509	2001	670	206	239	430	1030	3011	9149	17147	9531	8836	50249	7.9	8.00200999	0.10200999	1.598780065
No One Lives	tt1763264	2012	737	574	1113	1959	4019	6808	5517	2877	1081	1957	26642	6	6.190864049	0.190864049	2.000116887
No One Will Save You	tt14509110	2023	2417	1630	2537	4422	9385	17986	19369	10875	3842	5400	77863	6.2	6.382723502	0.182723502	1.991650006
No Other Land	tt30953759	2024	1245	122	89	113	291	745	1800	19065	3113	6601	33184	8.2	8.054484089	-0.145515911	1.789375644
No Reservations	tt0481141	2007	1006	870	1570	3754	10326	23106	23194	10776	3735	4688	83025	6.3	6.525733213	0.225733213	1.666280163
No Strings Attached	tt1411238	2011	3991	3327	6123	13652	35037	72722	64850	29700	10482	13853	253737	6.2	6.382817642	0.182817642	1.730915021
No Sudden Move	tt11525644	2021	637	403	781	1734	4888	12698	14702	5944	1365	1234	44386	6.4	6.453408732	0.053408732	1.520452353
No Time to Die	tt2382320	2021	7677	3540	5194	8613	21223	58179	137059	135563	56938	45298	479284	7.3	7.36373215	0.06373215	1.694482413
No Way Out	tt0093640	1987	470	262	429	1088	2973	8508	19273	13478	4556	3212	54249	7.1	7.159671146	0.059671146	1.485768702
Noah	tt1959490	2014	18684	9256	13697	23952	46347	64707	51210	25066	8946	12934	274799	5.8	5.687517058	-0.112482942	2.168932164
Nobody	tt7888964	2021	2560	1535	2541	4854	13817	44730	114985	115151	44681	39090	383944	7.4	7.525227637	0.125227637	1.491966792
Nobody 2	tt28996126	2025	932	714	1364	3083	8973	21279	19825	7613	2280	3629	69692	6.3	6.425586868	0.125586868	1.627273493
Nobody Knows	tt0408664	2004	394	143	195	381	745	1893	5558	11291	8148	6067	34815	8	8.074335775	0.074335775	1.585208556
Nocturnal Animals	tt4550098	2016	3852	2081	3159	5695	13477	36235	90343	108119	47408	25086	335455	7.4	7.452418357	0.052418357	1.580070666
Noelle	tt5097410	2019	669	431	714	1515	3696	7925	7956	4207	1635	2348	31096	6.3	6.53801132	0.23801132	1.862529619
Nomadland	tt9770150	2020	3182	1814	2552	4543	10707	25487	71101	55773	25857	13881	214897	7.3	7.233739885	-0.066260115	1.646147108
Non-Stop	tt2024469	2014	1664	1112	2249	5552	17396	54187	104803	60070	19905	19051	285989	6.9	7.093912703	0.193912703	1.455732727
Nonnas	tt28309594	2025	496	312	480	1057	3016	8628	14501	8223	3025	4115	43853	6.8	7.053154858	0.253154858	1.659563953
Nope	tt10954984	2022	9926	5536	7565	12469	25614	54850	85882	64660	25149	19161	310812	6.8	6.715133264	-0.084866736	1.963914708
Norbit	tt0477051	2007	12671	8412	9889	11527	12747	10436	7668	4390	2050	6947	86737	4.3	4.707760241	0.407760241	2.650236549
North by Northwest	tt0053125	1959	3637	1329	1750	3198	7421	18347	56193	109117	91078	75048	367118	8.3	8.19353178	-0.10646822	1.561264393
North Country	tt0395972	2005	715	271	299	660	1796	5955	16057	12807	4614	3930	47104	7.3	7.32814623	0.02814623	1.58235582
Nosferatu	tt5040012	2024	5170	3157	4775	7886	16843	36634	66357	64874	28917	20786	255399	7.1	7.098602579	-0.001397421	1.857875778
Nosferatu the Vampyre	tt0079641	1979	577	400	612	1017	2532	5663	12196	13703	6433	5577	48710	7.4	7.443687128	0.043687128	1.728610206
Nosferatu: A Symphony of Horror	tt0013442	1922	2478	820	1183	1822	4292	9771	22879	35807	20171	23024	122247	7.8	7.799201616	-0.000798384	1.848254947
Nostalghia	tt0086022	1983	493	346	395	600	1130	2264	4892	8436	6639	7501	32696	7.9	7.9672437	0.0672437	1.890195063
Not Another Teen Movie	tt0277371	2001	4481	4152	6717	10998	20156	27962	22149	12708	5416	9904	124643	5.8	6.016952416	0.216952416	2.163120512
Notes on a Scandal	tt0465551	2006	670	354	546	1144	3364	10319	27378	27125	10532	7206	88638	7.4	7.466549335	0.066549335	1.466367728
Nothing But the Truth	tt1073241	2008	507	229	325	687	1961	6187	14312	10647	3757	2772	41384	7.1	7.213125846	0.113125846	1.539923952
Nothing But Trouble	tt0102558	1991	3185	1755	2246	3093	4673	4733	3925	2337	1039	2844	29830	5.2	5.415018438	0.215018438	2.607982237
Nothing to Lose	tt0119807	1997	550	423	823	1724	4554	11207	15908	8775	3553	4378	51895	6.7	6.900202332	0.200202332	1.702155111
Notorious	tt0038787	1946	1718	488	696	1229	3369	8124	22082	34747	21408	19145	113006	7.9	7.893023379	-0.006976621	1.683847215
Notorious	tt0472198	2009	1434	431	647	1401	3868	10027	14812	8033	2686	4368	47707	6.7	6.815456851	0.115456851	1.872801228
Notting Hill	tt0125439	1999	3085	2300	3840	7859	20347	54889	113891	91597	42425	38249	378482	7.2	7.334663207	0.134663207	1.625593218
Novocaine	tt29603959	2025	1002	661	1253	2809	8398	23128	27284	10980	2855	3716	82086	6.5	6.575542723	0.075542723	1.54406183
Now and Then	tt0114011	1995	585	322	555	1179	3060	6171	7638	5552	2930	6602	34594	6.8	7.232699312	0.432699312	2.024827617
Now Is Good	tt1937264	2012	465	261	428	893	2167	5317	9269	7120	3896	5762	35578	7	7.395216145	0.395216145	1.845265586
Now You See Me	tt1670345	2013	6313	4766	8299	16248	38612	97389	217507	204379	90492	78742	762747	7.2	7.397678391	0.197678391	1.632061457
Now You See Me 2	tt3110958	2016	4107	3588	6649	15106	37653	89439	105850	51144	19309	22791	355636	6.4	6.659466421	0.259466421	1.687060966
Now You See Me: Now You Don't	tt4712810	2025	1325	1014	1604	3116	7045	12380	10082	4266	1506	2348	44686	6	6.084008414	0.084008414	1.899609993
Nowhere	tt15789472	2023	1284	734	1176	2290	5332	11461	12397	6373	2471	4307	47825	6.3	6.564307371	0.264307371	1.954710924
Nowhere Boy	tt1266029	2009	427	177	263	664	1996	6298	14426	9961	3436	3027	40675	7.1	7.224535956	0.124535956	1.513411493
Nowhere to Run	tt0107711	1993	570	580	1203	2642	6074	7734	4577	1850	714	1790	27734	5.7	5.90776664	0.20776664	1.877951932
Nuremberg	tt29567915	2025	674	196	250	493	1298	3787	9966	17661	5170	3592	43087	7.4	7.577691647	0.177691647	1.545167625
Nurse Betty	tt0171580	2000	899	818	1122	2147	4927	8881	9461	5534	1846	1373	37008	6.3	6.302772374	0.002772374	1.844924442
Nutty Professor II: The Klumps	tt0144528	2000	3987	4359	6830	11136	11691	7917	4439	2084	757	2107	55307	4.5	4.688809735	0.188809735	2.106188626
Nyad	tt5302918	2023	488	218	314	645	2009	6827	16466	10879	3441	2952	44239	7.1	7.193562241	0.093562241	1.490384863
Nymphomaniac: Vol. I	tt1937390	2013	4478	2010	2790	4779	9902	20676	37212	30780	14034	10938	137599	6.9	6.918364232	0.018364232	1.988049124
Nymphomaniac: Vol. II	tt2382009	2013	3602	1686	2530	4559	9387	18827	27373	18981	8577	7230	102752	6.6	6.672853083	0.072853083	2.014704816
O Brother, Where Art Thou?	tt0190590	2000	2738	1622	2514	4555	10705	29303	76273	112968	61711	46122	348511	7.7	7.79132079	0.09132079	1.560921648
Oblivion	tt1483013	2013	4764	3443	6369	13569	37148	100727	195871	134184	48515	37122	581712	7	7.095536967	0.095536967	1.544664402
Observe and Report	tt1197628	2009	2816	2121	3341	6243	11588	15282	12131	6846	2769	3963	67100	5.8	5.900461997	0.100461997	2.107924969
Obsessed	tt1198138	2009	3380	1785	2743	4305	7058	6756	4106	2135	830	2682	35780	5.1	5.263750699	0.163750699	2.397500402
Obvious Child	tt2910274	2014	781	341	504	909	2134	5111	8274	5370	1931	1599	26954	6.7	6.759442012	0.059442012	1.852120391
Ocean's Eight	tt5164214	2018	8905	3900	5864	11939	30045	68029	69385	33651	11803	15201	258722	6.3	6.391385348	0.091385348	1.895335231
Ocean's Eleven	tt0240772	2001	2641	1418	2365	4754	14348	47755	169370	255478	103536	63826	665491	7.7	7.797785395	0.097785395	1.30698445
Ocean's Eleven	tt0054135	1960	342	334	554	1183	3006	6608	7724	4000	1352	1900	27003	6.5	6.640669555	0.140669555	1.740799688
Ocean's Thirteen	tt0496806	2007	3185	1918	3634	8163	24716	79134	141354	74319	24662	23164	384249	6.9	6.991786576	0.091786576	1.49049517
Ocean's Twelve	tt0349903	2004	5316	4391	8057	17212	45985	117057	136041	61386	19808	19664	434917	6.5	6.570612324	0.070612324	1.607161902
October Sky	tt0132477	1999	744	308	512	885	2575	7986	24813	37661	18777	16508	110769	7.8	7.910868564	0.110868564	1.466945878
Octopussy	tt0086034	1983	979	960	1819	4502	12447	32375	39462	16257	4620	5849	119270	6.5	6.616995053	0.116995053	1.534689586
Oculus	tt2388715	2013	2590	1872	3251	6809	15420	33513	42889	24754	8788	8605	148491	6.5	6.632711747	0.132711747	1.771226892
Odd Thomas	tt1767354	2013	756	590	1050	2079	4685	10808	17813	12254	5145	6264	61444	6.8	7.052649567	0.252649567	1.786337333
Oddity	tt26470109	2024	724	530	985	1951	5001	12331	17605	10272	2971	2419	54789	6.7	6.714376973	0.014376973	1.623599442
Of Mice and Men	tt0105046	1992	347	165	258	644	1751	5356	14830	15841	6071	5345	50608	7.4	7.578742491	0.178742491	1.475524767
Office Christmas Party	tt1711525	2016	1887	1709	3282	6964	17104	28558	20050	7943	2533	3773	93803	5.9	6.015756426	0.115756426	1.739956428
Office Space	tt0151804	1999	1516	1032	1814	3740	10020	28444	68135	92168	51649	47035	305553	7.6	7.835714262	0.235714262	1.535330357
Official Secrets	tt5431890	2019	496	208	254	563	1796	7471	21448	18065	5625	3948	59874	7.3	7.39040318	0.09040318	1.378735783
Oficina do Diabo	tt28459771	2025	221	39	26	47	87	129	283	1028	2964	30110	34934	8	9.725625465	1.725625465	0.995152135
Okja	tt3967856	2017	1362	764	1304	2560	6514	18596	43455	39345	14929	11675	140504	7.3	7.33960599	0.03960599	1.566127219
Old	tt10954652	2021	7159	6359	9738	16112	31273	47152	37332	15583	4666	6102	181476	5.8	5.740803192	-0.059196808	1.951583545
Old Dads	tt18394190	2023	1214	809	1341	2511	6270	12496	11372	5262	1910	3472	46657	6.2	6.362067857	0.162067857	1.912897684
Old Dogs	tt0976238	2009	2260	1813	2664	4207	8468	9066	5807	2774	1069	2508	40636	5.3	5.53656856	0.23656856	2.177689592
Old Henry	tt12731980	2021	285	104	199	423	1361	5221	14919	13096	4558	3865	44031	7.3	7.489859417	0.189859417	1.39808784
Old School	tt0302886	2003	2340	1791	3179	6383	16078	38596	73766	58502	27906	26651	255192	7	7.269032728	0.269032728	1.69335596
Oldboy	tt0364569	2003	10553	3556	4524	7242	14061	31435	85351	185753	198963	164592	706030	8.3	8.270453097	-0.029546903	1.690387193
Oldboy	tt1321511	2013	6837	2811	4014	6598	12089	18650	16494	8990	3480	4421	84384	5.8	5.761115851	-0.038884149	2.284014243
Oliver & Company	tt0095776	1988	477	390	790	1991	5606	13481	16347	8510	3300	5537	56429	6.6	6.877421184	0.277421184	1.705226135
Oliver Twist	tt0380599	2005	446	203	361	889	2571	7355	12592	6431	2159	2436	35443	6.8	6.936743504	0.136743504	1.588182358
Oliver!	tt0063385	1968	460	299	471	904	2006	5061	11715	11190	5322	6565	43993	7.4	7.536562635	0.136562635	1.730169375
Olympus Has Fallen	tt2302755	2013	5969	3983	6789	12810	29490	68087	87736	49697	18523	21612	304696	6.5	6.682296453	0.182296453	1.822424362
Om Shanti Om	tt1024943	2007	3417	891	1037	1748	3591	7140	10766	8246	4805	13938	55579	6.8	7.197898487	0.397898487	2.5089222
OMG 2	tt15732324	2023	2946	419	346	524	1185	2552	5433	7788	8918	17022	47133	7.5	8.040481192	0.540481192	2.43609123
OMG: Oh My God!	tt2283748	2012	2300	374	416	635	1300	3301	8601	16817	15660	21041	70445	8.1	8.222514018	0.122514018	1.981420618
On Body and Soul	tt5607714	2017	451	207	270	528	1220	2973	7682	9741	4859	3328	31259	7.5	7.563837615	0.063837615	1.673367486
On Deadly Ground	tt0110725	1994	2698	1979	3038	4593	5254	3600	2184	1065	511	1865	26787	4.6	4.818344719	0.218344719	2.394352235
On Golden Pond	tt0082846	1981	428	214	310	603	1416	3532	8828	11239	5306	5405	37281	7.6	7.67098522	0.07098522	1.675565249
On Her Majesty's Secret Service	tt0064757	1969	1278	1065	1918	4108	10276	22238	31471	17867	7868	8343	106432	6.7	6.838892438	0.138892438	1.748263745
On the Basis of Sex	tt4669788	2018	1202	243	231	535	1664	5892	13972	10470	3960	3718	41887	7.1	7.223649342	0.123649342	1.748682855
On the Road	tt0337692	2012	1544	948	1475	3077	6489	11071	9892	5187	1952	2924	44559	6	6.207320631	0.207320631	2.003838343
On the Rocks	tt9606374	2020	795	488	863	1756	4542	11255	12709	4894	1149	888	39339	6.4	6.328579781	-0.071420219	1.591217649
On the Waterfront	tt0047296	1954	2911	824	1103	1876	4162	10437	29014	54099	38343	33521	176290	8.1	8.026496114	-0.073503886	1.701570936
Once	tt0907657	2006	1425	665	894	1693	3726	9545	23581	36773	24884	21318	124504	7.8	7.907344342	0.107344342	1.670862387
Once Upon a Time in America	tt0087843	1984	4330	2010	2570	4252	8668	19300	53423	108710	102042	99497	404802	8.3	8.273667126	-0.026332874	1.644818473
Once Upon a Time in Anatolia	tt1827487	2011	1231	400	458	771	1530	3431	8139	13909	10776	12644	53289	7.8	8.001538779	0.201538779	1.915346811
Once Upon a Time in Mexico	tt0285823	2003	2973	2256	4210	8740	21252	46015	49033	23081	7574	10520	175654	6.3	6.482459836	0.182459836	1.755752143
Once Upon a Time in the West	tt0064116	1968	5340	1673	2216	3614	7503	16268	45070	91667	102498	104939	380788	8.5	8.365838734	-0.134161266	1.687282598
Once Upon a Time... in Hollywood	tt7131622	2019	15386	8335	11776	18141	38517	92092	213750	279322	158915	109008	945242	7.6	7.549628561	-0.050371439	1.772769627
Once Were Warriors	tt0110729	1994	550	212	296	476	974	2369	6694	12230	7904	7245	38950	7.9	7.988035944	0.088035944	1.691292244
One Battle After Another	tt30144839	2025	9421	3092	3426	4639	9166	21334	50121	77439	56774	33512	268924	7.8	7.566145082	-0.233854918	2.014151408
One Cut of the Dead	tt7914416	2017	639	311	396	622	1257	2967	7552	11283	5986	3608	34621	7.6	7.570722972	-0.029277028	1.75910674
One Day	tt1563738	2011	1988	1463	2359	4712	11524	27782	51028	38856	18369	20081	178162	7	7.236818177	0.236818177	1.749397079
One Direction: This Is Us	tt2515086	2013	9288	406	362	573	922	995	1105	1020	664	10176	25511	4.4	5.789228176	1.389228176	4.047985788
One Eight Seven	tt0118531	1997	324	182	398	895	2470	6233	8581	4466	1482	1718	26749	6.6	6.78616023	0.18616023	1.633620759
One Fine Day	tt0117247	1996	867	460	861	2001	5612	13174	13690	7071	2902	3852	50490	6.5	6.664963359	0.164963359	1.767881204
One Flew Over the Cuckoo's Nest	tt0073486	1975	8889	2349	3239	5839	13217	34286	115106	284142	365333	313860	1146260	8.6	8.570425558	-0.029574442	1.420677849
One for the Money	tt1598828	2012	1971	1777	2846	5028	9718	10121	6419	3119	1349	2798	45146	5.3	5.615048952	0.315048952	2.116681294
One Hour Photo	tt0265459	2002	1161	956	1726	3942	10799	29555	47985	27500	8797	6306	138727	6.8	6.87300958	0.07300958	1.515804912
One Hundred and One Dalmatians	tt0055254	1961	851	569	1122	2658	9443	28644	67757	46505	16881	20002	194432	7.3	7.372006666	0.072006666	1.470253308
One Life	tt13097932	2023	380	122	158	299	875	3260	10283	12906	5351	4703	38337	7.5	7.737877247	0.237877247	1.484415146
One Missed Call	tt0479968	2008	5687	3807	4795	5865	5596	3758	2230	1154	490	1769	35151	4.1	4.227930927	0.127930927	2.411894526
One Night at McCool's	tt0203755	2001	790	511	1012	2007	4703	8601	7952	4121	1155	1074	31926	6.2	6.194449665	-0.005550335	1.774904292
One Night in Miami...	tt10612922	2020	952	332	440	799	2065	5476	10775	8754	3185	2858	35636	7.1	7.071921652	-0.028078348	1.816398378
One Piece Film: Red	tt16183464	2022	1494	395	440	642	1261	2314	3034	2237	1725	12339	25881	6.7	7.898071945	1.198071945	2.660236664
Ong Bak 2	tt0785035	2008	729	569	965	2034	4589	8728	7455	3656	1553	2654	32932	6.2	6.38166525	0.18166525	1.928403662
Ong-Bak: The Thai Warrior	tt0368909	2003	888	472	816	1632	4019	11020	25252	19985	8108	8820	81012	7.1	7.342603565	0.242603565	1.651284737
Onibaba	tt0058430	1964	457	109	163	303	685	1848	4986	8417	4540	3677	25185	7.8	7.812467739	0.012467739	1.692550447
Only God Forgives	tt1602613	2013	7367	5143	7539	11943	19155	23099	21380	14018	6136	6378	122158	5.7	5.75663485	0.05663485	2.268678271
Only Lovers Left Alive	tt1714915	2013	1835	1140	1745	3111	6439	13969	27941	29951	15677	12642	114450	7.2	7.343914373	0.143914373	1.829584396
Only the Brave	tt3829920	2017	480	227	408	714	2245	7118	22670	31446	13272	10966	89546	7.6	7.798371787	0.198371787	1.410531302
Only Yesterday	tt0102587	1991	405	249	336	633	1570	4298	10038	12104	6523	5387	41543	7.6	7.648845774	0.048845774	1.639368714
Only You	tt0110737	1994	348	305	558	1135	3136	6894	7396	4272	1874	3071	28989	6.5	6.821208044	0.321208044	1.831285252
Onward	tt7146812	2020	1734	721	1122	2623	7418	23424	57348	52996	20326	16292	184004	7.4	7.423349492	0.023349492	1.516300962
Open Grave	tt2071550	2013	648	535	1021	1951	4452	8420	8541	4096	1265	1677	32606	6.1	6.3201558	0.2201558	1.803104324
Open Range	tt0316356	2003	754	363	613	1178	2962	8859	22985	25249	11067	8967	82997	7.4	7.568406087	0.168406087	1.55521102
Open Season	tt0400717	2006	1694	1470	3051	6967	17382	33785	26567	11596	3849	6496	112857	6.1	6.287718086	0.187718086	1.737660182
Open Season 2	tt1107365	2008	861	901	1476	2998	6232	7442	4409	1980	779	1726	28804	5.5	5.75854048	0.25854048	1.978301636
Open Water	tt0374102	2003	4601	2241	2992	4751	9139	13926	11488	5538	1852	2186	58714	5.8	5.613005416	-0.186994584	2.193300049
Open Your Eyes	tt0125659	1997	806	393	508	917	2262	6194	17336	26877	13008	8207	76508	7.7	7.721650024	0.021650024	1.548245811
Operation Finale	tt5208252	2018	875	319	475	1229	4148	13805	20133	8217	2048	1892	53141	6.6	6.688677292	0.088677292	1.482678036
Operation Fortune: Ruse de Guerre	tt7985704	2023	1499	1131	2144	4835	13805	31500	30979	12957	3596	5334	107780	6.3	6.436917796	0.136917796	1.634530592
Operation Mincemeat	tt1879016	2021	466	272	452	1157	3404	10742	15280	7220	1991	1845	42829	6.6	6.760722875	0.160722875	1.48869442
Oppenheimer	tt15398776	2023	10767	3634	5139	8047	18170	46587	125867	264026	259901	247872	990010	8.2	8.330338077	0.130338077	1.600098435
Orange County	tt0273923	2002	842	772	1350	3073	7431	14778	13670	6506	2143	3026	53591	6.2	6.378608348	0.178608348	1.754635779
Ordinary People	tt0081283	1980	762	311	454	913	2252	5341	12498	18002	10253	10375	61161	7.7	7.802897271	0.102897271	1.705983998
Orgazmo	tt0124819	1997	1491	1050	1628	2625	4641	7799	8102	5245	2244	4353	39178	6.1	6.416202971	0.316202971	2.236766447
Original Sin	tt0218922	2001	1528	1258	2143	4506	9863	15935	13042	6798	2949	4967	62989	6	6.275873565	0.275873565	1.980068113
Orphan	tt1148204	2009	3047	2009	3506	7171	17547	45678	88433	61071	23752	22683	274897	7	7.116363583	0.116363583	1.654972244
Orphan: First Kill	tt11851548	2022	1562	1174	2097	4343	9581	15047	10499	4462	1589	2792	53146	5.9	5.967899748	0.067899748	1.895398198
Oscar	tt0102603	1991	949	730	1120	2086	3778	6027	7205	5700	3137	5630	36362	6.5	6.867966558	0.367966558	2.215843277
Oslo, August 31st	tt1736633	2011	283	168	239	410	1058	3069	8206	10736	5446	3300	32915	7.6	7.656813003	0.056813003	1.531736332
Osmosis Jones	tt0181739	2001	704	501	1030	2221	5277	10824	10810	5233	1694	2769	41063	6.3	6.465163286	0.165163286	1.789232239
Ouija	tt1204977	2014	4333	4483	7273	11620	13712	9368	4912	2213	882	2595	61391	4.5	4.761968367	0.261968367	2.115836869
Ouija: Origin of Evil	tt4361050	2016	1534	1255	2288	4927	11786	23291	20909	9278	2670	3461	81399	6.2	6.24723891	0.04723891	1.727694942
Our Idiot Brother	tt1637706	2011	1211	981	1848	4256	10935	25041	27700	12631	3773	3871	92247	6.4	6.485598448	0.085598448	1.622795445
Our Kind of Traitor	tt1995390	2016	355	221	477	1150	3322	8574	7546	2677	644	592	25558	6.3	6.292980671	-0.007019329	1.479657693
Our Little Secret	tt31022050	2024	630	598	1059	2409	5377	8091	4735	1885	518	1178	26480	5.7	5.843542296	0.143542296	1.791659994
Out for Justice	tt0102614	1991	832	530	944	1871	4289	7050	5389	3061	1172	2531	27669	6.1	6.289421374	0.189421374	2.046767018
Out of Africa	tt0089755	1985	1206	710	1127	2176	5295	12647	26482	21464	10519	10297	91923	7.2	7.308236241	0.108236241	1.745572356
Out of Sight	tt0120780	1998	1344	844	1316	2775	7126	18228	31553	23525	10419	7752	104882	7	7.088346904	0.088346904	1.681081499
Out of the Furnace	tt1206543	2013	1178	795	1422	3455	9995	29792	46943	23990	7135	6414	131119	6.7	6.852225841	0.152225841	1.495618988
Out of the Past	tt0039689	1947	1020	314	246	479	1153	2871	7890	13706	8607	7543	43829	7.9	7.872960825	-0.027039175	1.805808357
Out of Time	tt0313443	2003	1124	388	846	2219	6848	19966	23967	9557	2760	3086	70761	6.5	6.603566937	0.103566937	1.542131415
Outbreak	tt0114069	1995	1134	890	1765	4556	13641	37493	49544	23140	6610	5724	144497	6.6	6.700858841	0.100858841	1.470704173
Outland	tt0082869	1981	376	239	494	1190	3301	8390	11775	5818	1652	1554	34789	6.6	6.706660151	0.106660151	1.545908066
Outlander	tt0462465	2008	1460	1214	2221	4851	10720	20857	20893	10161	3837	4899	81113	6.2	6.407838448	0.207838448	1.814314215
Outlaw King	tt6679794	2018	645	354	642	1620	5215	16996	32118	18844	5538	5162	87134	6.9	7.056372943	0.156372943	1.445076299
Outside the Wire	tt10451914	2021	2104	1438	2695	5486	11143	12828	7016	2615	857	1748	47930	5.4	5.485437096	0.085437096	1.902154627
Over Her Dead Body	tt0785007	2008	1292	1041	1762	3326	6223	5756	3431	1508	573	1300	26212	5.3	5.411757973	0.111757973	2.055011027
Over the Hedge	tt0327084	2006	1441	1397	2886	6964	18542	45429	64126	33842	12150	13850	200627	6.7	6.846042656	0.146042656	1.606193598
Over the Moon	tt7488208	2020	571	347	663	1377	3096	6515	6566	3623	1541	2373	26672	6.3	6.594068686	0.294068686	1.915699077
Over the Top	tt0093692	1987	1622	1639	2919	5581	11397	15919	11739	5864	2244	5530	64454	5.8	6.09831818	0.29831818	2.046781764
Overboard	tt0093693	1987	581	476	938	2241	5648	14112	21754	13849	5758	9184	74541	6.9	7.149823587	0.249823587	1.727943801
Overboard	tt1563742	2018	1753	968	1507	2711	6216	11394	9381	4825	1786	3251	43792	6	6.196314395	0.196314395	2.055493312
Overlord	tt4530422	2018	1821	1135	1992	4089	10559	26736	37682	19430	5510	5402	114356	6.6	6.667407045	0.067407045	1.643847823
Oxygen	tt6341832	2021	887	516	955	1879	4839	11958	15624	7110	2035	1825	47628	6.5	6.530948182	0.030948182	1.649165496
Oz the Great and Powerful	tt1623205	2013	3923	3436	6409	13322	29135	55818	56037	28368	9946	14092	220486	6.3	6.410973939	0.110973939	1.832511107
P.S. I Love You	tt0431308	2007	3186	2303	3634	6914	14894	33407	59310	45977	24510	30237	224372	7	7.252277468	0.252277468	1.873442157
P2	tt0804516	2007	997	840	1567	2916	6614	10829	7988	3557	1245	2239	38792	5.9	6.059316354	0.159316354	1.898771721
Paan Singh Tomar	tt1620933	2012	760	151	133	215	537	1423	4816	11089	10883	9765	39772	8.2	8.33664387	0.13664387	1.664724487
Pacific Rim	tt1663662	2013	8139	6051	10277	18750	41615	92180	152406	119018	53006	53099	554541	6.9	7.058552929	0.158552929	1.823105802
Pacific Rim: Uprising	tt2557478	2018	4731	4086	7291	14043	28689	36983	23017	8856	2764	5160	135620	5.6	5.638799587	0.038799587	1.88583969
Pad Man	tt7218518	2018	1023	173	193	278	663	1854	5664	8484	5388	8580	32300	7.8	8.028204334	0.228204334	1.962190253
Paddington	tt1109624	2014	896	570	888	2016	6319	20150	52361	42673	15216	12933	154022	7.3	7.397930166	0.097930166	1.441016175
Paddington 2	tt4468740	2017	664	235	398	842	2471	8342	25617	36667	19323	17302	111861	7.8	7.935607584	0.135607584	1.445441367
Paddington in Peru	tt5822536	2024	348	201	438	893	2772	8834	11235	4905	1353	2187	33166	6.6	6.766929989	0.166929989	1.560077551
Padmaavat	tt5935704	2018	3281	574	601	898	2002	4044	8017	8104	4665	7977	40163	7.1	7.141000423	0.041000423	2.544237925
Pain & Gain	tt1980209	2013	5428	3753	6290	12416	26671	55789	67508	35393	11922	14657	239827	6.4	6.501040333	0.101040333	1.848390031
Pain and Glory	tt8291806	2019	682	350	493	1004	2495	7064	17164	21918	10103	5342	66615	7.5	7.529460332	0.029460332	1.544974012
Pain Hustlers	tt15257160	2023	574	284	502	1367	4389	14675	20806	7603	1859	2097	54156	6.6	6.689526553	0.089526553	1.418852317
Pale Rider	tt0089767	1985	369	180	380	863	2760	9096	23981	19616	6896	5916	70057	7.3	7.418473529	0.118473529	1.413358447
Palm Springs	tt9484998	2020	1178	682	1091	2252	6884	24521	68046	67590	23686	13694	209624	7.4	7.458711789	0.058711789	1.365237343
Palmer	tt6857376	2021	1028	281	287	541	1735	5953	15798	13917	5339	5669	50548	7.3	7.431965656	0.131965656	1.683441977
Palo Alto	tt2479800	2013	825	562	986	2125	4524	8214	8280	4209	1633	1922	33280	6.1	6.3359375	0.2359375	1.885609202
Pan	tt3332064	2015	2334	1986	3343	6326	12715	17626	12744	5876	2218	4019	69187	5.7	5.887493315	0.187493315	2.004065506
Pan's Labyrinth	tt0457430	2006	8890	3389	5125	8302	17618	44433	115770	206649	181817	149076	741069	8.2	8.109412214	-0.090587786	1.659104623
Pandorum	tt1188729	2009	2042	1746	3204	6345	14326	32194	50700	32166	12521	11261	166505	6.7	6.863739828	0.163739828	1.725144595
Panic Room	tt0258000	2002	2029	1531	3102	7427	22778	70336	116202	58559	16532	13917	312413	6.8	6.881451796	0.081451796	1.425448989
Paper Moon	tt0070510	1973	477	308	239	367	1194	2861	10392	19943	11631	9298	56710	8.1	8.047275613	-0.052724387	1.499947121
Paper Towns	tt3622592	2015	2483	1839	3203	6672	15703	29415	27690	13098	4673	6447	111223	6.2	6.317074706	0.117074706	1.840666486
Papillon	tt0070511	1973	937	568	559	1047	2807	8143	25689	51915	30697	22445	144807	8	8.056910232	0.056910232	1.440839675
Papillon	tt5093026	2017	791	319	509	1184	3654	12406	32755	25961	9084	7879	94542	7.2	7.382084153	0.182084153	1.460562735
Paprika	tt0851578	2006	811	370	623	1337	3455	9016	25151	35972	19369	13553	109657	7.7	7.786306392	0.086306392	1.51266364
Paradise	tt21308888	2023	463	281	476	1103	2972	7126	7088	3149	917	1436	25011	6.3	6.473231778	0.173231778	1.709053774
Parallel Mothers	tt12618926	2021	497	295	454	872	2368	6792	13463	9895	3267	1873	39776	7.1	7.041004626	-0.058995374	1.556770832
Param Sundari	tt33996113	2025	1658	335	371	451	722	1499	4707	6087	9873	27572	53275	5.2	8.710858752	3.510858752	2.033221051
Paranoia	tt1413495	2013	1775	1016	1846	3595	7939	11110	7452	2735	956	1798	40222	5.6	5.735865944	0.135865944	1.947330139
Paranoid Park	tt0842929	2007	803	535	835	1403	2926	6313	9236	6104	2562	2004	32721	6.6	6.695394395	0.095394395	1.896133918
Paranormal Activity	tt1179904	2007	13202	7560	10021	15670	28802	53081	64392	40821	17963	18517	270029	6.3	6.324172589	0.024172589	2.185631083
Paranormal Activity 2	tt1536044	2010	5839	3743	5521	10025	20678	28446	20410	10215	3962	5823	114662	5.7	5.778130505	0.078130505	2.089855875
Paranormal Activity 3	tt1778304	2011	5247	2982	4817	8493	17109	24782	19330	10596	4039	6386	103781	5.8	5.917846234	0.117846234	2.134568866
Paranormal Activity 4	tt2109184	2012	6609	5041	7668	12594	15196	11363	6567	3172	1248	3920	73378	4.7	4.851672163	0.151672163	2.266416774
Paranormal Activity: The Ghost Dimension	tt2473510	2015	2742	2413	3548	5743	6918	5256	3007	1459	524	1313	32923	4.6	4.795340643	0.195340643	2.175191102
Paranormal Activity: The Marked Ones	tt2473682	2014	3570	2469	3899	6530	10094	8808	5892	2792	1110	2488	47652	5.1	5.206350206	0.106350206	2.229709663
ParaNorman	tt1623288	2012	1296	755	1214	2616	7432	20231	37906	25506	9977	9658	116591	7	7.129375338	0.129375338	1.627563269
Parasite	tt6751668	2019	9533	3359	4545	6640	14852	38612	122675	295897	360476	276716	1133305	8.5	8.470555587	-0.029444413	1.465834655
Parental Guidance	tt1047540	2012	880	592	965	1719	3822	6948	5616	3094	1362	2483	27481	6	6.323823733	0.323823733	2.071776908
Parenthood	tt0098067	1989	653	369	695	1410	3894	9523	17626	12651	5833	5576	58230	7.1	7.188236304	0.088236304	1.687141561
Paris, Je T'aime	tt0401711	2006	925	503	829	1576	3927	10320	21789	20345	9066	6875	76155	7.2	7.325901123	0.125901123	1.659590576
Paris, Texas	tt0087884	1984	1649	670	984	1705	3670	8796	22943	41043	29367	27006	137833	8.1	8.032873115	-0.067126885	1.671737711
Parker	tt1904996	2013	1576	1266	2543	6283	17930	41849	36479	14406	4524	8200	135056	6.2	6.448658334	0.248658334	1.642693323
Parmanu: The Story of Pokhran	tt6826438	2018	592	124	192	361	809	2001	4562	5812	4308	7761	26522	7.6	8.058328934	0.458328934	1.933598174
Passenger 57	tt0105104	1992	727	869	1726	4140	10739	17259	10859	3908	1046	1880	53153	5.9	5.962843113	0.062843113	1.627713401
Passengers	tt1355644	2016	3865	2753	5387	11856	30694	82723	163375	111909	41756	34641	488959	7	7.125086152	0.125086152	1.55966126
Passengers	tt0449487	2008	958	971	1624	3483	7296	10892	8247	3845	1461	2122	40899	5.8	6.024450476	0.224450476	1.889623518
Passion	tt1829012	2012	1407	1122	1912	3159	5408	5518	3570	1567	547	1004	25214	5.3	5.340683747	0.040683747	2.071995008
Past Lives	tt13238346	2023	1456	666	1008	1803	4798	13630	35984	53913	33024	20584	166866	7.8	7.820898206	0.020898206	1.534785021
Patch Adams	tt0129290	1998	2470	1700	2463	4545	9259	22195	36013	25713	11505	12920	128783	6.9	6.999712695	0.099712695	1.887851693
Paterson	tt5247022	2016	1458	872	1331	2256	5119	11693	24175	26397	13378	7774	94453	7.3	7.310673033	0.010673033	1.74865749
Pathaan	tt12844910	2023	37619	3972	3204	3736	6306	8074	10199	10980	12473	68716	165279	5.8	6.708311401	0.908311401	3.678982885
Pather Panchali	tt0048473	1955	1883	333	381	505	1071	2024	4203	7667	8064	15031	41162	8.2	8.183615956	-0.016384044	2.26195729
Pathfinder	tt0446013	2007	2311	2099	3325	5253	9813	10717	7101	3187	1181	2441	47428	5.4	5.505292232	0.105292232	2.104426213
Pathology	tt0964539	2008	1182	959	1433	2583	5351	8591	7043	3640	1363	2378	34523	5.9	6.097384352	0.197384352	2.0499003
Paths of Glory	tt0050825	1957	3451	1092	1272	2059	4286	9763	30368	70157	62951	50839	236238	8.4	8.239470365	-0.160529635	1.638096154
Patriot Games	tt0105112	1992	810	485	1001	2641	7767	25851	50632	25504	7110	5520	127321	6.8	6.966124991	0.166124991	1.377147588
Patriots Day	tt4572514	2016	1578	447	681	1350	4053	13987	41177	36576	12137	9069	121055	7.3	7.392276238	0.092276238	1.491642914
Patton	tt0066206	1970	1852	610	735	1236	3263	7726	20761	35582	22243	19482	113490	7.9	7.911551679	0.011551679	1.708249626
Paul	tt1092026	2011	2658	1825	3195	6965	19134	50789	93102	59681	21713	19953	279015	6.9	7.05433758	0.15433758	1.59265077
Paul Blart: Mall Cop	tt1114740	2009	5659	5224	8444	14803	27074	28922	17552	7455	2557	6063	123753	5.3	5.460069655	0.160069655	2.04721748
Paul Blart: Mall Cop 2	tt3450650	2015	4954	3372	4452	7186	8916	6857	3501	1604	628	2706	44176	4.5	4.744001268	0.244001268	2.353607018
Pawn Sacrifice	tt1596345	2014	376	184	341	850	2789	9496	21360	12058	3393	2742	53589	7	7.091548639	0.091548639	1.377969304
Pay It Forward	tt0223897	2000	1569	1040	1691	3398	7557	17877	34843	29740	14799	15550	128064	7.2	7.323471077	0.123471077	1.775516223
Payback	tt0120784	1999	1307	887	1587	3497	9343	24679	51643	35519	13443	10656	152561	7.1	7.1434967	0.0434967	1.557743169
Paycheck	tt0338337	2003	1851	1672	3069	6771	15628	32027	32445	14959	4739	4533	117694	6.3	6.343195065	0.043195065	1.692046732
Peaceful Warrior	tt0438315	2006	504	252	458	845	1708	3711	7003	6437	4131	6236	31285	7.2	7.563496883	0.363496883	1.950931715
Pearl	tt18925334	2022	2506	1339	2088	3938	9791	25487	48090	35919	13995	11810	154963	7	7.079844866	0.079844866	1.712392227
Pearl Harbor	tt0213149	2001	16225	9847	14466	23124	42281	71797	80489	51912	23737	32900	366778	6.3	6.367208502	0.067208502	2.219531494
Pee-wee's Big Adventure	tt0089791	1985	1540	839	1244	2126	4406	8861	14931	12416	6436	10361	63160	7.1	7.220218493	0.120218493	2.068676262
Peeping Tom	tt0054167	1960	425	240	373	766	1877	4457	10351	12978	6540	5255	43262	7.6	7.602653599	0.002653599	1.643469504
Peggy Sue Got Married	tt0091738	1986	587	511	861	2053	5543	12059	11595	5843	1984	2534	43570	6.4	6.508560936	0.108560936	1.703634002
Penelope	tt0472160	2006	849	664	1156	2515	6006	13451	18815	12132	5714	7597	68899	6.7	7.00442677	0.30442677	1.823632562
Penguins of Madagascar	tt1911658	2014	1019	739	1537	3725	10578	26610	36041	17901	6334	8858	113342	6.6	6.843350214	0.243350214	1.633352461
Peninsula	tt8850222	2020	1635	1374	2565	4643	9131	10789	6622	2753	988	2200	42700	5.5	5.627845433	0.127845433	1.992157107
People Like Us	tt1716777	2012	434	203	373	876	2528	7545	15013	10296	3938	3712	44918	7	7.1996527	0.1996527	1.564015805
Peppermint	tt6850820	2018	1118	907	1566	3095	7292	17481	22357	11524	4198	5624	75162	6.5	6.706434102	0.206434102	1.767990258
Percy Jackson & the Olympians: The Lightning Thief	tt0814255	2010	6446	4981	8893	16928	35510	55055	42101	20253	7664	15571	213402	5.9	6.092239061	0.192239061	2.011576524
Percy Jackson: Sea of Monsters	tt1854564	2013	4320	3592	6241	11477	23687	33910	22995	10960	4558	11215	132955	5.7	6.015922681	0.315922681	2.085934715
Perfect Blue	tt0156887	1997	775	340	489	997	2298	6410	19416	37884	27499	21105	117213	8	8.142313566	0.142313566	1.471136104
Perfect Days	tt27503384	2023	563	322	474	942	2221	6173	18648	32718	20992	14890	97943	7.9	8.011271862	0.111271862	1.464177338
Perfect Sense	tt1439572	2011	1037	723	986	1819	4283	9759	18327	15573	7618	6586	66711	7	7.194930371	0.194930371	1.804527715
Perfect Stranger	tt0457433	2007	1686	1422	2742	4936	10276	14690	9925	4285	1479	2371	53812	5.7	5.812755519	0.112755519	1.908624786
Perfect Strangers	tt4901306	2016	344	178	275	582	1564	5266	18400	28822	13182	7829	76442	7.7	7.843502263	0.143502263	1.331967397
Perfume: The Story of a Murderer	tt0396171	2006	3065	1756	2787	4912	11417	28525	67151	83687	41727	32160	277187	7.5	7.574370371	0.074370371	1.662182628
Persepolis	tt0808417	2007	1701	415	448	770	1849	5214	17234	37069	23679	16051	104430	8	8.027338887	0.027338887	1.591017466
Persona	tt0060827	1966	3031	1167	1522	2222	4542	9603	20602	35313	28180	32932	139114	8	7.97047745	-0.02952255	1.940455825
Personal Shopper	tt4714782	2016	1780	1222	1813	3402	6359	10607	10583	6012	2084	1619	45481	6.1	6.064752314	-0.035247686	1.9863004
Persuasion	tt13456318	2022	2397	1237	1695	2626	4900	7750	7644	4863	2437	3986	39535	5.8	6.213861136	0.413861136	2.36633787
Pet Sematary	tt0098084	1989	1599	1415	2642	5706	12922	28459	35048	19174	6960	8905	122830	6.5	6.683717333	0.183717333	1.762562269
Pet Sematary	tt0837563	2019	3114	2683	5058	10562	21734	29274	18591	7490	2142	3353	104001	5.7	5.70264709	0.00264709	1.814904536
Pet Sematary II	tt0105128	1992	1325	1507	2506	4150	5551	4287	2571	1213	497	1448	25055	4.9	5.132229096	0.232229096	2.171490685
Pete's Dragon	tt2788732	2016	879	585	1038	2267	5913	14629	20191	10282	3670	4548	64002	6.7	6.775928877	0.075928877	1.696682044
Pete's Dragon	tt0076538	1977	464	348	673	1500	3573	7133	6429	3439	1448	2867	27874	6.3	6.603250341	0.303250341	1.910562061
Peter Pan	tt0046183	1953	1068	628	1178	2637	8397	23744	55667	39861	13878	16620	163678	7.3	7.334608194	0.034608194	1.525073825
Peter Pan	tt0316396	2003	1012	771	1281	2741	6940	15520	22141	13681	6929	13239	84255	6.8	7.173069847	0.373069847	1.893803575
Peter Pan & Wendy	tt5635026	2023	10148	2632	2448	2963	3660	3189	1941	1079	414	1695	30169	4.4	3.80977162	-0.59022838	2.735435379
Peter Rabbit	tt5117670	2018	1206	665	954	1934	5098	12197	15065	7660	2846	4496	52121	6.6	6.698163888	0.098163888	1.858685169
Phantasm	tt0079714	1979	772	666	1315	2152	4234	8405	11221	7404	3267	4856	44292	6.6	6.81836449	0.21836449	1.975818127
Phantom of the Paradise	tt0071994	1974	423	284	418	700	1402	3033	5827	6079	3374	3958	25498	7.3	7.436661699	0.136661699	1.923062337
Phantom Thread	tt5776858	2017	1775	1170	1837	3428	7614	18720	40180	44005	24710	15860	159299	7.4	7.457786929	0.057786929	1.689628266
Phenomena	tt0087909	1985	503	461	756	1379	2914	6170	9162	5983	2522	2837	32687	6.7	6.848747208	0.148747208	1.857874636
Phenomenon	tt0117333	1996	1311	1087	1906	4184	10671	21425	23729	13317	5208	5475	88313	6.5	6.591385187	0.091385187	1.765638156
Philadelphia	tt0107818	1993	2038	826	1250	2424	6858	21272	69543	97464	43092	26839	271606	7.7	7.738374705	0.038374705	1.420230544
Philomena	tt2431286	2013	712	245	412	796	2394	9218	30610	39252	15124	8100	106863	7.6	7.657486689	0.057486689	1.336076246
Phir Hera Pheri	tt0419058	2006	486	226	344	658	1486	2742	4840	5471	4490	10795	31538	7.4	8.069376625	0.669376625	2.012881464
Phone Booth	tt0183649	2002	2073	1671	2685	5842	16545	49472	107781	72526	23860	17335	299790	7.1	7.135528203	0.035528203	1.468017041
Pi	tt0138704	1998	3142	1903	2676	4379	9082	20464	46253	54176	28797	20895	191767	7.3	7.436044784	0.136044784	1.799045939
Pickpocket	tt0053168	1959	254	145	231	483	1186	2997	6309	7712	4227	3666	27210	7.5	7.631128262	0.131128262	1.663886725
Picnic at Hanging Rock	tt0073540	1975	576	474	610	1166	2595	5325	10296	11439	6258	6207	44946	7.4	7.451586348	0.051586348	1.837261283
Pieces of a Woman	tt11161474	2020	915	428	657	1293	3310	9857	20617	14466	4848	3173	59564	7	7.051490833	0.051490833	1.592963588
Pierrot le fou	tt0059592	1965	547	435	637	982	1988	4359	8446	9930	6215	6185	39724	7.4	7.544481925	0.144481925	1.881267858
Pig	tt11003218	2021	2142	1365	2063	3443	7934	17498	29942	23371	8912	6477	103147	6.9	6.893375474	-0.006624526	1.817186631
Piku	tt3767372	2015	1116	268	330	483	1156	2900	7872	10717	6192	5380	36414	7.6	7.637776679	0.037776679	1.912026343
Pineapple Express	tt0910936	2008	5815	3900	5937	11442	26208	60928	108498	79282	33798	34838	370646	6.9	7.069025431	0.169025431	1.796947363
Pink	tt5571734	2016	1586	296	281	462	968	2512	7192	13279	11753	13399	51728	8	8.141122796	0.141122796	1.931901745
Pink Flamingos	tt0069089	1972	2977	1177	1262	1610	2816	4508	5137	4238	2302	4449	30476	6	6.292033075	0.292033075	2.718773222
Pink Floyd: The Wall	tt0084503	1982	1190	614	768	1337	2606	5757	12984	23350	17025	23510	89141	8	8.118093806	0.118093806	1.804606782
Pinocchio	tt0032910	1940	1059	817	1450	2975	8417	22217	50926	46163	16971	19744	170739	7.5	7.439981492	-0.060018508	1.57418681
Pinocchio	tt4593060	2022	5994	2944	3385	5106	8302	8528	5345	2584	974	2913	46075	5.1	5.016212697	-0.083787303	2.476643024
Piranha	tt0078087	1978	649	620	1073	2341	4978	7894	5566	2335	632	1515	27603	5.9	5.985074086	0.085074086	1.854928502
Piranha 3D	tt0464154	2010	6195	4759	7235	11116	18456	21874	16023	7740	2686	5336	101420	5.5	5.492220469	-0.007779531	2.196790671
Piranha 3DD	tt1714203	2012	7717	6476	7668	7974	6870	4283	2443	1269	489	2407	47596	3.8	4.020106732	0.220106732	2.373717834
Pirates of the Caribbean: At World's End	tt0449088	2007	8351	5409	9579	18145	42651	102690	212117	166292	75001	95734	735969	7.1	7.333712425	0.233712425	1.756882558
Pirates of the Caribbean: Dead Man's Chest	tt0383574	2006	6545	3637	6406	13152	34552	94884	235515	223738	92888	105154	816471	7.4	7.537009888	0.137009888	1.598682892
Pirates of the Caribbean: Dead Men Tell No Tales	tt1790809	2017	4511	4156	8371	17894	39778	84740	106086	56733	21537	35302	379108	6.5	6.753117845	0.253117845	1.810458727
Pirates of the Caribbean: On Stranger Tides	tt1298650	2011	6326	5115	10738	24638	59054	134403	172670	93787	36887	57066	600684	6.6	6.843263679	0.243263679	1.759657918
Pirates of the Caribbean: The Curse of the Black Pearl	tt0325980	2003	10222	3822	5635	10009	24931	69306	220571	442167	274241	244195	1305099	8.1	8.127161235	0.027161235	1.488490569
Pitch Black	tt0134847	2000	2275	1664	3107	6175	15548	40031	84252	63068	24426	21750	262296	7	7.202519291	0.202519291	1.606300828
Pitch Perfect	tt1981677	2012	4380	2494	3993	7795	19373	49502	96517	78314	37118	47974	347460	7.1	7.374480516	0.274480516	1.771900125
Pitch Perfect 2	tt2848292	2015	3403	2039	3640	8171	20785	45489	46301	24078	9948	14746	178600	6.4	6.616276596	0.216276596	1.839258132
Pitch Perfect 3	tt4765284	2017	1767	1577	3231	6726	14827	21083	14109	6576	2566	5021	77483	5.8	6.024882878	0.224882878	1.91455547
Pixels	tt2120120	2015	8254	6585	9522	15835	31182	43292	31496	14314	5101	10747	176328	5.6	5.769673563	0.169673563	2.115587704
PK	tt2338151	2014	14525	1800	1632	2227	4253	9364	24320	46573	47401	67840	219935	8.1	7.989683316	-0.110316684	2.404663301
Plan 9 from Outer Space	tt0052077	1958	9432	5415	4955	4839	4368	3118	2346	1716	1097	4911	42197	3.9	4.364386094	0.464386094	2.983234346
Plane	tt5884796	2023	1042	755	1410	3233	9909	27463	33554	14244	4180	6247	102037	6.5	6.693228927	0.193228927	1.57379984
Planes	tt1691917	2013	1846	1395	2351	4610	9872	13906	9114	4028	1462	3311	51895	5.7	5.881395125	0.181395125	2.004787632
Planes, Trains & Automobiles	tt0093748	1987	837	690	1196	2465	6686	18672	45011	52120	24801	26373	178851	7.6	7.716495854	0.116495854	1.552337191
Planet 51	tt0762125	2009	1222	1196	2183	4466	10168	17609	13363	5634	1990	3497	61328	6	6.131196191	0.131196191	1.833082208
Planet of the Apes	tt0063442	1968	2124	779	1080	2019	5141	13731	40362	74080	38590	31053	208959	8	7.925492561	-0.074507439	1.538532842
Planet of the Apes	tt0133152	2001	7270	6891	12634	23547	46838	64950	45142	19390	5956	8025	240643	5.7	5.742947021	0.042947021	1.863368479
Planet Terror	tt1077258	2007	4833	2672	4102	6894	15025	34482	65487	54726	22886	20671	231778	7	7.079951505	0.079951505	1.850721238
Platoon	tt0091763	1986	3578	1515	2108	3578	8958	25153	82314	166872	107135	65994	467205	8.1	8.04417975	-0.05582025	1.443535387
Play It Again, Sam	tt0069097	1972	291	97	150	290	953	2741	7804	10068	4029	3022	29445	7.6	7.639972831	0.039972831	1.49475322
Play Misty for Me	tt0067588	1971	302	235	349	810	2158	6349	12592	7155	2371	2193	34514	6.9	7.028915802	0.128915802	1.53149213
Playing for Keeps	tt1540128	2012	849	694	1233	2808	6562	9771	5735	2233	748	1525	32158	5.7	5.864637104	0.164637104	1.819255889
Playing It Cool	tt2139555	2014	742	607	1164	2367	5328	9070	6765	2968	1074	1686	31771	5.9	6.093638853	0.193638853	1.848311418
Playtime	tt0062136	1967	393	298	407	661	1269	2437	4891	7237	5165	6112	28870	7.8	7.812919986	0.012919986	1.910739631
Pleasantville	tt0120789	1998	1229	646	965	2037	5249	15121	37925	43586	19871	15598	142227	7.5	7.590098926	0.090098926	1.555687476
Pleasure	tt8550054	2021	967	468	654	1333	3102	6442	7456	3371	867	1211	25871	6.3	6.278535812	-0.021464188	1.886772368
Pocahontas	tt0114148	1995	2248	1809	3261	7921	21502	49362	60582	33776	14242	20632	215335	6.7	6.872059814	0.172059814	1.747922089
Point Blank	tt0062138	1967	276	159	274	537	1400	3526	7297	6731	3117	2413	25730	7.3	7.338904003	0.038904003	1.651972241
Point Break	tt0102685	1991	1206	944	1692	3807	10469	30183	68880	57515	23760	22967	221423	7.3	7.418520208	0.118520208	1.533769201
Point Break	tt2058673	2015	3723	2901	4655	7695	13318	15203	10381	5012	2020	3820	68728	5.3	5.546807706	0.246807706	2.161497384
Point of No Return	tt0107843	1993	672	520	1018	2057	5023	8665	7284	3485	1285	1748	31757	6.1	6.23522373	0.13522373	1.83159283
Pokémon the Movie 2000	tt0210234	1999	995	565	927	1721	3469	5563	5031	2894	1280	3132	25577	6.1	6.401141651	0.301141651	2.226028656
Pokémon: Detective Pikachu	tt5884052	2019	2101	1703	3219	6691	18673	47434	62372	30475	9545	12367	194580	6.5	6.731812108	0.231812108	1.631648059
Pokémon: The First Movie - Mewtwo Strikes Back	tt0190641	1998	2890	1302	1776	2753	5342	8548	9593	6420	2935	7760	49319	6.3	6.53618281	0.23618281	2.454373712
Polar	tt4139588	2019	2509	2270	3445	5768	11241	23291	28399	16272	5580	6994	105769	6.3	6.481445414	0.181445414	1.933628092
Police Academy	tt0087928	1984	1357	1412	2379	5075	12975	32592	47575	24828	8064	11251	147508	6.7	6.838815522	0.138815522	1.660864322
Police Academy 2: Their First Assignment	tt0089822	1985	1289	1535	2629	5727	13179	17733	11172	4588	1688	3262	62802	5.8	5.894191268	0.094191268	1.840514127
Police Academy 3: Back in Training	tt0091777	1986	1628	1757	3496	6598	12320	11800	6985	3079	1112	2670	51445	5.4	5.533229663	0.133229663	1.970786388
Police Academy 4: Citizens on Patrol	tt0093756	1987	2366	2645	4546	8037	11148	8686	5093	2278	919	2550	48268	5	5.157537085	0.157537085	2.109060001
Police Academy 5: Assignment: Miami Beach	tt0095882	1988	3621	3506	5099	6968	7937	5622	3320	1578	610	2154	40415	4.6	4.704020784	0.104020784	2.27967092
Police Academy 6: City Under Siege	tt0098105	1989	3745	3541	4807	6084	6283	4401	2502	1135	489	1830	34817	4.4	4.500674958	0.100674958	2.315195134
Police Academy: Mission to Moscow	tt0110857	1994	7949	5745	6018	5662	4659	2940	1708	805	408	2025	37919	3.5	3.781587067	0.281587067	2.444063305
Police Story	tt0089374	1985	300	203	311	585	1802	4965	12837	14646	5516	5462	46627	7.5	7.593668904	0.093668904	1.519992526
Pollock	tt0183659	2000	323	191	304	692	1750	5145	11345	7162	2297	1613	30822	7	7.057264292	0.057264292	1.511406385
Poltergeist	tt0084516	1982	1743	1172	1981	3840	9412	24478	55254	53642	21367	20234	193123	7.3	7.40396017	0.10396017	1.625268712
Poltergeist	tt1029360	2015	4251	3798	6214	10233	15349	12109	6246	2600	868	2550	64218	4.9	4.96206671	0.06206671	2.070609901
Poltergeist II: The Other Side	tt0091778	1986	645	767	1501	3347	6990	8893	5382	2375	790	1779	32469	5.7	5.850257168	0.150257168	1.857395594
Pom Poko	tt0110008	1994	371	220	350	728	1904	5414	11520	10166	4130	3449	38252	7.2	7.330466381	0.130466381	1.597260917
Pompeii	tt1921064	2014	3829	4121	7519	13473	24694	29947	19414	8752	3416	6560	121725	5.5	5.700800986	0.200800986	2.000515797
Ponniyin Selvan: Part I	tt10701074	2022	2176	373	373	467	946	1828	3600	4772	5188	18555	38278	7.5	8.287397461	0.787397461	2.464690908
Pontypool	tt1226681	2008	1013	719	1125	1907	3685	7380	10160	6867	2767	2433	38056	6.5	6.607315535	0.107315535	1.956629496
Ponyo	tt0876563	2008	1130	608	963	2051	5342	16359	45929	58488	27257	23927	182054	7.6	7.757549958	0.157549958	1.493092784
Poor Things	tt14230458	2023	11354	4659	5508	7589	13118	27351	62282	118736	79403	51843	381843	7.8	7.637083828	-0.162916172	1.988217743
Popeye	tt0081353	1980	1810	1634	2700	4471	7252	7019	4905	2905	1361	3155	37212	5.4	5.66510803	0.26510803	2.294527517
Popstar: Never Stop Never Stopping	tt3960412	2016	1180	744	1185	2394	6023	14963	23245	13656	4757	5224	73371	6.7	6.851589865	0.151589865	1.72659276
Porco Rosso	tt0104652	1992	659	318	485	1015	2917	9734	28731	38263	18531	13624	114277	7.7	7.788435118	0.088435118	1.430773905
Porky's	tt0084522	1981	1249	1165	1795	3248	6538	11568	10434	6053	2423	4009	48482	6.2	6.340765645	0.140765645	2.03371477
Portrait of a Lady on Fire	tt8613070	2019	1782	687	965	1509	3234	8088	19926	33858	28679	25999	124727	8	8.059457856	0.059457856	1.73149307
Poseidon	tt0409182	2006	2750	2732	5168	10900	24333	32719	20140	8377	2676	5016	114811	5.7	5.814225118	0.114225118	1.821521142
Possession	tt0082933	1981	1358	927	1256	1902	3302	6052	11090	12828	8088	8068	54871	7.2	7.31052833	0.11052833	2.095922377
Possessor	tt5918982	2020	1435	956	1376	2664	5802	11159	14612	9556	3189	2050	52799	6.5	6.477925718	-0.022074282	1.858115531
Postal	tt0486640	2007	5284	1947	1915	2225	2693	2878	2406	1669	863	3522	25402	4.5	5.028619794	0.528619794	3.082224203
Powder	tt0114168	1995	941	476	796	1522	3597	6954	8042	5268	2643	4348	34587	6.6	6.81709891	0.21709891	2.064191119
Power Rangers	tt3717490	2017	3890	2764	4872	9097	18984	28039	23877	12367	4631	10026	118547	5.9	6.171307583	0.271307583	2.079549118
Practical Magic	tt0120791	1998	1584	1620	2844	5922	13218	22491	21661	14626	7311	14201	105478	6.4	6.774151956	0.374151956	2.037755838
Precious	tt0929632	2009	2593	1076	1499	2433	5377	13518	33788	34275	14744	10978	120281	7.3	7.317523133	0.017523133	1.779967315
Predator	tt0093773	1987	1890	1340	2353	5031	13659	39055	106004	162427	81227	80976	493962	7.8	7.929000611	0.129000611	1.470390141
Predator 2	tt0100403	1990	2372	2715	5075	11425	27485	54246	50643	24615	8344	12252	199172	6.3	6.429944972	0.129944972	1.742888036
Predator: Badlands	tt31227572	2025	1691	740	880	1419	3114	8472	21072	22892	9109	9497	78886	7.3	7.421849251	0.121849251	1.80818707
Predator: Killer of Killers	tt36463894	2025	810	326	432	707	1799	5377	15054	18216	7086	5925	55732	7.4	7.553524008	0.153524008	1.618375987
Predators	tt1424381	2010	3571	2969	5751	12615	30987	67980	75886	34792	10774	14603	259928	6.4	6.511691699	0.111691699	1.695930004
Predestination	tt2397535	2014	3350	1677	2894	5121	12676	34496	86575	101372	48318	34085	330564	7.4	7.559622342	0.159622342	1.592191796
Prem Ratan Dhan Payo	tt3595298	2015	6809	1690	1704	1982	2228	1883	1510	1187	1259	5514	25766	4.4	5.130947761	0.730947761	3.463710469
Premam	tt4679210	2015	746	123	149	213	500	1045	2781	5918	6177	10063	27715	8.3	8.446509111	0.146509111	1.904096776
Premium Rush	tt1547234	2012	1152	959	2032	4556	12377	33164	40891	16711	4655	5425	121922	6.5	6.59707846	0.09707846	1.531587611
Premonition	tt0477071	2007	2433	2011	3526	6826	14336	22235	17260	8470	3271	4798	85166	5.9	6.052016063	0.152016063	1.948950943
Presence	tt28249919	2024	1777	1134	1681	2945	5654	10303	9985	4942	1236	1302	40959	6.1	5.970140873	-0.129859127	1.956635215
Presumed Innocent	tt0100404	1990	380	168	426	925	3014	10263	20528	10778	3155	2313	51950	6.9	7.002637151	0.102637151	1.384338044
Pretty in Pink	tt0091790	1986	831	648	1281	2873	8236	20954	27988	16022	6473	8956	94262	6.7	6.962243534	0.262243534	1.688529762
Pretty Woman	tt0100405	1990	4179	2660	4250	8983	22985	61191	120131	89833	40074	44446	398732	7.1	7.285492511	0.185492511	1.688329938
Prey	tt11866324	2022	4996	2283	3191	5303	12770	35860	82546	70263	26272	22943	266427	7.1	7.225847981	0.125847981	1.722951729
Priceless	tt0482088	2006	273	200	372	732	2039	5885	11467	7418	3076	2666	34128	7	7.154799578	0.154799578	1.571749246
Pride	tt3169706	2014	1370	268	309	541	1376	4220	13188	21480	11742	10098	64592	7.8	7.864921352	0.064921352	1.69953752
Pride & Prejudice	tt0414387	2005	3630	1752	2522	4481	10832	28838	72480	100311	61301	83495	369642	7.8	7.997789753	0.197789753	1.690444587
Pride and Glory	tt0482572	2008	759	461	857	1998	5669	15827	22975	10423	2983	3388	65340	6.6	6.741460055	0.141460055	1.552705783
Pride and Prejudice and Zombies	tt1374989	2016	1990	1500	2712	5346	10532	15758	12903	6312	2557	4232	63842	5.8	6.075436233	0.275436233	2.012580454
Priest	tt0822847	2011	3189	3156	6065	11893	24030	33584	23836	11289	4336	7462	128840	5.7	5.958786091	0.258786091	1.937395094
Primal Fear	tt0117381	1996	917	420	793	1816	5883	20563	70882	105162	45123	25776	277335	7.7	7.808354517	0.108354517	1.278128167
Primary Colors	tt0119942	1998	554	287	503	1177	2899	6865	9543	5781	2185	1515	31309	6.7	6.735890638	0.035890638	1.697301307
Prime	tt0387514	2005	801	586	1066	2286	5905	11923	11308	5199	1841	2317	43232	6.2	6.381037195	0.181037195	1.757368322
Primer	tt0390384	2004	3108	1982	2806	4663	9436	18749	30735	25351	13195	10419	120444	6.7	6.930307861	0.230307861	1.988214915
Prince of Darkness	tt0093777	1987	730	618	1203	2413	5157	11176	15170	9829	4183	4370	54849	6.7	6.823041441	0.123041441	1.804880224
Prince of Persia: The Sands of Time	tt0473075	2010	3695	3232	6198	13422	31893	70036	91958	49949	19320	25966	315669	6.5	6.775958361	0.275958361	1.758792645
Princess Mononoke	tt0119698	1997	5586	1664	2010	3685	8111	20478	61776	126536	125472	121210	476528	8.3	8.350348773	0.050348773	1.594367899
Priscilla	tt22041854	2023	1127	655	1106	2377	6140	13742	15099	7428	2214	2363	52251	6.4	6.451321506	0.051321506	1.728782165
Prisoners	tt1392214	2013	3517	1518	2279	4267	11005	36591	144273	329521	242065	138619	913655	8.2	8.226171804	0.026171804	1.277767769
Private Benjamin	tt0081375	1980	404	393	812	1720	4542	9074	7456	3323	1077	1706	30507	6.2	6.332612187	0.132612187	1.712656694
Private Parts	tt0119951	1997	1226	497	717	1182	2947	6833	11893	7939	3138	3955	40327	6.9	6.928038287	0.028038287	1.948915917
Prizzi's Honor	tt0089841	1985	455	307	466	1060	2531	5923	9240	5200	1735	1463	28380	6.7	6.745066949	0.045066949	1.684855626
Problem Child	tt0100419	1990	1730	1598	2285	3779	6529	7494	5201	2607	974	2939	35136	5.5	5.690033015	0.190033015	2.257578351
Professor Marston & the Wonder Women	tt6133130	2017	663	252	339	597	1608	4540	9493	6908	2935	2821	30156	7	7.169120573	0.169120573	1.775974865
Project Almanac	tt2436386	2015	1762	1164	2057	4153	9541	20849	24953	12646	4550	5663	87338	6.4	6.561760059	0.161760059	1.812366307
Project Power	tt7550000	2020	2117	1589	2985	6732	17085	33101	23767	9075	2588	3845	102884	6	6.0837448	0.0837448	1.688677588
Project X	tt1636826	2012	5852	3362	5236	9449	21093	45704	69429	45825	19359	28529	253838	6.7	6.925255478	0.225255478	1.957061892
Prom Night	tt0926129	2008	5908	4492	5619	6584	6016	4027	2447	1389	623	2529	39634	4	4.32620982	0.32620982	2.489001027
Prometheus	tt1446714	2012	12987	8351	13541	23542	49435	109477	195970	157427	66192	53942	690864	7	6.998296336	-0.001703664	1.832410022
Promised Land	tt2091473	2012	695	234	463	1143	3613	11340	14604	5685	1479	1515	40771	6.6	6.607588727	0.007588727	1.512881587
Promising Young Woman	tt9620292	2020	3765	1811	2456	4120	9105	23588	59972	87814	33312	24361	250304	7.5	7.526935247	0.026935247	1.657923452
Proof	tt0377107	2005	552	406	651	1515	4139	10830	15385	8458	2929	2600	47465	6.6	6.800210682	0.200210682	1.610699715
Proof of Life	tt0228750	2000	789	586	1207	2982	8223	18663	17127	7217	2015	1867	60676	6.3	6.345721537	0.045721537	1.555800711
Prospect	tt7946422	2018	782	587	978	2035	5059	10132	10935	5793	1824	1662	39787	6.3	6.410184231	0.110184231	1.746543601
Psycho	tt0054215	1960	5776	2163	3042	5540	12589	32503	100404	212187	217966	185373	777543	8.5	8.379085144	-0.120914856	1.486023638
Psycho	tt0155975	1998	6508	3703	4942	7763	10511	8545	5206	2579	996	1754	52507	4.6	4.707848477	0.107848477	2.279679234
Psycho II	tt0086154	1983	458	418	690	1502	3591	7858	9819	5433	1877	2865	34511	6.6	6.728724175	0.128724175	1.784575366
Public Enemies	tt1152836	2009	3170	1906	3677	8011	21700	58238	115066	71841	25112	24292	333013	6.9	7.078111065	0.178111065	1.575520685
Pulp Fiction	tt0110912	1994	31385	10964	13048	18284	35086	70982	195339	457286	717197	853530	2403101	8.8	8.648262807	-0.151737193	1.64055849
Pulse	tt0286751	2001	699	575	932	1657	3173	6040	7395	5166	2496	2305	30438	6.6	6.635948485	0.035948485	1.985234329
Pulse	tt0454919	2006	2814	2464	3519	5013	6213	4916	2972	1604	696	1868	32079	4.7	4.90950466	0.20950466	2.336373512
Pump Up the Volume	tt0100436	1990	462	275	363	728	1880	4376	9259	7418	3851	4561	33173	7.2	7.388388147	0.188388147	1.792891015
Pumping Iron	tt0076578	1977	197	91	159	329	1049	3241	8209	7026	2563	3593	26457	7.3	7.541709188	0.241709188	1.55729484
Pumpkinhead	tt0095925	1988	499	427	836	1874	4249	8256	7155	3908	1378	2380	30962	6.2	6.449486467	0.249486467	1.84672773
Punch-Drunk Love	tt0272338	2002	3932	2308	3146	5214	11000	23547	47902	50028	26179	22031	195287	7.3	7.305058708	0.005058708	1.891799937
Puncture	tt1582248	2011	295	141	276	578	1826	5438	8816	4705	1567	1878	25520	6.8	6.963557994	0.163557994	1.58792256
Punisher: War Zone	tt0450314	2008	2647	1971	3310	5593	10627	16659	13986	7369	2843	5321	70326	5.9	6.080695618	0.180695618	2.113814708
Purple Hearts	tt4614584	2022	1999	1014	1518	2652	5524	11557	16355	11607	5855	11024	69105	6.7	7.038955213	0.338955213	2.129127471
Purple Rain	tt0087957	1984	661	418	761	1395	2710	4944	5721	3841	1779	3818	26048	6.5	6.815878378	0.315878378	2.139211484
Push	tt0465580	2009	2186	1966	3729	7651	17483	31749	28134	14133	4989	6972	118992	6.1	6.306650867	0.206650867	1.828149856
Pusher	tt0117407	1996	491	221	366	729	1952	6041	15951	15055	5560	3998	50364	7.3	7.407473592	0.107473592	1.507032848
Pusher II	tt0396184	2004	263	109	176	348	1144	3529	8990	8549	3058	2420	28586	7.3	7.428076681	0.128076681	1.491256373
Pushing Tin	tt0120797	1999	734	582	1066	2239	5181	9438	7337	3081	855	1044	31557	6	6.043888836	0.043888836	1.738663314
Pushpa: The Rise - Part 1	tt9389998	2021	5997	1048	1010	1363	2850	5616	11950	16443	12903	40041	99221	7.6	8.025035023	0.425035023	2.482975318
Pushpa: The Rule - Part 2	tt16539454	2024	8256	1708	1750	2351	4112	5239	5853	4590	3736	27706	65301	6.1	7.146827767	1.046827767	3.222818279
Puss in Boots	tt0448694	2011	1641	1353	2931	7042	19659	50909	66481	31912	11340	15084	208352	6.6	6.808765935	0.208765935	1.60710847
Puss in Boots: The Last Wish	tt3915174	2022	991	388	704	1338	3911	13278	41015	69723	44341	43191	218880	7.8	8.152055921	0.352055921	1.422503614
Quantum of Solace	tt0830515	2008	5511	3835	7604	18135	48546	126981	163173	73646	22098	22454	491983	6.5	6.642404311	0.142404311	1.562759437
Quarantine	tt1082868	2008	3945	2257	3315	5881	11899	20330	17573	9246	3416	4693	82555	6	6.033020411	0.033020411	2.089101044
Queen	tt3322420	2013	2531	406	401	544	1199	2805	8077	16123	17481	21450	71017	8.1	8.264204345	0.164204345	2.006016823
Queen & Slim	tt8722346	2019	1390	419	495	800	1794	4630	10409	9284	3960	3595	36776	7.1	7.134761801	0.034761801	1.980545218
Queen of the Damned	tt0238546	2002	3621	3067	4799	7470	10722	10595	8367	5226	2679	7173	63719	5.3	5.766411902	0.466411902	2.467858213
Queenpins	tt9054192	2021	546	279	459	1082	3230	8590	8795	3591	1019	1435	29026	6.4	6.487735134	0.087735134	1.641286167
Queer	tt24176060	2024	2051	732	852	1492	3141	5746	6199	4205	1687	1948	28053	6.4	6.19955085	-0.20044915	2.297067504
Quest for Fire	tt0082484	1981	394	229	290	482	1171	2988	7092	7288	3160	2982	26076	7.3	7.42602393	0.12602393	1.736112409
Quigley Down Under	tt0102744	1990	299	181	330	792	1888	4580	7871	5455	2495	3103	26994	6.9	7.185337482	0.285337482	1.745736497
Quills	tt0180073	2000	691	460	650	1239	2840	7461	16115	15970	7238	6128	58792	7.2	7.389951014	0.189951014	1.689844029
Quiz Show	tt0110932	1994	473	194	342	792	2441	8215	23298	25945	9856	5534	77090	7.5	7.539758724	0.039758724	1.372290891
Quo Vadis, Aida?	tt8633462	2020	5666	554	147	168	449	1250	4353	8792	5299	14804	41482	8	7.573646401	-0.426353599	3.003937012
R.I.P.D.	tt0790736	2013	3983	4357	7935	14832	30533	40959	27157	10897	3562	6269	150484	5.6	5.756572127	0.156572127	1.867384034
Ra.One	tt1562871	2011	8046	2349	2714	3690	5025	5003	4146	3051	2187	15026	51237	5	6.131545563	1.131545563	3.301618206
Raanjhanaa	tt2359810	2013	1267	330	379	587	1257	2798	6414	9383	6682	8391	37488	7.6	7.802363423	0.202363423	2.069372727
Raatchasan	tt7060344	2018	1559	281	258	348	752	1397	3903	8967	13550	27744	58759	8.3	8.762504467	0.462504467	1.868524592
Raazi	tt7098658	2018	2176	265	214	321	679	2023	6407	11093	6733	6693	36604	7.7	7.684542673	-0.015457327	2.199775803
Rab Ne Bana Di Jodi	tt1182937	2008	2680	669	855	1318	2828	6041	11254	10815	6824	15665	58949	7.2	7.559161309	0.359161309	2.318109815
Rabbit Hole	tt0935075	2010	670	414	693	1382	3657	9860	17520	11422	3958	3020	52596	6.9	6.966081071	0.066081071	1.613102831
Rabbit-Proof Fence	tt0252444	2002	411	179	218	461	1196	3417	8466	9574	4307	3243	31472	7.4	7.524021352	0.124021352	1.618659268
Race	tt3499096	2016	562	495	1120	988	1931	6275	15473	10536	3415	2775	43570	7.1	7.051939408	-0.048060592	1.67659688
Race 3	tt7431594	2018	35704	2172	1165	860	895	530	448	516	1627	6171	50088	1.9	2.760241974	0.860241974	3.260101493
Race to Witch Mountain	tt1075417	2009	1605	1387	2762	6117	14268	18870	10831	4614	1616	3700	65770	5.7	5.868420252	0.168420252	1.861098653
Rachel Getting Married	tt1084950	2008	1812	1091	1562	2535	4719	9451	13939	10158	4620	3233	53120	6.7	6.624021084	-0.075978916	2.029855612
Radhe	tt10888594	2021	142353	2907	1373	950	1141	785	1806	2446	7847	19908	181516	1.8	2.580565901	0.780565901	3.236191441
Radhe Shyam	tt8960382	2022	6255	1140	1112	1296	1890	1897	1743	1635	1442	14779	33189	5.2	6.747295791	1.547295791	3.603225499
Radio	tt0316465	2003	634	404	694	1406	3192	7661	14157	9300	3914	5364	46726	6.9	7.136048453	0.236048453	1.788603958
Radio Days	tt0093818	1987	420	156	287	544	1475	4301	10806	11329	4723	4502	38543	7.4	7.543548764	0.143548764	1.595071913
Raees	tt3405236	2017	5520	851	949	1392	3039	5473	7688	5498	4604	19387	54401	6.6	7.293542398	0.693542398	2.904881229
Rage	tt2401807	2014	1642	1416	2260	3741	6292	5483	2726	1192	385	1160	26297	5	5.105487318	0.105487318	2.08011302
Raging Bull	tt0081398	1980	4316	1975	2490	4556	9685	23836	66773	123160	91642	77302	405735	8.1	8.073964534	-0.026035466	1.620634311
Raid 2	tt28089700	2025	619	161	266	419	1076	2463	3472	2177	2980	21572	35205	6.6	8.744013634	2.144013634	2.010292308
Raiders of the Lost Ark	tt0082971	1981	6973	2922	4081	6792	16563	46064	151835	317430	290028	257914	1100602	8.4	8.361881952	-0.038118048	1.451960349
Rain Man	tt0095953	1988	2808	1197	1752	3510	9832	31804	112726	227588	118297	68688	578202	8	8.000354547	0.000354547	1.316500656
Raise the Red Lantern	tt0101640	1991	779	234	241	375	823	1878	5315	11530	8895	7451	37521	8.1	8.071826444	-0.028173556	1.768591676
Raise Your Voice	tt0361696	2004	1652	821	1231	2328	4389	5653	4583	2851	1477	4776	29761	5.8	6.320486543	0.520486543	2.471988225
Raising Arizona	tt0093822	1987	1252	992	1498	3067	7379	19489	44872	43587	19999	17047	159182	7.3	7.457426091	0.157426091	1.612989845
Raising Helen	tt0350028	2004	808	653	1165	2531	6486	11065	8200	4229	1585	2553	39275	6	6.252832591	0.252832591	1.857185002
Raksha Bandhan	tt12834962	2022	10870	997	543	519	902	1078	1248	1327	1379	12733	31596	5.5	5.907076845	0.407076845	4.049031572
Ralph Breaks the Internet	tt5848272	2018	2568	1761	2837	5479	13065	35615	69110	43829	14729	13215	202208	7	6.995989278	-0.004010722	1.635276648
Rambo	tt0462499	2008	4254	2271	3649	6975	16963	39741	74099	52378	22598	32009	254937	7	7.186453908	0.186453908	1.83738429
Rambo III	tt0095956	1988	3704	3494	6278	12505	28051	40329	27060	12198	4234	10256	148109	5.8	6.005340661	0.205340661	1.946440971
Rambo: First Blood Part II	tt0089880	1985	2776	2288	3907	8131	21397	49595	54723	26673	9397	15092	193979	6.5	6.640357977	0.140357977	1.763135802
Rambo: Last Blood	tt1206885	2019	2827	2440	4270	7842	16218	29089	26605	13483	5042	10494	118310	6.1	6.355557434	0.255557434	2.002865694
Rampage	tt2231461	2018	3068	2885	5819	12652	30751	58059	45966	18896	6783	14290	199169	6.1	6.305644955	0.205644955	1.805454104
Rampart	tt1640548	2011	1243	727	1190	2330	4955	6862	4988	2170	630	908	26003	5.8	5.71318694	-0.08681306	1.955380163
Ran	tt0089881	1985	3537	992	1281	1859	3931	7959	20342	39883	35054	34812	149650	8.2	8.080674908	-0.119325092	1.884897979
Random Hearts	tt0156934	1999	1239	1121	1859	3266	5775	5734	3376	1454	460	877	25161	5.4	5.308811256	-0.091188744	1.991880743
Rang De Basanti	tt0405508	2006	4758	1105	1060	1441	2736	5030	12475	25503	30881	41006	125995	8.1	8.247232033	0.147232033	2.121185126
Rangasthalam	tt7392212	2018	1207	150	139	186	419	909	2308	4481	4997	15824	30620	8.2	8.668647943	0.468647943	2.10219413
Rango	tt1192628	2011	2845	1924	3213	6454	16132	42276	92621	84473	35091	29676	314705	7.3	7.350293132	0.050293132	1.61431534
Ransom	tt0117438	1996	1217	829	1652	3996	12323	36052	50652	23326	6717	5919	142683	6.7	6.746122523	0.046122523	1.465760144
Rare Exports	tt1401143	2010	574	433	712	1487	3362	7423	10420	6285	2374	2215	35285	6.6	6.733966275	0.133966275	1.768498209
Rashomon	tt0042876	1950	4002	1263	1487	2682	5485	11063	29488	52884	44303	41778	194435	8.1	8.03103865	-0.06896135	1.836796633
Rat Race	tt0250687	2001	1768	1788	3193	6597	14666	29894	34279	19445	7613	10162	129405	6.5	6.643135891	0.143135891	1.827635728
Ratatouille	tt0382932	2007	6586	2236	3164	6195	16982	53269	166059	304250	197193	169365	925299	8.1	8.121325107	0.021325107	1.460766151
Ravenous	tt0129332	1999	679	474	747	1519	3139	7280	12998	9926	4578	4782	46122	6.9	7.127509648	0.227509648	1.817066475
Raw	tt4954522	2016	2286	1247	1912	3263	6697	14917	27797	22844	9081	5582	95626	6.9	6.916894987	0.016894987	1.840376672
Raw Deal	tt0091828	1986	721	859	1884	4300	9946	11697	6071	2305	738	2020	40541	5.6	5.746824203	0.146824203	1.773603272
Ray	tt0350258	2004	1392	508	701	1430	4086	12404	40561	59201	25463	18269	164015	7.7	7.770490504	0.070490504	1.447711044
Raya and the Last Dragon	tt5109280	2021	2312	1116	1910	3713	9013	24321	54023	47879	20050	21398	185735	7.3	7.385468544	0.085468544	1.686923679
Re-Animator	tt0089885	1985	951	549	1025	1856	4308	11253	22452	19159	7961	8160	77674	7.1	7.277737724	0.177737724	1.713301057
Ready or Not	tt7798634	2019	2582	1602	2726	5921	15653	44756	78948	46619	15461	14091	228359	6.8	6.96314137	0.16314137	1.583009628
Ready Player One	tt1677720	2018	4713	3333	5758	10640	23790	61303	135982	153017	74439	61467	534442	7.4	7.519266824	0.119266824	1.651246081
Real Genius	tt0089886	1985	511	303	507	1213	2875	6476	10938	8101	4166	5870	40960	6.9	7.282446289	0.382446289	1.830905545
Real Steel	tt0433035	2011	3445	2357	4219	8863	22395	57311	113314	89378	37041	38834	377157	7.1	7.27028797	0.17028797	1.657850717
Reality	tt24068064	2023	791	349	450	921	2464	6651	9802	5151	1387	1119	29085	6.7	6.609730101	-0.090269899	1.71494445
Reality Bites	tt0110950	1994	869	582	1085	2251	5425	12741	15867	9438	3857	4847	56962	6.6	6.804869913	0.204869913	1.798343568
Rear Window	tt0047396	1954	4962	1707	2155	3890	8843	22862	72909	156335	159111	131195	563969	8.5	8.363544805	-0.136455195	1.502996666
Rebecca	tt0032976	1940	2445	770	987	1517	3986	9604	26834	48914	32933	33514	161504	8.1	8.057106945	-0.042893055	1.695102548
Rebecca	tt2235695	2020	1039	898	1543	3386	7822	14229	11812	5209	1686	2193	49817	6.1	6.161591425	0.061591425	1.776433736
Rebel Moon - Part One: A Child of Fire	tt14998742	2023	7661	6317	9214	13109	21661	27821	23083	13298	5584	11288	139036	5.6	5.802130383	0.202130383	2.324604517
Rebel Moon - Part Two: The Scargiver	tt23137904	2024	4701	3555	4843	6515	10786	11748	8829	5014	2121	4447	62559	5.3	5.471506897	0.171506897	2.387167172
Rebel Ridge	tt11301886	2024	1280	742	1299	2732	7561	20912	34363	19518	5504	5730	99641	6.8	6.868528016	0.068528016	1.592018042
Rebel Without a Cause	tt0048545	1955	799	514	756	1545	3930	10117	24089	31475	15044	14228	102497	7.6	7.695113028	0.095113028	1.603777767
REC	tt1038988	2007	2712	1711	2641	4396	9638	23272	55218	64177	28925	21294	213984	7.4	7.442939659	0.042939659	1.693362579
Recep Ivedik	tt1193516	2008	9129	1285	1429	1826	3020	3354	3102	2096	1105	4660	31006	5	4.951977037	-0.048022963	3.281677614
RED	tt1245526	2010	2048	1642	3111	7074	19522	56154	119134	77109	27155	23625	336574	7	7.15726705	0.15726705	1.495240921
RED 2	tt1821694	2013	1689	1355	2610	6202	17175	45897	61979	29117	9939	11597	187560	6.6	6.7738537	0.1738537	1.583851461
Red Cliff	tt0425637	2008	687	287	546	1000	2299	5887	13944	13968	6256	5254	50128	7.3	7.419246728	0.119246728	1.684237841
Red Cliff II	tt1326972	2009	406	143	233	422	1013	2668	6475	8290	3615	3054	26319	7.5	7.556214142	0.056214142	1.682832197
Red Dawn	tt0087985	1984	2149	1391	2012	3449	7260	14098	15974	10452	4505	6687	67977	6.3	6.597819851	0.297819851	2.087337047
Red Dawn	tt1234719	2012	5774	3529	5281	8479	14862	17278	12360	6409	2819	6561	83352	5.3	5.630842691	0.330842691	2.334117683
Red Dragon	tt0289765	2002	1532	954	1783	4032	12356	41856	109709	87510	28707	20672	309111	7.2	7.346742756	0.146742756	1.377243119
Red Eye	tt0421239	2005	1935	1476	3069	6693	18384	45391	50173	21036	6676	9146	163979	6.4	6.562883052	0.162883052	1.626024065
Red Heat	tt0095963	1988	890	881	1884	4786	13253	26049	19223	7611	2225	3909	80711	6.1	6.251576613	0.151576613	1.623863124
Red Lights	tt1748179	2012	1210	1077	2038	4432	9795	19463	17869	8419	2769	3186	70258	6.2	6.293589342	0.093589342	1.7482548
Red Notice	tt7991608	2021	7506	4724	8566	16685	39066	81858	98733	51245	17729	23724	349836	6.3	6.556677986	0.256677986	1.837030221
Red One	tt14948432	2024	3079	2198	3756	6868	15547	31311	46758	26523	9173	11895	157108	6.2	6.70120554	0.50120554	1.849562966
Red Planet	tt0199753	2000	1473	1502	3105	6294	13160	17502	11444	4329	1383	1912	62104	5.7	5.733720855	0.033720855	1.769868325
Red Riding Hood	tt1486185	2011	4718	4446	7443	13213	23430	26270	18094	9382	4053	7917	118966	5.4	5.723668947	0.323668947	2.134552408
Red River	tt0040724	1948	1180	223	248	498	1198	3005	7674	11649	5976	5751	37402	7.7	7.662317523	-0.037682477	1.901332598
Red Rock West	tt0105226	1993	289	156	265	536	1654	4747	10100	6339	2107	1573	27766	7	7.073291075	0.073291075	1.51236994
Red Rocket	tt13453006	2021	855	374	592	1011	2350	6248	13330	11333	3889	2064	42046	7.1	7.046472911	-0.053527089	1.687454087
Red Sonja	tt0089893	1985	1678	2110	3935	7038	11863	9917	5665	2372	805	2312	47695	5.1	5.318544921	0.218544921	1.987408191
Red Sparrow	tt2873282	2018	5114	2600	3874	7688	19071	47316	68702	37745	12331	11470	215911	6.6	6.671693429	0.071693429	1.762766462
Red State	tt0873886	2011	2565	1706	2617	4720	8806	15149	16036	9887	3811	4497	69794	6.1	6.279178726	0.179178726	2.069997151
Red Tails	tt0485985	2012	2099	1035	1561	2642	5274	8527	7358	4164	1853	3886	38399	5.9	6.18003073	0.28003073	2.285363833
Red, White & Royal Blue	tt10172266	2023	3009	842	979	1613	3397	7415	12041	10870	6713	15871	62750	7	7.425195219	0.425195219	2.360970631
Redemption	tt1893256	2013	1145	959	1877	4477	11446	24374	20979	8712	2834	4421	81224	6.2	6.357000394	0.157000394	1.689825329
Redirected	tt2275946	2014	1515	584	877	1403	2890	4941	6231	3939	1974	10611	34965	6.4	7.265179465	0.865179465	2.492267277
Reds	tt0082979	1981	645	299	362	652	1417	3088	6365	6507	3286	3819	26440	7.3	7.372352496	0.072352496	1.959026467
Regarding Henry	tt0102768	1991	367	298	485	1059	3266	7984	11557	6503	2254	2157	35930	6.7	6.837378235	0.137378235	1.608713652
Regression	tt3319920	2015	1113	963	2043	4417	9697	13146	8139	2905	859	1378	44660	5.6	5.730429915	0.130429915	1.740437857
Reign of Fire	tt0253556	2002	2003	1923	4173	8978	21087	41871	40674	18544	5518	6827	151598	6.2	6.34535416	0.14535416	1.686260076
Reign Over Me	tt0490204	2007	1194	482	766	1606	3956	10688	25612	30231	14693	13042	102270	7.4	7.612955901	0.212955901	1.643424528
Reindeer Games	tt0184858	2000	1225	1145	2118	4035	8412	12566	8766	3520	1095	1712	44594	5.8	5.829528636	0.029528636	1.842326443
Reis	tt5988370	2017	59958	238	64	42	79	49	58	61	114	13835	74498	1	2.708166662	1.708166662	3.512266634
Relay	tt11539996	2024	255	110	170	371	1211	4024	10523	6204	1843	1332	26043	7	7.136965787	0.136965787	1.412154484
Relic	tt9072352	2020	1243	895	1422	2638	5158	8223	7326	3732	1099	966	32702	6	5.922206593	-0.077793407	1.926019997
Religulous	tt0815241	2008	2818	675	787	1091	2236	5060	11108	15397	9754	12088	61014	7.6	7.572540728	-0.027459272	2.209810289
Remember	tt3704050	2015	317	98	149	318	990	2908	8628	9828	3808	2489	29533	7.5	7.544509532	0.044509532	1.479929637
Remember Me	tt1403981	2010	3028	1475	2351	4255	9681	22117	42911	35875	18162	22187	162042	7.1	7.305902174	0.205902174	1.884852019
Remember the Titans	tt0210945	2000	1384	623	1004	2272	6136	17803	53033	81909	43173	39197	246534	7.8	7.947212149	0.147212149	1.46683141
Reminiscence	tt3272066	2021	1595	1474	2939	5795	12513	19157	14932	6589	2176	3152	70322	5.9	6.006470237	0.106470237	1.835454949
Rendition	tt0804522	2007	1218	490	723	1513	4538	12683	19963	11265	3645	3620	59658	6.8	6.84020584	0.04020584	1.683208577
Renfield	tt11358390	2023	1671	1379	2558	5587	14253	32169	34402	15388	4488	6133	118028	6.4	6.476175145	0.076175145	1.67508726
Reno 911!: Miami	tt0499554	2007	1520	980	1250	2009	3636	6060	5668	3376	1346	2778	28623	5.9	6.162317018	0.262317018	2.30130218
Rent	tt0294870	2005	2226	987	1293	1989	3705	6457	10063	9260	6657	15213	57850	6.8	7.430700086	0.630700086	2.376623132
Replicas	tt4154916	2018	1523	1746	2607	4779	9259	11611	7142	2947	1077	2067	44758	5.5	5.62683766	0.12683766	1.967809869
Repo Man	tt0087995	1984	705	514	909	1774	3650	7384	11438	8842	4282	5300	44798	6.8	7.063931426	0.263931426	1.91459326
Repo Men	tt1053424	2010	2090	1690	2984	6098	14099	29619	31661	15628	4886	4962	113717	6.3	6.39542021	0.09542021	1.74027535
Repo! The Genetic Opera	tt0963194	2008	1557	823	984	1333	1975	3303	4556	4307	2995	6262	28095	6.4	7.015589963	0.615589963	2.588293982
Reptile	tt13274016	2023	847	549	1163	2581	7479	22946	38885	21035	5954	6161	107600	6.8	6.937732342	0.137732342	1.489745076
Repulsion	tt0059646	1965	852	461	693	1237	2673	5898	13077	17627	10383	7965	60866	7.6	7.610258601	0.010258601	1.763027251
Requiem for a Dream	tt0180093	2000	12629	5542	7205	11246	21566	48265	127443	254732	254921	219391	962940	8.3	8.210156396	-0.089843604	1.700016298
Rescue Dawn	tt0462504	2006	1102	495	876	1693	4739	14936	38384	33382	11170	8539	115316	7.2	7.340412432	0.140412432	1.492126527
Reservation Road	tt0831884	2007	346	172	326	818	2242	6210	9099	4135	1190	1334	25872	6.6	6.734423315	0.134423315	1.567767781
Reservoir Dogs	tt0105236	1992	8772	4072	5316	8737	19075	51755	170363	369705	321810	198915	1158520	8.3	8.208177675	-0.091822325	1.45879728
Resident Evil	tt0120804	2002	4735	3629	6546	12173	27211	62014	91865	50999	19434	27797	306403	6.6	6.828865905	0.228865905	1.821205038
Resident Evil: Afterlife	tt1220634	2010	6302	5277	8681	15726	31473	46080	33120	16821	7025	15570	186075	5.8	6.045847105	0.245847105	2.107994319
Resident Evil: Apocalypse	tt0318627	2004	5145	4384	7443	13620	29101	57377	50278	24923	9363	17504	219138	6.1	6.348173297	0.248173297	1.954446695
Resident Evil: Degeneration	tt1174954	2008	748	489	862	1650	3633	7938	9166	4798	1810	3374	34468	6.4	6.651996054	0.251996054	1.93081584
Resident Evil: Extinction	tt0432021	2007	4783	3506	6490	12611	27667	55767	51623	24662	9251	17463	213823	6.2	6.41274325	0.21274325	1.920572744
Resident Evil: Retribution	tt1855325	2012	8026	6707	10577	17465	32289	31942	21174	10797	4745	13546	157268	5.3	5.652052547	0.352052547	2.269559957
Resident Evil: The Final Chapter	tt2592614	2016	5410	4113	6050	10196	20273	25304	16919	7987	3137	7596	106985	5.5	5.723054634	0.223054634	2.176920593
Resident Evil: Welcome to Raccoon City	tt6920084	2021	5435	3348	5547	8607	14486	13957	9066	4356	1576	4049	70427	5.2	5.287119997	0.087119997	2.254462113
Restrepo	tt1559549	2010	602	339	293	358	846	2479	6334	7428	3514	2852	25045	7.4	7.450708724	0.050708724	1.852925614
Retribution	tt6906292	2023	965	882	1661	3272	7029	7357	3732	1332	398	973	27601	5.3	5.441070976	0.141070976	1.834555606
Return to Oz	tt0089908	1985	698	464	726	1421	2854	6017	8293	5957	2636	4460	33526	6.8	6.976406371	0.176406371	2.008099464
Revenge	tt6738136	2017	2308	1326	1919	3220	6614	13680	17592	10434	3119	3343	63555	6.4	6.401762253	0.001762253	1.968652445
Revenge of the Nerds	tt0088000	1984	988	778	1276	2696	6071	13144	17113	9840	3808	5767	61481	6.6	6.779785625	0.179785625	1.853093203
Revolutionary Road	tt0959337	2008	2224	1400	2396	4592	11482	31011	69592	64400	27183	19696	233976	7.3	7.34266335	0.04266335	1.594131193
Revolver	tt0365686	2005	3397	2295	3774	6168	11798	20457	23741	16226	8057	11912	107825	6.3	6.615729191	0.315729191	2.159760547
Richard Jewell	tt3513548	2019	600	212	320	723	2402	9854	36160	37176	10950	6991	105388	7.5	7.543534368	0.043534368	1.272875419
Richie Rich	tt0110989	1994	1864	2344	4862	9800	18254	18924	11420	4934	1721	4304	78427	5.5	5.649750724	0.149750724	1.926941977
Ricki and the Flash	tt3623726	2015	880	450	856	1805	4495	7773	5505	2217	721	1064	25766	6	5.980012419	-0.019987581	1.83222874
Ricky Stanicky	tt1660648	2024	1188	857	1404	3025	7777	16819	16574	7268	2225	3254	60391	6.2	6.387375602	0.187375602	1.748359225
Riddick	tt1411250	2013	3098	2294	4201	8849	21165	45483	51527	25908	9197	13432	185154	6.4	6.586160709	0.186160709	1.79678095
Ride Along	tt1408253	2014	2246	1622	3051	6698	17088	36989	32661	14429	4907	8930	128621	6.1	6.424541871	0.324541871	1.780347831
Ride Along 2	tt2869728	2016	1496	1099	2110	4510	11585	20627	13376	5594	2051	4348	66796	5.9	6.139199952	0.239199952	1.839766332
Riders of Justice	tt11655202	2020	446	207	408	812	2239	7351	20873	25896	9951	5949	74132	7.5	7.594034965	0.094034965	1.39594107
Riding in Cars with Boys	tt0200027	2001	667	373	680	1480	3569	6809	7820	4819	2049	3391	31657	6.5	6.750955555	0.250955555	1.948546285
Rififi	tt0048021	1955	1600	235	262	456	914	2221	6173	12371	8629	6224	39085	8.1	7.794703851	-0.305296149	1.9969959
Righteous Kill	tt1034331	2008	2140	1884	3341	6829	14866	27530	22133	9263	2783	4599	95368	6	6.111368593	0.111368593	1.810278998
Rim of the World	tt8179388	2019	1657	1290	1889	2902	4824	5200	3369	1592	602	3611	26936	5.3	5.742463617	0.442463617	2.487335437
Rings	tt0498381	2017	3417	3677	5467	8186	10163	7012	3637	1552	588	1733	45432	4.5	4.694928685	0.194928685	2.107851785
Rio	tt1436562	2011	2095	1486	2975	7083	19743	52551	89029	51141	19649	23256	269008	6.9	7.055838488	0.155838488	1.605779756
Rio 2	tt2357291	2014	1479	1178	2428	5485	14101	30858	28151	12750	4650	8481	109561	6.3	6.520833143	0.220833143	1.763418535
Rio Bravo	tt0053221	1959	965	268	414	725	1805	4807	13037	22871	13638	14204	72734	8	8.008895427	0.008895427	1.649273448
Rise of the Guardians	tt1446192	2012	1538	802	1496	3634	10151	27874	57411	51351	23617	29400	207274	7.2	7.52338933	0.32338933	1.635132402
Rise of the Planet of the Apes	tt1318514	2011	3469	1879	2980	6422	17471	55200	169236	213515	80026	51305	601503	7.6	7.625009352	0.025009352	1.39039096
Risen	tt3231054	2016	1058	464	772	1521	3663	6977	7352	4491	2227	4190	32715	6.3	6.721626165	0.421626165	2.112069566
Rising Sun	tt0107969	1993	561	447	984	2498	7090	16078	13806	5472	1496	1582	50014	6.3	6.318610789	0.018610789	1.526287344
Risky Business	tt0086200	1983	1189	681	1370	2926	8423	23691	36132	19660	6728	6310	107110	6.8	6.875940622	0.075940622	1.579387088
Road House	tt0098206	1989	1261	1068	2036	4002	9625	21893	31016	19768	7551	11996	110216	6.7	6.969686797	0.269686797	1.804583989
Road House	tt3359350	2024	4535	3331	5383	10013	23484	46451	47589	21573	6616	11447	180422	6.2	6.336505526	0.136505526	1.875750925
Road to Perdition	tt0257044	2002	1474	816	1355	2852	7963	25020	77178	106416	45608	29765	298447	7.6	7.734070036	0.134070036	1.386341591
Road Trip	tt0215129	2000	2499	2228	3947	8492	20574	46201	55221	27735	9335	10819	187051	6.5	6.594308504	0.094308504	1.707572488
Rob Roy	tt0114287	1995	521	316	516	1182	3457	9201	16104	10104	3936	3568	48905	6.9	7.045987118	0.145987118	1.607912652
Robin Hood	tt0070608	1973	645	353	781	1798	5773	16729	41444	43851	17653	19322	148349	7.5	7.63832584	0.13832584	1.487988449
Robin Hood	tt0955308	2010	3502	2566	4935	11176	28354	68646	94261	49560	16042	15365	294407	6.6	6.71221812	0.11221812	1.627133627
Robin Hood	tt4532826	2018	5511	3860	5777	9053	16026	18670	13362	6593	2409	4429	85690	5.4	5.498576263	0.098576263	2.199378124
Robin Hood: Men in Tights	tt0107977	1993	1669	1739	2829	5774	12737	28093	40027	25302	11040	15322	144532	6.7	6.947651731	0.247651731	1.835236655
Robin Hood: Prince of Thieves	tt0102798	1991	1919	1483	2865	5905	15240	40300	73254	45847	16915	16293	220021	6.9	7.04395944	0.14395944	1.604073456
RoboCop	tt0093870	1987	1628	1117	2051	4236	11181	32140	79942	93271	40131	39213	304910	7.6	7.657259519	0.057259519	1.52524398
RoboCop	tt1234721	2014	6470	3855	7164	15179	37244	69885	62988	26262	7873	10908	247828	6.1	6.185205062	0.085205062	1.786303508
RoboCop 2	tt0100502	1990	1782	2012	3960	8863	19970	27992	18349	8286	2706	5024	98944	5.8	5.965647235	0.165647235	1.809360735
RoboCop 3	tt0107978	1993	6115	6118	9393	11522	10638	6447	3320	1422	570	2139	57684	4.2	4.258130504	0.058130504	2.144868709
Robot & Frank	tt1990314	2012	474	263	445	1106	3369	11692	25328	16347	4903	3114	67041	7	7.116466043	0.116466043	1.386930951
Robots	tt0358082	2005	1648	1693	3435	8201	21722	47159	47983	22840	7797	10441	172919	6.4	6.551570388	0.151570388	1.662090751
Rocco and His Brothers	tt0054248	1960	295	127	146	269	572	1310	3343	6877	5488	6977	25404	8.2	8.280664462	0.080664462	1.684790074
Rock of Ages	tt1336608	2012	4059	2576	3795	6396	11623	16417	15626	10195	4924	8566	84177	5.9	6.221592597	0.321592597	2.306206846
Rock Star	tt0202470	2001	921	654	1209	2588	6013	11481	11357	6378	2390	3865	46856	6.3	6.527275055	0.227275055	1.893138893
Rocketman	tt2066051	2019	2268	1050	1703	3366	9040	27028	62944	58832	23940	17114	207285	7.3	7.372327954	0.072327954	1.566271554
Rocketry: The Nambi Effect	tt9263550	2022	1134	191	150	220	457	930	2522	4975	7973	43131	61683	8.6	9.260768769	0.660768769	1.623190726
RocknRolla	tt1032755	2008	2286	1324	2390	4773	12501	34514	80366	77458	32681	25600	273893	7.2	7.423117787	0.223117787	1.564807717
Rockstar	tt1839596	2011	1650	434	498	897	1743	3766	8336	13023	10066	13905	54318	7.8	7.936429913	0.136429913	2.04803363
Rocky	tt0075148	1976	4679	1948	2915	5017	13213	38035	123214	226275	137884	126595	679775	8.1	8.107487036	0.007487036	1.477139706
Rocky Aur Rani Kii Prem Kahaani	tt14993250	2023	4599	688	643	858	1952	3507	4839	7060	7234	19057	50437	6.5	7.696076293	1.196076293	2.799086081
Rocky Balboa	tt0479143	2006	2368	1207	2192	4566	12706	36041	73436	55383	22554	30820	241273	7.1	7.368002222	0.268002222	1.664873265
Rocky II	tt0079817	1979	1339	851	1452	3224	9689	32158	85000	63547	24339	25091	246690	7.3	7.438578783	0.138578783	1.468401904
Rocky III	tt0084602	1982	1662	1165	2489	5410	16499	48759	74541	39986	14942	20122	225575	6.9	7.028797517	0.128797517	1.593644519
Rocky IV	tt0089927	1985	2888	2092	3756	8174	18621	42866	67265	45977	21142	29298	242079	6.9	7.118610041	0.218610041	1.815730385
Rocky V	tt0100507	1990	4855	5576	10534	21546	38758	35883	20671	9184	3535	9232	159774	5.4	5.540231827	0.140231827	1.991229117
Roger & Me	tt0098213	1989	1392	280	266	430	950	2547	6722	7814	3923	3821	28145	7.5	7.375555161	-0.124444839	2.111771452
Rogue	tt0479528	2007	873	516	946	1968	4721	9912	9372	4169	1207	2015	35699	6.2	6.321213479	0.121213479	1.80771906
Rogue One: A Star Wars Story	tt3748528	2016	7646	3317	4948	9331	22396	57877	145022	231163	153591	110625	745916	7.8	7.881205122	0.081205122	1.608848055
Role Models	tt0430922	2008	1984	1641	3062	6862	19377	51502	83872	49227	17295	15557	250379	6.8	6.949232963	0.149232963	1.560849509
Rollerball	tt0073631	1975	405	344	705	1394	3274	7398	8969	5225	1984	2207	31905	6.5	6.709011127	0.209011127	1.751042633
Rollerball	tt0246894	2002	8032	5692	5576	3941	2977	1832	1113	536	216	810	30725	3.2	3.251684296	0.051684296	2.186499788
Roma	tt6155172	2018	3997	1999	2646	3821	7994	16785	35595	48504	33513	22342	177196	7.6	7.52912594	-0.07087406	1.920242527
Roman Holiday	tt0046250	1953	2132	494	699	1204	3404	9184	28088	50848	32156	28820	157029	8	8.044125607	0.044125607	1.599183006
Roman J. Israel, Esq.	tt6000478	2017	705	303	645	1596	4984	13546	15406	6464	1791	2052	47492	6.5	6.569927567	0.069927567	1.552278167
Romancing the Stone	tt0088011	1984	673	413	907	2397	7310	22127	40672	22199	7059	7118	110875	6.9	7.036094701	0.136094701	1.460057236
Rome, Open City	tt0038890	1945	308	160	170	287	811	2163	5520	10446	6467	7264	33596	8	8.107215145	0.107215145	1.602775267
Romeo + Juliet	tt0117509	1996	5929	3626	5644	9935	21700	46425	66005	46291	23258	28636	257449	6.7	6.933210073	0.233210073	1.983564647
Romeo and Juliet	tt0063518	1968	484	258	375	689	1787	3863	7808	9142	5070	7496	36972	7.6	7.718706048	0.118706048	1.837834318
Romeo Must Die	tt0165929	2000	1204	1081	2148	4619	11686	22207	18145	8320	2749	4524	76683	6.1	6.305361032	0.205361032	1.762811555
Romper Stomper	tt0105275	1992	673	361	633	1363	3427	8638	13784	8318	2972	3122	43291	6.8	6.900025409	0.100025409	1.705136818
Romy and Michele's High School Reunion	tt0120032	1997	1088	1114	1856	3532	7168	12145	11940	7794	3634	7041	57312	6.4	6.643809324	0.243809324	2.079145902
Ron's Gone Wrong	tt7504818	2021	435	210	328	640	2172	7044	15051	10166	3979	4673	44698	7.1	7.310148105	0.210148105	1.579347271
Ronin	tt0122690	1998	1309	855	1597	3503	9493	27906	67334	57672	21813	14540	206022	7.2	7.334915689	0.134915689	1.468248985
Roofman	tt4627382	2025	402	213	362	729	2228	7677	19246	9952	2421	1969	45199	7	7.032213102	0.032213102	1.379791774
Rookie of the Year	tt0107985	1993	496	492	993	2228	5485	9025	7218	3504	1227	2505	33173	6.1	6.318301028	0.218301028	1.842414481
Room	tt3170832	2015	3199	1289	1838	3218	8321	25459	87161	167397	113070	65584	476536	8.1	8.060870532	-0.039129468	1.403077435
Room in Rome	tt1263750	2010	1279	788	1078	1894	3549	5682	5487	3488	1693	2965	27903	6	6.33272408	0.33272408	2.27521031
Rope	tt0040746	1948	1584	546	721	1351	3596	10806	32745	57342	32841	22052	163584	7.9	7.929253472	0.029253472	1.494722239
Rose Island	tt10287954	2020	282	109	131	387	1238	4461	11345	6283	1776	1304	27316	7	7.105725582	0.105725582	1.388832114
Rosemary's Baby	tt0063522	1968	3311	1371	1858	3287	6819	17376	45592	81290	52004	42255	255163	8	7.928955217	-0.071044783	1.664380393
Rosencrantz & Guildenstern Are Dead	tt0100519	1990	482	325	386	618	1282	2560	4588	5609	4177	5321	25348	7.3	7.666206407	0.366206407	2.02422279
Rough Night	tt4799050	2017	3129	2425	3885	6961	13591	14051	7705	3243	1154	2263	58407	5.2	5.352680329	0.152680329	2.011090275
Rounders	tt0128442	1998	779	416	862	1795	6129	21491	55588	48381	18567	13276	167284	7.3	7.454359054	0.154359054	1.387393618
Rowdy Rathore	tt2077833	2012	1823	841	1251	1771	2993	4296	4025	2609	1793	5228	26630	5.8	6.479421705	0.679421705	2.660536917
Roxanne	tt0093886	1987	515	405	739	1723	4869	12012	15383	8381	3052	2629	49708	6.6	6.74615756	0.14615756	1.608033878
RRR	tt8178634	2022	7910	1606	1756	2391	4826	9232	20121	47068	26966	78804	200680	7.8	8.239989037	0.439989037	2.185663766
Rubber	tt1612774	2010	3307	1970	2303	3363	5442	8151	7878	4955	2044	3131	42544	5.7	5.834336217	0.134336217	2.418491947
Ruby & Quentin	tt0310203	2003	271	179	308	664	1874	5061	10008	7215	3146	3507	32233	7.1	7.293922378	0.193922378	1.636005313
Ruby Sparks	tt1839492	2012	849	600	927	1914	5024	15771	35878	28979	11045	7526	108513	7.2	7.279081769	0.079081769	1.505452735
Rudy	tt0108002	1993	832	342	533	1128	2839	7777	18524	20461	10123	10943	73502	7.5	7.65117956	0.15117956	1.668372498
Rules of Engagement	tt0160797	2000	1150	562	973	1983	5902	15212	15815	6801	1948	2033	52379	6.4	6.431623361	0.031623361	1.656090985
Rumble Fish	tt0086216	1983	485	313	560	1090	2431	5724	11352	9707	4421	4611	40694	7.1	7.290239347	0.190239347	1.752404312
Rumble in the Bronx	tt0113326	1995	542	297	524	1360	3907	10676	16611	8432	2806	3855	49010	6.8	6.922587227	0.122587227	1.615605051
Rumor Has It...	tt0398375	2005	2188	1888	3286	6763	14458	17757	10229	4205	1373	2587	64734	5.5	5.641177743	0.141177743	1.878614757
Run	tt8633478	2020	946	717	1365	2968	8737	26711	39358	18993	5462	5395	110652	6.7	6.803817373	0.103817373	1.495065033
Run All Night	tt2199571	2015	932	614	1296	3365	11323	33309	41023	16716	4732	6060	119370	6.6	6.702303761	0.102303761	1.470525898
Run Fatboy Run	tt0425413	2007	681	514	1054	2436	6755	17332	23208	11120	3661	4210	70971	6.5	6.747079793	0.247079793	1.5908896
Run Hide Fight	tt11456054	2020	1736	594	796	1095	2283	4877	5616	3876	2361	6469	29703	6.3	6.956469044	0.656469044	2.498607211
Run Lola Run	tt0130827	1998	3157	1217	1682	2869	6994	18452	48655	68648	37147	27622	216443	7.6	7.706911288	0.106911288	1.666226611
Runaway Bride	tt0163187	1999	2929	2767	5400	11180	23700	28085	18675	8724	3307	4872	109639	5.6	5.795319184	0.195319184	1.888966635
Runaway Jury	tt0313542	2003	982	527	867	1908	5646	18680	45516	30290	9205	6197	119818	7.1	7.163581432	0.063581432	1.416801399
Runaway Train	tt0089941	1985	357	232	398	727	2056	5262	10915	8945	3748	3535	36175	7.2	7.292937111	0.092937111	1.643394318
Runner Runner	tt2364841	2013	1528	1403	2859	6386	14812	20295	12023	3965	1261	2474	67006	5.6	5.764483778	0.164483778	1.735577057
Running Scared	tt0404390	2006	1636	785	1205	2161	4689	11786	27258	29776	13694	13484	106474	7.3	7.482822097	0.182822097	1.757512328
Runway 34	tt11460992	2022	2739	393	338	401	992	2269	4455	5178	5056	9671	31492	7	7.606376223	0.606376223	2.670288098
Rurouni Kenshin Part I: Origins	tt1979319	2012	332	114	206	448	1121	3173	7875	8693	3853	5123	30938	7.4	7.698913957	0.298913957	1.656456048
Rush	tt1979320	2013	2686	1041	1341	2760	7612	26173	101297	199275	132241	77949	552375	8.1	8.124674361	0.024674361	1.31606247
Rush Hour	tt0120812	1998	1775	1420	2672	5939	17247	53443	116326	70807	24389	29287	323305	7.1	7.226578618	0.126578618	1.506120246
Rush Hour 2	tt0266915	2001	1965	1756	3342	7806	22051	59971	82234	41443	14975	21627	257170	6.7	6.902185325	0.202185325	1.626171607
Rush Hour 3	tt0293564	2007	3179	2460	4473	9622	24988	55543	48987	22332	8206	17225	197015	6.2	6.526777149	0.326777149	1.824286099
Rushmore	tt0128445	1998	1941	1182	1641	2994	7140	18842	47446	61931	33886	29890	206893	7.6	7.740232874	0.140232874	1.635118554
Rust and Bone	tt2053425	2012	640	302	469	937	2513	7745	21226	24271	9350	5261	72714	7.4	7.494347718	0.094347718	1.462725136
Rustom	tt5165344	2016	1448	285	358	638	1468	3694	7502	6614	3367	5724	31098	7	7.3354235	0.3354235	2.184441571
Ruthless People	tt0091877	1986	301	182	384	824	2502	6349	10144	6384	2425	2814	32309	6.9	7.049490854	0.149490854	1.637528268
RV	tt0449089	2006	2023	2028	3684	6787	13251	16534	11009	5228	1943	4184	66671	5.6	5.818901771	0.218901771	2.015179459
S.W.A.T.	tt0257076	2003	2478	2193	4490	10174	25992	49390	37923	15360	4576	6552	159128	6.1	6.173489267	0.073489267	1.671760538
S1m0ne	tt0258153	2002	1113	1037	1901	4260	9831	17753	15565	7219	2420	2888	63987	6.1	6.235172769	0.135172769	1.755928735
Saaho	tt6836936	2019	4192	1053	1144	1457	2133	2119	2007	1603	1283	9396	26387	5.1	6.492477356	1.392477356	3.393222144
Sabotage	tt1742334	2014	2180	1806	3292	6387	13547	19422	12706	4880	1524	2861	68605	5.7	5.769127615	0.069127615	1.871086619
Saboteur	tt0035279	1942	171	107	206	449	1481	4803	10863	7308	2255	1802	29445	7.1	7.194498217	0.094498217	1.407462459
Sabrina	tt0047437	1954	411	219	361	803	2310	6779	19366	24842	10599	9389	75079	7.6	7.737809507	0.137809507	1.460572422
Sabrina	tt0114319	1995	740	582	1109	2402	6017	11867	11224	6526	2719	3579	46765	6.3	6.568224099	0.268224099	1.834514404
Sadak 2	tt7886848	2020	92110	580	350	277	332	274	275	243	244	2447	97132	1.2	1.330838447	0.130838447	1.577246775
Safe	tt1656190	2012	1058	735	1582	4154	12768	35196	39787	16082	4958	7469	123789	6.5	6.667660293	0.167660293	1.54344759
Safe Haven	tt1702439	2013	1610	1206	2083	4388	10318	23226	32078	20371	9871	15315	120466	6.7	7.041588498	0.341588498	1.873671068
Safe House	tt1599348	2012	1869	1061	2227	5623	18448	57658	92705	43480	12653	12222	247946	6.7	6.873367588	0.173367588	1.436457172
Safety Not Guaranteed	tt1862079	2012	1370	895	1584	3423	9306	24352	43960	30695	11371	7525	134481	6.9	7.027870108	0.127870108	1.57411945
Sahara	tt0318649	2005	2102	1773	3396	7328	17003	30518	25243	11558	4033	5455	108409	6.1	6.210582147	0.110582147	1.79178099
Saint Maud	tt7557108	2019	1424	872	1300	2526	5277	11133	15738	10797	3630	2153	54850	6.6	6.583354603	-0.016645397	1.831631109
Saiyaara	tt28037987	2025	5431	841	763	986	1897	2797	3685	3104	6508	30496	56508	6.3	8.030225809	1.730225809	2.949640661
Salaar	tt13927994	2023	9636	1539	1252	1484	2663	4276	6258	5702	4594	40434	77838	6.7	7.663159382	0.963159382	3.180647346
Salem's Lot	tt10245072	2024	1224	1114	2125	4211	8619	10725	6601	2725	885	1475	39704	5.6	5.662855128	0.062855128	1.86141102
Salmon Fishing in the Yemen	tt1441952	2011	660	482	857	1914	5218	14393	24157	13339	4315	3426	68761	6.8	6.881880717	0.081880717	1.537237211
Salò, or the 120 Days of Sodom	tt0073650	1975	7470	2997	3580	4877	7977	11100	11482	9174	5013	7895	71565	5.8	5.980996297	0.180996297	2.679986656
Salt	tt0944835	2010	5548	3998	7133	15358	38110	87129	100441	48854	16581	17943	341095	6.5	6.54444363	0.04444363	1.71006947
Saltburn	tt17351924	2023	6308	3348	4809	7935	17135	38626	73842	62003	25030	18070	257106	7	6.983462074	-0.016537926	1.861583573
Samaritan	tt5500218	2022	1444	1345	2574	5522	12248	16885	10838	4645	1592	3580	60673	5.7	5.927644916	0.227644916	1.8860887
Samrat Prithviraj	tt9637132	2022	7598	975	601	670	966	990	858	1954	10941	28376	53929	5.5	7.948747427	2.448747427	3.253842849
Samsara	tt0770802	2011	294	108	136	257	580	1489	4594	10303	10968	10936	39665	8.4	8.481885794	0.081885794	1.481678777
San Andreas	tt2126355	2015	5718	5012	9135	18399	40807	74360	63035	28556	10545	17580	273147	6.1	6.250612308	0.150612308	1.870865468
Sanctum	tt0881320	2011	1748	1398	2427	4553	9515	14956	12273	6012	2311	3309	58502	5.9	6.072339407	0.172339407	1.962869027
Sand Castle	tt2582576	2017	444	220	462	1162	3738	9519	9446	3338	818	1078	30225	6.3	6.408271299	0.108271299	1.51677941
Sanju	tt6452574	2018	4047	674	632	964	2007	4215	9398	12714	9809	22308	66768	7.6	7.868005631	0.268005631	2.435348018
Sanjuro	tt0056443	1962	488	269	307	395	1109	2604	7603	15861	9144	6113	43893	8	7.933634065	-0.066365935	1.575824923
Santa Sangre	tt0098253	1989	515	325	372	678	1153	2321	4913	6820	4104	4135	25336	7.5	7.575031576	0.075031576	1.964007746
Sardar Udham	tt10280296	2021	1787	295	252	311	687	1256	2943	5643	7841	29216	50231	8.3	8.835619438	0.535619438	2.060404322
Sarfarosh	tt0200087	1999	985	180	163	202	438	1117	3644	8560	6868	6359	28516	8.1	8.098050217	-0.001949783	1.929276021
Sarpatta Parambarai	tt11580854	2021	713	70	100	126	247	557	1737	4383	5884	14475	28292	8.5	8.877527216	0.377527216	1.7851697
Saturday Night	tt27657135	2024	722	340	516	974	2615	7118	12561	7797	2420	2431	37494	6.9	6.908358671	0.008358671	1.698260357
Saturday Night Fever	tt0076666	1977	1333	966	1580	3203	7524	18519	28323	17257	6842	8011	93558	6.8	6.921439107	0.121439107	1.763653477
Satyaprem Ki Katha	tt14914988	2023	1164	255	304	462	1020	2123	3768	3073	2941	16467	31577	6.6	8.372264623	1.772264623	2.300302834
Sausage Party	tt1700841	2016	12683	6813	9696	15337	28878	50314	51744	27392	9581	12187	224625	6.1	6.020977184	-0.079022816	2.157939424
Savages	tt1615065	2012	3064	2021	3279	6510	14632	31729	39698	21717	7405	8047	138102	6.4	6.554966619	0.154966619	1.822191883
Save the Last Dance	tt0206275	2001	1869	1085	1768	3769	8697	16882	15426	8968	3738	6388	68590	6.2	6.508878845	0.308878845	1.995621667
Saved!	tt0332375	2004	1234	593	822	1753	4077	8492	13329	9728	4703	6103	50834	6.7	7.037002793	0.337002793	1.965489229
Savi	tt32308617	2024	792	224	212	312	594	878	784	409	4042	28672	36919	5.9	9.296568163	3.396568163	1.828794636
Saving Mr. Banks	tt2140373	2013	1113	531	940	1990	5734	19346	51130	55064	22530	16440	174818	7.5	7.569546614	0.069546614	1.444977605
Saving Private Ryan	tt0120815	1998	10899	4541	5992	9652	20555	52631	170803	415542	508667	417374	1616656	8.6	8.51561866	-0.08438134	1.432277308
Saving Silverman	tt0239948	2001	1236	1186	1868	3740	7348	11079	9259	4755	1817	3119	45407	5.9	6.117603013	0.217603013	2.007035153
Saw	tt0387564	2004	7452	3330	4769	8105	18063	44492	116795	159801	74329	66685	503821	7.6	7.641384539	0.041384539	1.706699209
Saw 3D	tt1477076	2010	5681	4600	6919	11369	21589	26182	17653	9368	4133	9823	117317	5.5	5.797054135	0.297054135	2.241853011
Saw II	tt0432348	2005	5728	3535	6022	11834	27156	63631	85530	46450	18970	25259	294115	6.6	6.764007276	0.164007276	1.846662942
Saw III	tt0489270	2006	6025	3676	6952	13023	28537	58459	52285	26999	11092	18886	225934	6.2	6.419746475	0.219746475	1.968081426
Saw IV	tt0890870	2007	5671	3735	7151	13930	29543	45995	31931	16107	6810	14157	175030	5.9	6.108849911	0.208849911	2.046771259
Saw V	tt1132626	2008	5172	3479	6424	11940	26971	38856	25364	12380	4928	11215	146729	5.8	5.999107198	0.199107198	2.049272564
Saw VI	tt1233227	2009	4039	2492	4517	8534	19957	37651	26800	13821	5571	10849	134231	6.1	6.251894123	0.151894123	1.99246692
Saw X	tt21807222	2023	1602	1002	1782	3713	8967	20605	27068	15574	5945	9034	95292	6.6	6.823049154	0.223049154	1.829082892
Say Anything	tt0098258	1989	945	460	822	1795	4940	13187	28441	25690	12332	12448	101060	7.3	7.474846626	0.174846626	1.640690027
Scanners	tt0081455	1981	642	520	984	2323	5726	14635	22115	12389	3901	3642	66877	6.7	6.815676541	0.115676541	1.588737561
Scarface	tt0086250	1983	6476	2949	4558	7813	16888	46586	143198	298514	257265	216055	1000302	8.3	8.285186874	-0.014813126	1.477650725
Scarface	tt0023427	1932	780	118	216	399	1044	2879	7524	10869	4871	4245	32945	7.7	7.638882987	-0.061117013	1.744369201
Scary Movie	tt0175142	2000	8386	6546	9810	17639	38797	76621	77687	41457	15426	24654	317023	6.3	6.422291127	0.122291127	1.971581885
Scary Movie 2	tt0257106	2001	8143	8336	12647	21624	38765	40039	27536	14217	6008	12073	189388	5.4	5.621269563	0.221269563	2.15621966
Scary Movie 3	tt0306047	2003	5543	5390	9775	17857	34756	39232	26455	13593	5600	10821	169022	5.6	5.79088521	0.19088521	2.058115535
Scary Movie 4	tt0362120	2006	7078	6522	10762	19042	31557	26526	16236	7835	3205	8549	137312	5.1	5.361395945	0.261395945	2.164132854
Scary Movie 5	tt0795461	2013	14599	11151	12964	13375	11324	6849	4055	2093	999	5086	82495	3.6	4.024328747	0.424328747	2.475873771
Scary Stories to Tell in the Dark	tt3387520	2019	1407	1165	2479	5333	13192	27115	23960	10175	2984	3628	91438	6.2	6.271047048	0.071047048	1.665040831
Scent of a Woman	tt0105323	1992	1403	929	1408	2750	7067	20362	61056	117029	80803	71292	364099	8	8.183936237	0.183936237	1.426737537
Schindler's List	tt0108052	1993	23941	5293	5606	7573	16085	33224	101485	277910	497683	599031	1567831	9	8.779350581	-0.220649419	1.586388842
School for Scoundrels	tt0462519	2006	727	621	1145	2575	5656	9187	6619	2781	871	1429	31611	5.9	6.004745184	0.104745184	1.803519427
School of Rock	tt0332379	2003	2371	1815	3135	6559	18490	51865	111580	89669	35062	33756	354302	7.2	7.329374376	0.129374376	1.558917461
School Ties	tt0105327	1992	314	137	265	587	1879	5604	10267	5906	1924	2172	29055	6.9	7.052245741	0.152245741	1.557094616
Schumacher	tt10322274	2021	151	61	123	230	892	3123	8812	8197	2977	2747	27313	7.4	7.55255739	0.15255739	1.408438715
Scoob!	tt3152592	2020	1500	1072	1745	3059	5875	7745	5312	2534	981	2637	32460	5.6	5.841497227	0.241497227	2.179034218
Scooby-Doo	tt0267913	2002	5387	5670	9717	16581	26821	27588	19644	10673	4136	12202	138419	5.4	5.735997226	0.335997226	2.234528811
Scooby-Doo 2: Monsters Unleashed	tt0331632	2004	2704	2986	4904	8636	14722	13767	9622	4997	2189	7129	71656	5.3	5.756182316	0.456182316	2.265883966
Scoop	tt0457513	2006	1132	663	1205	2938	7992	21141	31343	15034	4579	4237	90264	6.6	6.734523176	0.134523176	1.565725375
Scott Pilgrim vs. the World	tt0446029	2010	8338	4515	6149	10350	21068	47115	105276	135857	78937	74195	491800	7.5	7.607596584	0.107596584	1.844817225
Scouts Guide to the Zombie Apocalypse	tt1727776	2015	935	737	1496	3053	7128	15502	16840	7918	2518	3797	59924	6.3	6.501852346	0.201852346	1.756142863
Scream	tt0117571	1996	4947	3053	4460	8276	19882	52857	120087	109117	51374	61868	435921	7.4	7.49833112	0.09833112	1.724123793
Scream	tt11245972	2022	6312	3489	5597	9545	20602	40826	44900	25774	9575	15412	182032	6.3	6.465973016	0.165973016	2.048702517
Scream 2	tt0120082	1997	3664	3000	5299	11962	30224	65366	56301	28071	10845	16105	230837	6.3	6.472337624	0.172337624	1.787712682
Scream 3	tt0134084	2000	3888	3786	7947	17457	40607	48332	29135	12958	4802	11217	180129	5.7	5.891072509	0.191072509	1.886793363
Scream 4	tt1262416	2011	4667	3160	5361	11105	24327	45334	42165	23332	9420	17395	186266	6.2	6.472839917	0.272839917	1.994784353
Scream VI	tt17663992	2023	4723	2471	3921	6865	14612	31232	36757	22246	9050	14153	146030	6.4	6.625946723	0.225946723	2.046168606
Screamers	tt0114367	1995	533	450	841	1747	3964	8036	8167	4241	1446	2010	31435	6.3	6.463846031	0.163846031	1.806540655
Scrooged	tt0096061	1988	1128	1013	1859	3882	9315	21976	38452	26603	11264	12769	128261	6.9	7.124098518	0.224098518	1.708655933
Se7en	tt0114369	1995	9325	3921	5249	8458	19173	52216	212399	530175	672015	474098	1987029	8.6	8.552071963	-0.047928037	1.312170438
Sea of Love	tt0098273	1989	368	216	488	1096	3484	11001	17861	8719	2464	2337	48034	6.8	6.878440271	0.078440271	1.443999101
Seabiscuit	tt0329575	2003	738	472	696	1398	3834	10138	23200	21625	9448	8047	79596	7.3	7.415724408	0.115724408	1.607366043
Searching	tt7668870	2018	1199	546	876	1725	5017	16777	52418	66079	27852	17965	190454	7.6	7.683965682	0.083965682	1.399977524
Searching for Bobby Fischer	tt0108065	1993	391	240	288	646	2068	5546	13511	12907	5392	4401	45390	7.3	7.453315708	0.153315708	1.550181243
Searching for Sugar Man	tt2125608	2012	377	127	170	291	946	3141	11192	25755	20156	13647	75802	8.2	8.286575552	0.086575552	1.323314222
Season of the Witch	tt0479997	2011	3767	3793	6780	12076	22060	25050	15196	6391	2307	4747	102167	5.4	5.543179304	0.143179304	1.984615931
Seaspiracy	tt14152756	2021	618	193	250	391	779	1946	5111	8791	7029	10291	35399	8.1	8.225232351	0.125232351	1.810560505
Second Act	tt2126357	2018	1083	632	1134	2529	6060	9222	6103	2615	913	1772	32063	5.8	5.959361258	0.159361258	1.907407265
Secondhand Lions	tt0327137	2003	498	263	463	918	2730	6570	14628	18312	9632	11867	65881	7.5	7.792914497	0.292914497	1.652424267
Secret in Their Eyes	tt1741273	2015	1075	611	1128	2605	6715	15691	15758	6913	2009	2007	54512	6.3	6.376265776	0.076265776	1.657859675
Secret Obsession	tt9419834	2019	2816	2348	3228	4458	5335	4067	2087	925	390	757	26411	4.5	4.513043808	0.013043808	2.159840126
Secret Superstar	tt6108090	2017	1832	263	231	375	861	2186	5585	7709	5124	7681	31847	7.7	7.713913398	0.013913398	2.285380174
Secret Window	tt0363988	2004	1916	1721	3616	8725	22885	54512	66990	33642	11675	14224	219906	6.5	6.720980783	0.220980783	1.63196055
Secretariat	tt1028576	2010	511	216	263	560	1479	4280	9330	7749	3668	4290	32346	7.2	7.427842701	0.227842701	1.743748278
Secretary	tt0274812	2002	1609	1131	1909	3537	8128	18066	30458	22994	10541	9557	107930	6.9	7.045112573	0.145112573	1.801068767
Secrets & Lies	tt0117589	1996	742	324	438	676	1703	3595	8907	15735	10481	8286	50887	8	7.878456187	-0.121543813	1.724188663
Sector 36	tt21626774	2024	460	132	135	294	679	1847	4120	4743	5908	8328	26646	7.1	8.257074233	1.157074233	1.84244326
See How They Run	tt13640696	2022	639	479	1000	2411	7796	21592	24499	9621	2391	2224	72652	6.5	6.537920498	0.037920498	1.432781461
See No Evil	tt0437179	2006	1776	1557	2411	3990	6817	5834	3410	1685	694	2387	30561	5.1	5.387192827	0.287192827	2.265864282
See No Evil, Hear No Evil	tt0098282	1989	404	456	1035	2230	5062	12582	19805	11516	4403	5433	62926	6.8	6.974271366	0.174271366	1.65995795
Seed of Chucky	tt0387575	2004	3608	3217	5361	8510	11039	8554	5322	2757	1121	4352	53841	4.9	5.193124199	0.293124199	2.344803518
Seeking a Friend for the End of the World	tt1307068	2012	1475	1123	2009	4468	11192	27200	37172	21854	8381	7878	122752	6.7	6.810683329	0.110683329	1.682246195
Seeking Justice	tt1214962	2011	716	540	1148	2783	7088	15790	12895	4683	1320	2202	49165	6.1	6.26830062	0.16830062	1.627927331
Seeking True Love	tt6967980	2017	392	83	134	286	740	2529	7089	8598	3914	4526	28291	7.5	7.771764872	0.271764872	1.623128237
Selena	tt0120094	1997	660	357	476	1038	2721	5914	8382	5281	2579	6385	33793	6.9	7.221199657	0.321199657	2.019741089
Self/less	tt2140379	2015	897	748	1702	3995	10829	28527	35131	15679	4857	5030	107395	6.5	6.649732297	0.149732297	1.535541465
Selma	tt1020072	2014	1763	460	535	1084	3287	10264	28677	31070	12594	8859	98593	7.5	7.48408102	-0.01591898	1.607506282
Semi-Pro	tt0839980	2008	2382	1929	3696	7423	16027	23885	18091	8301	2827	4356	88917	5.8	5.988877268	0.188877268	1.884646298
Senior Year	tt5315212	2022	2233	1677	2672	4854	9413	11465	7442	3476	1269	3093	47594	5.5	5.696663445	0.196663445	2.117559235
Senna	tt1424432	2010	536	210	185	232	663	2285	9003	23911	25324	20902	83251	8.4	8.536942499	0.136942499	1.347675714
Sense and Sensibility	tt0114388	1995	1117	585	871	1678	4592	12391	31476	40217	21018	21678	135623	7.7	7.793132433	0.093132433	1.603493507
Sentimental Value	tt27714581	2025	301	100	148	254	722	2055	5680	9676	6055	3339	28330	7.9	7.869890575	-0.030109425	1.519896595
September 5	tt28082769	2024	976	222	264	539	1665	4892	12227	9061	2611	1926	34383	7.1	7.063985109	-0.036014891	1.688388393
Seraphim Falls	tt0479537	2006	456	325	549	1252	3262	8638	12391	5792	1844	1908	36417	6.6	6.717961392	0.117961392	1.604261178
Serena	tt1247690	2014	1339	948	1727	3555	7191	8282	4720	1909	643	1539	31853	5.5	5.581012777	0.081012777	1.963277364
Serendipity	tt0240890	2001	1317	1095	1891	4091	10199	24662	37836	24138	11159	14094	130482	6.8	7.080194969	0.280194969	1.755471778
Serenity	tt0379786	2005	4063	1738	2592	4511	9867	23116	50787	78256	57916	80948	313794	7.8	8.074313084	0.274313084	1.794654834
Serenity	tt6476140	2019	1989	2153	3266	5341	9895	11357	7915	3636	1307	1958	48817	5.4	5.549501198	0.149501198	2.026479041
Serial Bad Weddings	tt2800240	2014	526	390	602	1151	2753	7587	16339	10962	4347	3260	47917	7	7.112194002	0.112194002	1.611035262
Serial Mom	tt0111127	1994	718	420	735	1358	3185	6944	9973	6913	2903	4272	37421	6.8	6.967905721	0.167905721	1.913051566
Serpico	tt0070666	1973	541	287	469	1002	3315	11115	38612	55588	21133	12788	144850	7.7	7.751881256	0.051881256	1.289543393
Session 9	tt0261983	2001	1766	1348	2296	4015	7479	13702	15473	10520	4940	5016	66555	6.4	6.522545263	0.122545263	2.029091398
Set It Up	tt5304992	2018	690	518	938	2435	7750	20314	23483	10571	3450	3938	74087	6.5	6.671791272	0.171791272	1.549423673
Seven Brides for Seven Brothers	tt0047472	1954	350	269	382	713	1794	3523	6685	6232	3330	5721	28999	7.3	7.54594986	0.24594986	1.902428215
Seven Pounds	tt0814314	2008	3414	1868	2920	5525	11640	28624	70370	97903	54188	47780	324232	7.6	7.73908806	0.13908806	1.674194497
Seven Psychopaths	tt1931533	2012	2799	1933	3248	6312	16047	41700	87440	75995	30809	19542	285825	7.1	7.224116155	0.124116155	1.592104307
Seven Samurai	tt0047478	1954	10792	2187	2442	3806	7440	14452	38978	80155	105353	132458	398063	8.6	8.411912185	-0.188087815	1.915717492
Seven Years in Tibet	tt0120102	1997	1247	744	1259	3009	8582	25739	58775	41493	14340	10502	165690	7.1	7.202251192	0.102251192	1.468644489
Seventh Son	tt1121096	2014	2651	2730	4951	9758	18625	21984	12816	5132	1747	3669	84063	5.5	5.593495355	0.093495355	1.908081794
Severance	tt0464196	2006	829	619	1063	2019	4572	9979	12357	6788	2409	2371	43006	6.4	6.563270241	0.163270241	1.793458781
Sex and Lucía	tt0254455	2001	659	477	730	1150	2519	5472	10803	9699	4836	3999	40344	7	7.201987904	0.201987904	1.840200308
Sex and the City	tt1000774	2008	13235	4503	5863	9155	17373	22967	20669	14189	7558	17026	132538	5.7	6.017851484	0.317851484	2.645387349
Sex and the City 2	tt1261945	2010	13082	6577	7946	10935	13435	11850	8729	5287	2578	7507	87926	4.6	4.933239315	0.333239315	2.685493448
Sex Drive	tt1135985	2008	1838	1333	2296	4584	10144	21017	26488	14402	5850	7433	95385	6.5	6.648445772	0.148445772	1.865621958
Sex Tape	tt1956620	2014	5806	5214	8925	16234	30099	29209	15220	5720	2004	3832	122263	5.1	5.253838038	0.153838038	1.925539563
Sex, Lies, and Videotape	tt0098724	1989	685	470	771	1522	3592	9065	18511	16691	7483	4957	63747	7.2	7.253643309	0.053643309	1.647446974
Sexy Beast	tt0203119	2000	868	520	777	1478	3606	9287	21399	22055	9341	5687	75018	7.3	7.34590365	0.04590365	1.613587654
Shadow in the Cloud	tt9691136	2020	4174	2442	3070	3964	5518	5683	4183	2231	906	1856	34027	5	4.985893555	-0.014106445	2.474754855
Shadow of a Doubt	tt0036342	1943	969	251	435	872	2222	6011	16408	23557	12726	11220	74671	7.8	7.814091146	0.014091146	1.623531316
Shadow of the Vampire	tt0189998	2000	672	467	778	1572	3569	8495	15043	10273	3708	2866	47443	6.9	6.925363067	0.025363067	1.692303421
Shaft	tt4463894	2019	1168	718	1230	2680	6638	15973	18400	8446	2699	3842	61794	6.4	6.555992491	0.155992491	1.744070205
Shaft	tt0162650	2000	1552	1363	2542	5917	15105	25856	19292	7771	2165	3127	84690	6	6.071555083	0.071555083	1.689434395
Shaitaan	tt27744786	2024	1863	528	681	1050	2374	4688	6473	8054	10251	20064	56026	6.5	8.064148788	1.564148788	2.239507537
Shakespeare in Love	tt0138097	1998	5043	2528	3603	6401	15196	35257	67186	54671	27929	23591	241405	7.1	7.162134173	0.062134173	1.852462413
Shall We Dance?	tt0358135	2004	1236	856	1408	3046	7502	13607	12242	6165	2459	3582	52103	6.2	6.361879354	0.161879354	1.891838247
Shallow Grave	tt0111149	1994	632	358	573	1158	3004	9053	22213	20693	7661	4834	70179	7.2	7.343521566	0.143521566	1.504845935
Shallow Hal	tt0256380	2001	2812	3023	5229	11612	26341	44010	34008	14922	4677	6211	152845	6	6.074081586	0.074081586	1.758874384
Shame	tt1723811	2011	3557	2312	3296	6092	13365	30259	58672	55213	26211	16690	215667	7.2	7.168565427	-0.031434573	1.777338125
Shamshera	tt8426926	2022	10563	1235	758	782	1046	1041	984	5665	26424	9188	57686	4.7	7.138907187	2.438907187	3.300746622
Shane	tt0046303	1953	580	339	458	820	2030	4722	10494	12951	6932	7808	47134	7.6	7.678703272	0.078703272	1.760874372
Shang-Chi and the Legend of the Ten Rings	tt9376612	2021	6497	2936	4305	8148	21156	57936	128331	131417	60163	59818	480707	7.3	7.490159286	0.190159286	1.698630052
Shanghai Knights	tt0300471	2003	1072	1140	2409	5719	16330	36370	31196	12559	3857	6219	116871	6.2	6.409391551	0.209391551	1.607472315
Shanghai Noon	tt0184894	2000	1182	1069	2165	4928	13684	35294	46821	21333	6682	8145	141303	6.6	6.721088724	0.121088724	1.570850655
Shaolin Soccer	tt0286112	2001	1163	812	1157	1934	4639	11734	25839	24326	11055	12960	95619	7.3	7.447986279	0.147986279	1.754601376
Shark Night	tt1633356	2011	3203	3138	4195	5217	4882	3198	1704	814	340	1480	28171	4.1	4.360157609	0.260157609	2.305507604
Shark Tale	tt0307453	2004	4152	4327	7500	15115	35307	60756	46550	20034	6518	10346	210605	6	6.101854182	0.101854182	1.803480222
Sharper	tt12573454	2023	552	246	452	930	2618	8355	13681	7230	2035	1847	37946	6.7	6.844779423	0.144779423	1.553115884
Shattered	tt0489664	2007	587	408	711	1315	3094	7325	10620	5839	2314	2697	34910	6.6	6.790718992	0.190718992	1.791847956
Shattered Glass	tt0323944	2003	339	193	373	644	1892	5798	13571	10517	3707	2758	39792	7.1	7.256332931	0.156332931	1.501520964
Shaun of the Dead	tt0365748	2004	7043	2889	4155	7524	17034	46586	121133	202609	117909	106684	633566	7.8	7.918499414	0.118499414	1.625768148
Shaun the Sheep Movie	tt2872750	2015	443	199	313	635	1954	6029	14360	13147	4729	4485	46294	7.3	7.417181492	0.117181492	1.54051537
Shazam!	tt0448115	2019	6506	3216	5194	10466	27358	72585	134994	88388	29912	30909	409528	7	7.015500772	0.015500772	1.683049967
Shazam! Fury of the Gods	tt10151854	2023	7190	3385	5556	10650	23946	38476	29204	12136	4013	8614	143170	5.9	5.920143885	0.020143885	2.049264395
She Said	tt11198810	2022	1514	389	349	626	1796	5821	16019	13920	4705	3665	48804	7.3	7.217379723	-0.082620277	1.764062252
She's All That	tt0160862	1999	2417	2291	4029	8465	19306	29153	22172	11424	4510	7843	111610	6	6.182331332	0.182331332	1.932345761
She's Funny That Way	tt1767372	2014	649	520	901	1961	4465	8479	7593	3522	1091	1299	30480	6.2	6.219520997	0.019520997	1.772690611
She's Out of My League	tt0815236	2010	1977	1670	3040	7029	17982	39475	43568	20673	7419	8938	151771	6.4	6.561358889	0.161358889	1.698449047
She's the Man	tt0454945	2006	3020	2664	4642	9958	22239	40947	43498	26584	12994	23434	189980	6.4	6.77664491	0.37664491	1.985722961
Shehzada	tt13130948	2023	2728	591	566	725	942	736	593	1345	7746	16203	32175	4.5	8.214110334	3.714110334	2.863397024
Shelter	tt0942384	2007	631	145	201	381	875	2161	4169	5907	4034	6886	25390	7.6	7.955651831	0.355651831	1.979413367
Sherlock Holmes	tt0988045	2009	3742	2289	3913	8150	22269	64914	182103	236917	101441	75495	701233	7.5	7.688548599	0.188548599	1.448635617
Sherlock Holmes: A Game of Shadows	tt1515091	2011	2655	1655	2920	6672	18563	52739	136182	154843	65593	57231	499053	7.4	7.625095932	0.225095932	1.490040498
Sherlock Jr.	tt0015324	1924	1718	731	554	791	1895	3673	9857	19687	13005	12731	64642	8.1	7.895315739	-0.204684261	1.934192964
Shershaah	tt10295212	2021	5312	469	419	586	1156	2599	8629	15383	23210	77751	135514	8.3	8.863231843	0.563231843	2.032270007
Shiddat	tt11314148	2021	1181	232	234	291	558	959	2035	3432	3704	13942	26568	7.6	8.525745257	0.925745257	2.29351798
Shin Godzilla	tt4262980	2016	1049	540	809	1455	3130	7034	12056	9673	4487	4345	44578	6.9	7.040221634	0.140221634	1.915216668
Shine	tt0117631	1996	687	305	435	813	1924	4975	13304	18918	9886	7371	58618	7.6	7.719130642	0.119130642	1.619775216
Shiva Baby	tt11317142	2020	683	357	465	903	2135	6172	13394	11161	3642	2128	41040	7.1	7.095882066	-0.004117934	1.624453296
Shivers	tt0073705	1975	468	402	731	1381	3086	6508	7240	3579	1119	1292	25806	6.3	6.423699915	0.123699915	1.771562322
Sholay	tt0073707	1975	2180	490	478	641	1381	2531	6200	12386	13789	22396	62472	8.1	8.320495582	0.220495582	2.088066965
Shoot 'Em Up	tt0465602	2007	4161	2897	4122	6942	14281	28398	42770	28632	12525	13743	158471	6.6	6.755071906	0.155071906	1.992421688
Shooter	tt0822854	2007	2065	1384	2680	6200	17719	53577	125314	97530	36346	30229	373044	7.1	7.33042751	0.23042751	1.470191066
Shopgirl	tt0338427	2005	755	538	831	1342	2952	5517	6225	3838	1582	1697	25277	6.3	6.450172093	0.150172093	2.000222449
Shoplifters	tt8075192	2018	688	342	502	740	1869	5831	19331	34667	20155	9827	93952	7.9	7.902833362	0.002833362	1.41633427
Short Circuit	tt0091949	1986	580	584	1117	2509	7076	16763	21261	10934	3712	5394	69930	6.6	6.788788789	0.188788789	1.657896958
Short Circuit 2	tt0096101	1988	616	815	1321	2929	5636	6703	4506	2338	979	2235	28078	5.8	5.973716077	0.173716077	2.033401696
Short Cuts	tt0108122	1993	845	467	642	973	2150	4644	9961	14159	8647	7073	49561	7.6	7.622182765	0.022182765	1.83888132
Short Term 12	tt2370248	2013	795	359	494	862	1959	5915	18365	32486	20591	13158	94984	7.9	7.970500295	0.070500295	1.489807737
Shortbus	tt0367027	2006	1770	962	1203	1880	3294	5920	7387	6320	3757	4488	36981	6.4	6.700062194	0.300062194	2.333979545
Shot Caller	tt4633690	2017	621	312	562	1284	4065	13983	36297	33177	11997	9411	111709	7.3	7.464644747	0.164644747	1.411925377
Shotgun Wedding	tt9686790	2022	2344	1648	2570	4356	8680	10253	6365	2806	1067	2091	42180	5.5	5.528876245	0.028876245	2.097053784
Show Me Love	tt0150662	1998	1356	510	577	889	2146	5311	12040	14668	9018	11204	57719	7.5	7.711238933	0.211238933	1.930352051
Showgirls	tt0114436	1995	7526	6415	7693	9800	12695	11913	9342	6019	2752	6746	80901	5.2	5.233087354	0.033087354	2.560664874
Showtime	tt0284490	2002	1412	1505	3340	7334	16180	19464	10664	3799	1112	2145	66955	5.6	5.644985438	0.044985438	1.714035337
Shrek	tt0126029	2001	5768	2536	3660	6754	17664	52174	164161	285022	142561	119133	799433	7.9	7.947985635	0.047985635	1.467769911
Shrek 2	tt0298148	2004	3465	2137	3821	8287	23135	71257	169951	141802	61322	62366	547543	7.4	7.479226289	0.079226289	1.541047332
Shrek Forever After	tt0892791	2010	3581	3104	5823	13248	31545	66174	63684	29872	10245	15101	242377	6.3	6.448623425	0.148623425	1.752436056
Shrek the Third	tt0413267	2007	5936	5470	11101	23019	56232	109603	81105	34165	11493	18393	356517	6.1	6.197334208	0.097334208	1.74511558
Shutter	tt0440803	2004	607	432	689	1380	3446	8418	15541	12017	5216	5364	53110	7	7.198324233	0.198324233	1.721359026
Shutter	tt0482599	2008	1951	1725	2868	5258	9025	8520	5068	2397	811	1922	39545	5.2	5.372436465	0.172436465	2.069600908
Shutter Island	tt1130884	2010	6954	3982	5935	10877	24405	72339	225985	509119	446415	306531	1612542	8.2	8.291369775	0.091369775	1.381394159
Sicario	tt3397884	2015	2860	1611	2832	5561	14975	45342	130431	186161	89234	48446	527453	7.7	7.723190502	0.023190502	1.408965198
Sicario: Day of the Soldado	tt5052474	2018	1670	766	1389	3119	9245	30810	68378	46172	14275	11858	187682	7.1	7.171742628	0.071742628	1.46319415
Sicko	tt0386032	2007	3338	519	486	680	1639	4462	12294	20822	15271	18600	78111	8	7.932224655	-0.067775345	2.084752694
Sid and Nancy	tt0091954	1986	466	328	480	994	2390	6094	11520	7823	2964	3538	36597	7	7.113479247	0.113479247	1.720318615
Side Effects	tt2053463	2013	1548	997	1738	3894	10986	34370	75966	51122	14779	8439	203839	7.1	7.082162883	-0.017837117	1.412404964
Sideways	tt0375063	2004	3502	1677	2492	4188	8979	22397	52517	62966	33639	23253	215610	7.5	7.499601132	-0.000398868	1.745427431
Sierra Burgess Is a Loser	tt3120280	2018	2791	1670	2341	3779	6649	9913	7842	3836	1394	2258	42473	5.7	5.69069762	-0.00930238	2.208338443
Sightseers	tt2023690	2012	761	496	743	1442	3115	6982	9442	5559	1789	1074	31403	6.5	6.516065344	0.016065344	1.776745857
Signs	tt0286106	2002	7547	5349	8445	15918	34364	77245	114430	79060	34743	33252	410353	6.8	6.875151394	0.075151394	1.853273156
Sikandar	tt31712434	2025	5328	989	754	772	768	508	772	2957	7163	33482	53493	3.6	8.372889911	4.772889911	2.968109132
Sikandar Ka Muqaddar	tt31522415	2024	1519	966	232	443	914	1565	1379	1212	6756	11246	26232	6	8.100487954	2.100487954	2.687341246
Silence	tt0490215	2016	2533	1295	1924	3453	7786	18349	35771	33278	16125	11347	131861	7.2	7.196570631	-0.003429369	1.805251472
Silenced	tt2070649	2011	260	61	74	151	419	1289	4372	8928	5543	5530	26627	8	8.196642506	0.196642506	1.490277208
Silent Hill	tt0384537	2006	5891	4086	6796	12284	24503	49333	65294	45312	18998	25660	258157	6.5	6.775861201	0.275861201	1.987871366
Silent Hill: Revelation	tt0938330	2012	4436	4260	6456	9784	14492	12542	7485	3781	1599	5194	70029	4.9	5.25705065	0.35705065	2.30556158
Silent House	tt1767382	2011	1508	1194	1885	3172	5567	5378	3434	1627	606	1183	25554	5.2	5.348673398	0.148673398	2.126100582
Silent Night	tt15799866	2023	1314	1140	1926	3459	6250	6420	3753	1545	542	1119	27468	5.3	5.376328819	0.076328819	2.006115173
Silent Running	tt0067756	1972	536	480	688	1475	3137	6569	9404	5884	2635	2504	33312	6.6	6.79076609	0.19076609	1.8352618
Silver Bullet	tt0090021	1985	404	363	666	1700	4314	8970	9072	4725	1646	3137	34997	6.4	6.652170186	0.252170186	1.781825447
Silver Linings Playbook	tt1045658	2012	5904	3300	5078	9798	24663	67949	179264	250578	132252	90206	768992	7.7	7.737062284	0.037062284	1.531962418
Silverado	tt0090022	1985	606	286	432	992	2709	7705	16588	13294	5671	5363	53646	7.2	7.332401297	0.132401297	1.625047559
Sin City	tt0401792	2005	13892	5869	7477	11794	24010	54590	136162	236821	180424	146166	817205	8	7.924578288	-0.075421712	1.783242983
Sin City: A Dame to Kill For	tt0458481	2014	2236	1747	3380	7883	19830	44270	54823	26683	8362	8407	177621	6.5	6.579880757	0.079880757	1.63915032
Sin Nombre	tt1127715	2009	383	129	144	305	942	3032	9902	12421	4687	2963	34908	7.5	7.611149307	0.111149307	1.45264278
Sinbad: Legend of the Seven Seas	tt0165982	2003	651	451	887	1990	5588	13477	19307	10855	4284	6057	63547	6.8	6.95691378	0.15691378	1.706375682
Sing	tt3470600	2016	2220	1403	2205	4209	10931	30977	65317	50960	20395	20827	209444	7.1	7.284610684	0.184610684	1.643717133
Sing 2	tt6467266	2021	1356	621	836	1610	4230	11528	25385	24872	11857	17035	99330	7.3	7.606946542	0.306946542	1.765702087
Sing Sing	tt28479262	2023	391	125	167	327	857	2548	6415	9218	4804	3002	27854	7.6	7.680333166	0.080333166	1.600538524
Sing Street	tt3544112	2016	510	178	317	640	1887	6753	22287	38145	21537	14437	106691	7.9	8.001630878	0.101630878	1.352383455
Singham Again	tt11976134	2024	12507	5622	1077	1227	1604	1371	2792	8604	16761	24434	75999	4.3	6.996157844	2.696157844	3.483874795
Singin' in the Rain	tt0045152	1952	3822	1252	1738	3256	6942	15541	40371	74098	62488	70150	279658	8.3	8.194984588	-0.105015412	1.717948317
Single White Female	tt0105414	1992	508	435	782	1817	5157	13706	13759	5738	1455	1963	45320	6.4	6.486209179	0.086209179	1.555290204
Singles	tt0105415	1992	426	297	460	1163	3099	7280	10450	6209	2642	2942	34968	6.8	6.927676733	0.127676733	1.719082958
Sinister	tt1922777	2012	3586	2514	4668	9847	24413	58567	95649	64187	25498	22955	311884	6.8	6.981903528	0.181903528	1.683707318
Sinister 2	tt2752772	2015	1983	2318	4536	8164	15156	16046	9440	4280	1598	2877	66398	5.3	5.548525558	0.248525558	1.935520809
Sinners	tt31193180	2025	6580	2880	4077	6812	14942	35057	73575	95705	58787	52108	350523	7.5	7.610624695	0.110624695	1.84977759
Sirf Ek Bandaa Kaafi Hai	tt24485052	2023	5396	1296	852	109	272	676	2286	5237	5030	9760	30914	8	7.024778418	-0.975221582	3.394556944
Sister Act	tt0105417	1992	1596	1407	2373	5221	12838	28468	31059	17488	6578	10048	117076	6.5	6.700006833	0.200006833	1.804219886
Sister Act 2: Back in the Habit	tt0108147	1993	1849	1692	3066	6367	11707	13488	10054	5992	2689	6155	63059	5.7	6.080448469	0.380448469	2.160578021
Sisters	tt1850457	2015	2184	1718	2609	5134	11302	19977	15903	7443	2764	3944	72978	6	6.105072762	0.105072762	1.924398067
Sisu	tt14846026	2022	2128	1195	1753	3311	7894	20131	35666	23467	8594	9396	113535	6.9	6.975655084	0.075655084	1.776670617
Sita Ramam	tt20850406	2022	3148	245	229	327	690	1501	4010	8944	13911	49093	82098	8.5	8.938585593	0.438585593	1.999465039
Sitaare Zameen Par	tt29471573	2025	2394	304	248	317	728	1601	2816	3116	3960	17334	32818	6.9	8.28447803	1.38447803	2.623864875
Six Days Seven Nights	tt0120828	1998	1430	1524	3109	7012	17436	26132	17735	7061	2215	3488	87142	5.9	5.98188015	0.08188015	1.711621227
Sixteen Candles	tt0088128	1984	1442	987	1692	3412	8738	22386	40494	27801	12177	15154	134283	7	7.202289195	0.202289195	1.723989803
Sky Captain and the World of Tomorrow	tt0346156	2004	3278	2119	3495	6733	12895	21098	19851	11092	4503	4887	89951	6.1	6.148747651	0.048747651	2.022892212
Sky High	tt0405325	2005	1755	1454	2700	5780	13308	24756	24640	13076	4685	8032	100186	6.3	6.493242569	0.193242569	1.872072552
Skyfall	tt1074638	2012	6405	2819	4411	8072	20340	59204	168827	261260	141817	92099	765254	7.8	7.819233875	0.019233875	1.502979501
Skyline	tt1564585	2010	11357	9076	11770	14869	15988	12957	8374	4316	1696	3715	94118	4.5	4.54256359	0.04256359	2.330016437
Skyscraper	tt5758778	2018	3086	2842	5413	11428	27610	43494	28181	11000	3951	6832	143837	5.8	5.971210467	0.171210467	1.791414878
Slap Shot	tt0076723	1977	357	268	492	912	2305	5611	11840	10798	5425	6443	44451	7.2	7.507750107	0.307750107	1.706785769
SLC Punk!	tt0133189	1998	542	319	379	689	1843	3852	8015	8998	4937	6340	35914	7.4	7.610458317	0.210458317	1.8536544
Sleep Tight	tt1437358	2011	582	283	409	826	2222	7096	17671	13333	4307	2740	49469	7.2	7.194182215	-0.005817785	1.500280867
Sleepaway Camp	tt0086320	1983	1248	1044	1558	2615	5409	9942	9754	5526	2097	3966	43159	6.2	6.399267824	0.199267824	2.070974185
Sleeper	tt0070707	1973	686	355	631	1086	2868	6672	13671	11729	4810	3857	46365	7.1	7.190639491	0.090639491	1.710056538
Sleepers	tt0117665	1996	1254	727	1298	2754	7895	23932	69139	85204	34585	22849	249637	7.5	7.635266407	0.135266407	1.40505408
Sleeping Beauty	tt0053285	1959	910	740	1453	3392	10534	27606	53171	36341	14882	21532	170561	7.2	7.333481863	0.133481863	1.616103307
Sleeping Beauty	tt1588398	2011	2666	1894	2791	4336	6826	7145	5093	2643	1025	1764	36183	5.3	5.329325927	0.029325927	2.249449489
Sleeping Dogs	tt8542964	2024	354	248	489	1164	3184	7411	6708	2856	740	2125	25279	6.2	6.530044701	0.330044701	1.742468007
Sleeping with Other People	tt3165612	2015	906	517	906	1798	5219	12979	15749	7714	2523	2610	50921	6.5	6.609866263	0.109866263	1.679432927
Sleeping with the Enemy	tt0102945	1991	900	791	1538	3521	9363	19978	18178	8643	3069	4533	70514	6.3	6.483875542	0.183875542	1.720941789
Sleepless	tt2072233	2017	1097	1004	1773	3409	7839	10591	6288	2219	695	1323	36238	5.6	5.686130581	0.086130581	1.819291843
Sleepless in Seattle	tt0108160	1993	1956	1497	2689	5975	15969	42006	64872	38420	15596	15640	204620	6.8	6.974029909	0.174029909	1.642389278
Sleepwalkers	tt0105428	1992	1067	1166	1941	3456	5760	5733	3676	1650	580	1514	26543	5.4	5.48302754	0.08302754	2.081618675
Sleepy Hollow	tt0162661	1999	1905	1501	2812	6393	18097	53219	126009	116783	44738	38125	409582	7.3	7.444011211	0.144011211	1.476041542
Slender Man	tt5690360	2018	9529	7403	7670	6624	4934	2623	1333	628	254	1443	42441	3.3	3.424047501	0.124047501	2.196375952
Sleuth	tt0069281	1972	1205	303	385	652	1459	3517	9136	16093	10809	8805	52364	7.9	7.867962722	-0.032037278	1.809549782
Sleuth	tt0857265	2007	781	551	979	1828	3827	7459	8502	5182	2302	2390	33801	6.3	6.556285317	0.256285317	1.930900755
Sliding Doors	tt0120148	1998	817	633	1167	2602	6248	15272	23402	14257	5794	4600	74792	6.7	6.884158734	0.184158734	1.657284482
Sling Blade	tt0117666	1996	1361	562	682	1043	2611	6315	17454	33540	21912	18516	103996	8	8.005250202	0.005250202	1.649180252
Slither	tt0439815	2006	2211	1508	2429	4436	9737	20628	26747	15089	5263	6171	94219	6.5	6.577537439	0.077537439	1.872986973
Sliver	tt0108162	1993	1404	1662	3181	5662	9111	7860	4224	1729	639	1400	36872	5.1	5.228493166	0.128493166	1.944581839
Slow West	tt3205376	2015	575	371	600	1250	3515	9565	17932	10933	3172	1837	49750	6.9	6.894231156	-0.005768844	1.5140862
Slumberland	tt13320662	2022	490	280	490	1044	2567	6617	9508	5662	2311	6605	35574	6.7	7.250632484	0.550632484	1.918103413
Slumdog Millionaire	tt1010048	2008	12314	4132	5667	9460	21258	55868	160147	298080	201737	136683	905346	8	7.958337475	-0.041662525	1.616937127
Small Soldiers	tt0122718	1998	2787	1353	2744	6391	15816	30697	27583	13058	3940	6402	110771	6.3	6.315515794	0.015515794	1.81295311
Small Things Like These	tt27196021	2024	560	343	542	1091	2785	7207	10891	6749	2166	2055	34389	6.7	6.824158888	0.124158888	1.691738068
Small Time Crooks	tt0196216	2000	665	298	587	1416	3714	10007	14289	7092	2144	2092	42304	6.7	6.719766452	0.019766452	1.609333455
Smallfoot	tt6182908	2018	598	334	592	1411	4276	11408	14167	6904	2261	3213	45164	6.6	6.761890001	0.161890001	1.649389959
Smile	tt15474916	2022	4106	3041	5191	10182	23342	54959	70926	37215	12255	12059	233276	6.5	6.593220048	0.093220048	1.736009757
Smile 2	tt29268110	2024	2955	1891	3026	5564	11962	26163	38481	25052	9406	9283	133783	6.7	6.743203546	0.043203546	1.861459335
Smoke	tt0114478	1995	499	246	401	655	1963	4429	10353	11724	5499	3961	39730	7.4	7.464560785	0.064560785	1.660177164
Smokey and the Bandit	tt0076729	1977	539	391	780	1583	4230	10356	18872	12248	5065	7681	61745	7	7.219402381	0.219402381	1.716150607
Smokin' Aces	tt0475394	2006	2737	1994	3318	6296	13621	31789	47706	27907	10446	10939	156753	6.6	6.770549846	0.170549846	1.793644516
Smolensk	tt6038600	2016	38505	260	136	70	57	67	68	63	60	1140	40426	1.2	1.318953149	0.118953149	1.585520585
Smurfs: The Lost Village	tt2398241	2017	692	487	899	1868	4487	7768	5342	2406	892	2291	27132	6	6.208830901	0.208830901	1.954183518
Snake Eyes	tt0120832	1998	1617	1467	2652	6128	15559	28609	22130	9019	2408	2617	92206	6.1	6.088237208	-0.011762792	1.642885822
Snake Eyes	tt8404256	2021	2175	1680	2958	5408	11036	11659	6777	2764	961	2427	47845	5.4	5.510398161	0.110398161	2.015687975
Snakes on a Plane	tt0417148	2006	8285	5362	8514	14435	25443	30519	20754	10120	4820	20562	148814	5.5	5.966226296	0.466226296	2.440260485
Snatch	tt0208092	2000	6751	2952	3940	7237	15958	43637	139659	301609	260053	185186	966982	8.2	8.250264224	0.050264224	1.455817796
Snatched	tt2334871	2017	7691	2167	3025	4898	7073	6149	3692	1839	685	1859	39078	4.7	4.561697119	-0.138302881	2.513890312
Sneakers	tt0105435	1992	525	323	597	1317	3962	10625	21654	15676	6695	5981	67355	7.1	7.25767946	0.15767946	1.573046059
Sniper	tt0108171	1993	428	324	726	1629	4160	7814	6320	2855	924	1533	26713	6.1	6.295811028	0.195811028	1.745019238
Snitch	tt0882977	2013	1073	678	1389	3477	10802	27259	28970	11359	3625	6809	95441	6.4	6.626554625	0.226554625	1.629412122
Snow Dogs	tt0281373	2002	1226	1311	2233	3824	6713	6345	3835	1737	734	1856	29814	5.2	5.480143557	0.280143557	2.110232779
Snow White	tt6208148	2025	334158	9959	5869	5522	6544	5999	4990	3622	1979	14194	392836	2.2	1.746637274	-0.453362726	2.112029533
Snow White and the Huntsman	tt1735898	2012	6789	5418	9985	20813	46390	84074	73939	35084	12460	18327	313279	6.1	6.259216226	0.159216226	1.852002898
Snow White and the Seven Dwarfs	tt0029583	1937	1577	931	1851	3542	10795	27940	64266	64039	26275	35074	236290	7.6	7.593059376	-0.006940624	1.612460496
Snowden	tt3774114	2016	1255	476	879	2007	6588	23175	59361	48639	15927	13018	171325	7.3	7.372093973	0.072093973	1.418076361
Snowpiercer	tt1706620	2013	6269	4402	6928	11772	26116	61858	124554	106047	42500	25912	416358	7.1	7.076955409	-0.023044591	1.715729241
So I Married an Axe Murderer	tt0108174	1993	547	561	954	2209	5012	10214	11680	7067	3128	3942	45314	6.5	6.743589178	0.243589178	1.826699118
Society of the Snow	tt16277242	2023	602	284	442	921	2903	10184	37820	62705	31564	22593	170018	7.8	7.988477691	0.188477691	1.310759143
Solace	tt1291570	2015	780	718	1466	3343	8207	18564	21603	10830	3704	4111	73326	6.4	6.610370128	0.210370128	1.661740405
Solaris	tt0069293	1972	2055	951	1236	1879	3693	7275	15668	26587	22199	22563	104106	7.9	7.925470194	0.025470194	1.924996588
Solaris	tt0307479	2002	3569	2127	3291	5864	11404	19824	19450	12526	5753	4910	88718	6.2	6.248461417	0.048461417	2.07545634
Soldier	tt0120157	1998	1286	1297	2506	4684	9785	15652	13440	7030	2597	4015	62292	6.1	6.209689848	0.109689848	1.923264354
Solo: A Star Wars Story	tt3778644	2018	9740	3826	6050	12300	30531	76229	133619	82430	25916	23931	404572	6.9	6.82720999	-0.07279001	1.751791637
Solomon Kane	tt0970452	2009	1546	1363	2541	5583	12729	21872	18474	8565	2947	4354	79974	6.1	6.214582239	0.114582239	1.815611323
Some Kind of Wonderful	tt0094006	1987	440	267	397	902	2532	6002	10650	7369	3623	5006	37188	7	7.276917285	0.276917285	1.775121301
Some Like It Hot	tt0053291	1959	3192	1446	1725	3091	7173	17692	48653	86398	66879	66013	302262	8.2	8.136768764	-0.063231236	1.637313552
Someone Great	tt8075260	2019	769	593	848	1650	3391	6138	5969	3851	1637	2354	27200	6.2	6.46125	0.26125	2.050137734
Someone Like You	tt0244970	2001	478	524	1142	2167	4524	7785	5980	3162	1119	1762	28643	6.1	6.207345599	0.107345599	1.863504137
Something Borrowed	tt0491152	2011	2249	1803	2933	5175	10480	15624	12448	7316	3331	5802	67161	5.8	6.181578595	0.381578595	2.130910129
Something's Gotta Give	tt0337741	2003	1382	961	1878	4083	11138	30089	44904	24345	9249	9460	137489	6.8	6.898173672	0.098173672	1.61875345
Somewhere	tt1421051	2010	1690	1217	1718	2903	5728	10556	11864	7392	2841	2403	48312	6.3	6.305866037	0.005866037	2.011399781
Somewhere in Time	tt0081534	1980	533	341	546	1014	2169	4439	7705	7205	4303	7571	35826	7.2	7.547591135	0.347591135	1.98038784
Son of a Gun	tt2452200	2014	342	244	429	1119	3462	9025	10063	3887	1033	1236	30840	6.4	6.525518807	0.125518807	1.511115325
Son of Batman	tt3139072	2014	391	209	400	885	2515	7713	11781	5486	1652	2687	33719	6.7	6.895073994	0.195073994	1.6094873
Son of Rambow	tt0845046	2007	685	318	439	864	2006	5222	10169	7960	3135	2814	33612	7	7.100856837	0.100856837	1.777047431
Son of Sardaar 2	tt29429860	2025	2961	324	327	387	459	317	1246	3343	10698	18229	38291	4.1	8.471259565	4.371259565	2.56986535
Son of Saul	tt3808342	2015	1372	558	796	1311	2748	6133	12459	14520	8634	5534	54065	7.4	7.344437251	-0.055562749	1.911060167
Son of the Mask	tt0362165	2005	27706	10796	6714	4471	3449	2306	1240	760	415	4078	61935	2.3	2.868814079	0.568814079	2.582876044
Song of the Sea	tt1865505	2014	546	321	273	481	1345	3683	11197	20674	15464	13347	67331	8	8.156287594	0.156287594	1.532229066
Sonic the Hedgehog	tt3794354	2020	2443	1501	2985	6932	18267	46531	59782	26546	8456	15605	189048	6.5	6.747730735	0.247730735	1.69635273
Sonic the Hedgehog 2	tt12412888	2022	1467	1031	1879	4045	10829	26306	32301	16686	6220	12733	113497	6.5	6.874472453	0.374472453	1.803241369
Sonic the Hedgehog 3	tt18259086	2024	934	461	865	1677	4893	12749	21292	14230	6302	12739	76142	6.9	7.342990728	0.442990728	1.817562913
Sonu Ke Titu Ki Sweety	tt7581902	2018	957	253	340	645	1476	3196	6264	5662	3125	5026	26944	7.1	7.39118171	0.29118171	2.113883994
Soorarai Pottru	tt10189514	2020	5335	586	296	380	887	1446	3815	8290	14579	95411	131025	8.6	9.16139668	0.56139668	2.017038684
Sooryavanshi	tt9531772	2021	12423	1615	1461	1787	2859	3606	3861	6409	13725	33278	81024	5.8	7.377061118	1.577061118	3.316889748
Sophie Scholl: The Final Days	tt0426578	2005	335	132	185	315	906	2619	7578	9924	4463	3175	29632	7.6	7.661075864	0.061075864	1.54575612
Sophie's Choice	tt0084707	1982	700	389	547	969	2422	5872	13703	16373	8135	7250	56360	7.5	7.575532292	0.075532292	1.702997812
Sorcerer	tt0076740	1977	280	128	221	409	1033	3016	7809	11198	5749	4661	34504	7.7	7.787329005	0.087329005	1.54537417
Sorority Row	tt1232783	2009	1739	1536	2581	4420	7505	6588	4152	2097	807	2403	33828	5.2	5.451696819	0.251696819	2.205525172
Sorry to Bother You	tt5688932	2018	2270	1186	1835	3389	6837	14960	26706	21825	8632	5657	93297	6.9	6.896770529	-0.003229471	1.851463048
Sorry We Missed You	tt8359816	2019	265	115	167	305	835	2508	7582	10326	3943	1893	27939	7.6	7.571423458	-0.028576542	1.437013956
Soul	tt2948372	2020	2693	1178	1690	3305	8228	26082	75639	151132	94945	75207	440099	8	8.102892758	0.102892758	1.441608981
Soul Kitchen	tt1244668	2009	399	185	325	695	1777	5359	13654	12355	4436	3122	42307	7.2	7.353983974	0.153983974	1.504863261
Soul Plane	tt0367085	2004	3879	2097	2565	3310	3875	3444	2438	1357	637	2484	26086	4.6	4.889289274	0.289289274	2.712244207
Soul Surfer	tt1596346	2011	880	474	739	1399	3513	8645	15411	10535	5116	8603	55315	7	7.291096448	0.291096448	1.87460215
Sound of Freedom	tt7599146	2023	6316	1132	998	1609	3225	7645	18543	25205	16568	53796	135037	7.6	8.134940794	0.534940794	2.290369953
Sound of Metal	tt5363618	2019	843	399	627	1214	3348	11724	40966	80406	29368	13302	182197	7.7	7.809151633	0.109151633	1.250049551
Source Code	tt0945513	2011	2010	1312	2503	5733	17713	61573	177435	194635	70916	43670	577500	7.5	7.562159307	0.062159307	1.327731151
South Park: Bigger, Longer & Uncut	tt0158983	1999	3950	1558	2036	3462	7857	19019	46589	64646	35004	39332	223453	7.7	7.75137501	0.05137501	1.804770878
Southland Tales	tt0405336	2006	4069	2658	3026	3825	5551	5777	5433	4328	2648	4703	42018	5.3	5.704626589	0.404626589	2.718418194
Southpaw	tt1798684	2015	1464	818	1526	3492	10458	31960	80425	81621	33841	29533	275138	7.3	7.565432619	0.265432619	1.473781713
Soylent Green	tt0070723	1973	648	471	855	1729	4732	12304	25228	16623	6332	5645	74567	7	7.128796921	0.128796921	1.58402017
Space Cowboys	tt0186566	2000	914	774	1595	3638	10317	24973	27967	12695	3735	3900	90508	6.5	6.553741106	0.053741106	1.56427829
Space Jam	tt0117705	1996	3128	3027	6066	11784	26090	52285	58621	32498	11773	22276	227548	6.5	6.669907009	0.169907009	1.878921983
Space Jam: A New Legacy	tt3554046	2021	14404	6784	8435	11439	14591	12004	6988	3496	1407	6344	85892	4.5	4.622071904	0.122071904	2.591792213
Space Sweepers	tt12838766	2021	616	384	660	1207	2631	6433	8640	5280	1989	2961	30801	6.5	6.823674556	0.323674556	1.881932004
Spaceballs	tt0094012	1987	2665	2098	3547	6488	14629	32634	61843	50179	23033	26678	223794	7.1	7.242432773	0.142432773	1.798577601
Spaceman	tt11097384	2024	2245	1517	2343	3809	7321	9420	8802	5299	2163	3165	46084	5.7	5.984549952	0.284549952	2.205385259
Spanglish	tt0371246	2004	2027	1467	2402	4747	10304	20391	24730	14537	5713	5844	92162	6.4	6.556758751	0.156758751	1.8758218
Spartacus	tt0054331	1960	1922	495	734	1473	3998	10993	30906	53209	26753	20337	150820	7.9	7.844549794	-0.055450206	1.564666968
Spartan	tt0360009	2004	626	461	793	1620	3810	7656	9323	5699	2160	2054	34202	6.5	6.614408514	0.114408514	1.809345022
Spawn	tt0120177	1997	4015	3778	5958	9398	15071	15627	10514	4874	1838	4877	75950	5.2	5.451691903	0.251691903	2.203782475
Speak	tt0378793	2004	426	194	318	603	1596	4257	8090	7595	3569	5253	31901	7.2	7.515218959	0.315218959	1.788344896
Speak No Evil	tt27534307	2024	1645	924	1475	3157	8824	26521	46574	24538	6879	6519	127056	6.8	6.872678189	0.072678189	1.548896904
Speak No Evil	tt14253846	2022	2492	1110	1515	2543	5086	11472	18285	11946	3881	3999	62329	6.6	6.612860787	0.012860787	2.004856808
Special 26	tt2377938	2013	1063	217	266	436	995	2732	9284	18872	13480	14589	61934	8	8.211644654	0.211644654	1.665298421
Special Correspondents	tt4181052	2016	455	488	958	2081	4918	8586	6137	2240	628	861	27352	5.9	5.991371746	0.091371746	1.662218081
Species	tt0114508	1995	1608	1741	3659	7902	18401	28302	18248	6494	1790	2895	91040	5.9	5.868189807	-0.031810193	1.67712005
Species II	tt0120841	1998	2295	2684	4435	7075	7575	4670	2308	1030	344	1109	33525	4.5	4.585980611	0.085980611	2.016704868
Spectral	tt2106651	2016	858	774	1611	3277	8667	19049	19502	9129	2914	3762	69543	6.3	6.4904879	0.1904879	1.678022114
Spectre	tt2379713	2015	5027	3280	6140	13885	37916	104634	170011	93267	29624	26855	490639	6.8	6.877378276	0.077378276	1.556428521
Speed	tt0111257	1994	2084	1788	3249	6741	19473	58455	142762	112159	39496	32369	418576	7.3	7.325374603	0.025374603	1.454786687
Speed 2: Cruise Control	tt0120179	1997	10746	11589	15698	18038	15095	9043	4330	1935	810	2258	89542	4	4.004411338	0.004411338	2.064129861
Speed Racer	tt0811080	2008	4489	2492	3724	5789	9456	14245	15342	11518	6076	9453	82584	6.1	6.360832607	0.260832607	2.397830669
Spellbound	tt0038109	1945	309	229	375	717	2254	6053	15448	18285	7021	5328	56019	7.5	7.555168782	0.055168782	1.472287054
Spencer	tt12536294	2021	3426	1962	2608	4433	8425	16013	19941	13755	5651	5099	81313	6.5	6.426832118	-0.073167882	2.101975636
Spenser Confidential	tt8629748	2020	1452	1053	2130	5020	13915	32928	29483	11491	3305	4590	105367	6.2	6.369404083	0.169404083	1.602458952
Sphere	tt0120184	1998	2170	2208	4556	8935	18516	31976	27076	13123	4298	4874	117732	6.1	6.135698026	0.035698026	1.793986742
Spice World	tt0120185	1997	9838	4974	4436	3555	3563	2678	2133	1491	845	5675	39188	3.8	4.399586608	0.599586608	3.152173869
Spider	tt0278731	2002	867	592	886	1588	3779	8125	12456	8741	3410	2553	42997	6.7	6.792241319	0.092241319	1.812336472
Spider-Man	tt0145487	2002	7611	4030	6839	12881	35712	106462	293110	281336	107525	96992	952498	7.4	7.501482418	0.101482418	1.517783063
Spider-Man 2	tt0316654	2004	7132	3723	5952	11727	31712	90369	211756	208391	101130	99754	771646	7.5	7.564668255	0.064668255	1.622945709
Spider-Man 3	tt0413300	2007	14846	10062	19330	38914	87297	175380	173887	85900	32580	51434	689630	6.3	6.45179299	0.15179299	1.881744702
Spider-Man: Across the Spider-Verse	tt9362722	2023	13462	2115	2311	3239	6645	16444	45912	103050	140118	169261	502557	8.5	8.494411579	-0.005588421	1.845254706
Spider-Man: Far from Home	tt6320628	2019	6644	2857	4650	9625	25654	76567	188383	181065	71662	58208	625315	7.3	7.431005173	0.131005173	1.562292507
Spider-Man: Homecoming	tt2250912	2017	9801	3593	5229	10289	28341	88724	243139	235680	87901	71639	784336	7.4	7.449346964	0.049346964	1.55423728
Spider-Man: Into the Spider-Verse	tt4633694	2018	15714	2456	2563	3890	9196	26190	87737	209982	217413	195468	770609	8.4	8.373126968	-0.026873032	1.671098113
Spider-Man: No Way Home	tt10872600	2021	18222	4468	6166	9703	21813	55731	141450	230907	208199	299965	996624	8.2	8.266674292	0.066674292	1.808880487
Spiderhead	tt9783600	2022	2024	1889	3660	7909	17619	21199	11449	3764	982	1473	71968	5.5	5.52370498	0.02370498	1.690240932
Spies in Disguise	tt5814534	2019	907	419	672	1500	4497	13382	21199	10796	3804	4739	61915	6.8	6.927642736	0.127642736	1.642774641
Spies Like Us	tt0090056	1985	614	665	1522	3132	7082	14490	14561	7569	2667	3278	55580	6.4	6.488844908	0.088844908	1.734993719
Spiral	tt10342730	2021	4160	3757	6034	9880	16588	16942	9850	4213	1434	3134	75992	5.2	5.274081482	0.074081482	2.065607568
Spirit: Stallion of the Cimarron	tt0166813	2002	1017	693	1173	2404	6029	13323	22656	17992	9997	17981	93265	7.2	7.483321718	0.283321718	1.880484792
Spirited	tt10999120	2022	1771	1034	1353	2497	5209	10597	14348	9994	4821	7435	59059	6.6	6.868385851	0.268385851	2.099533027
Spirited Away	tt0245429	2001	11593	3600	4130	6861	14180	33253	96604	214707	271350	294067	950345	8.6	8.529269897	-0.070730103	1.605396647
Splash	tt0088161	1984	847	790	1848	4443	12531	26492	23132	10306	3246	4517	88152	6.3	6.421930302	0.121930302	1.618442018
Splice	tt1017460	2009	4632	3295	5313	10049	18882	27524	21028	9091	2825	3354	105993	5.8	5.715471776	-0.084528224	1.950678738
Splinter	tt1031280	2008	910	837	1485	2992	6388	12192	10560	4867	1481	2010	43722	6.1	6.184163579	0.084163579	1.801530998
Split	tt4972582	2016	4738	2708	4582	9242	24789	75813	188843	182474	71420	48318	612927	7.3	7.419062955	0.119062955	1.492378351
Spotlight	tt1895587	2015	2935	1115	1477	2874	8494	26574	97032	194715	128717	66210	530143	8.1	8.074242233	-0.025757767	1.329648733
Spread	tt1186370	2009	1391	1145	1886	3516	7411	11123	8554	3993	1517	2597	43133	5.8	5.996360096	0.196360096	1.992720852
Spring	tt3395184	2014	565	405	656	1295	3037	6725	10251	6278	2317	2008	33537	6.7	6.767808689	0.067808689	1.755061232
Spring Breakers	tt2101441	2012	16542	9400	12103	16751	23139	24631	21287	13709	5890	10136	153588	5.3	5.307621689	0.007621689	2.52691734
Spring, Summer, Fall, Winter... and Spring	tt0374546	2003	1752	496	620	998	2283	5617	14591	27021	20285	16536	90199	8	7.981718201	-0.018281799	1.759305458
Spun	tt0283003	2002	933	603	930	1648	3345	7284	11852	8465	3534	3983	42577	6.7	6.911478028	0.211478028	1.921230213
Sputnik	tt11905962	2020	655	300	505	1226	3423	8240	8902	4055	1086	1266	29658	6.4	6.454143907	0.054143907	1.673748564
Spy	tt3079380	2015	4580	2134	3468	6527	16826	43971	85208	61672	24041	23723	272150	7	7.116468859	0.116468859	1.726675504
Spy Game	tt0266987	2001	1173	734	1396	3158	9552	28967	61509	42828	15688	11584	176589	7.1	7.198874222	0.098874222	1.469564098
Spy Hard	tt0117723	1996	1490	1589	3054	5569	9878	9581	5810	2654	936	2131	42692	5.3	5.495596365	0.195596365	1.99785655
Spy Kids	tt0227538	2001	4702	4214	7376	13549	27351	33153	23228	10582	3482	6860	134497	5.6	5.742261909	0.142261909	1.986273135
Spy Kids 2: Island of Lost Dreams	tt0287717	2002	3162	3094	5403	10031	18623	17022	10501	4859	1607	3802	78104	5.3	5.451602991	0.151602991	2.016763477
Spy Kids 3: Game Over	tt0338459	2003	5713	5888	9259	13618	13733	9538	5538	2621	1024	3626	70558	4.4	4.688922589	0.288922589	2.228939182
Spy Kids 4: All the Time in the World	tt1517489	2011	5976	3956	4800	4630	3739	2357	1471	810	402	2178	30319	3.6	4.017942544	0.417942544	2.582641844
St. Elmo's Fire	tt0090060	1985	924	784	1708	3097	6258	12283	12152	6931	2805	4299	51241	6.4	6.513124256	0.113124256	1.926009493
St. Vincent	tt2170593	2014	692	328	619	1468	4566	15586	38750	32044	11024	7610	112687	7.2	7.350812427	0.150812427	1.399921154
Stagecoach	tt0031971	1939	1265	258	411	713	1867	4688	12024	18023	9826	8964	58039	7.8	7.749185892	-0.050814108	1.77359155
Stake Land	tt1464580	2010	907	609	1082	2253	4890	10362	13343	7271	2434	2429	45580	6.4	6.554848618	0.154848618	1.784993419
Stakeout	tt0094025	1987	283	201	395	902	2766	7549	9932	4688	1628	1700	30044	6.7	6.76614299	0.06614299	1.560088288
Stalag 17	tt0046359	1953	1389	328	441	665	1882	4048	10676	18841	12235	10606	61111	7.9	7.876830685	-0.023169315	1.804882125
Stalingrad	tt0108211	1993	398	204	300	570	1646	4179	10291	12498	5447	4431	39964	7.5	7.572915624	0.072915624	1.591086039
Stalker	tt0079944	1979	3957	1728	2158	2899	5508	9713	20141	34095	30879	43942	155020	8	8.014314282	0.014314282	2.081458731
Stan & Ollie	tt3385524	2018	287	142	280	585	1845	6247	14333	11190	3794	2702	41405	7.2	7.281125468	0.081125468	1.429988683
Stand by Me	tt0092005	1986	2888	1163	1603	3166	8820	26620	86900	159646	102205	86978	479989	8.1	8.128519612	0.028519612	1.435476554
Stand Up Guys	tt1389096	2012	832	584	1161	2637	6229	14598	17803	8848	2949	3738	59379	6.4	6.636858149	0.236858149	1.706072573
Star Trek	tt0796366	2009	7033	2564	3474	5808	13455	38236	117985	215095	132744	99193	635587	7.9	7.985983036	0.085983036	1.555632897
Star Trek Beyond	tt2660888	2016	2898	1604	2869	5763	15518	44909	91404	63597	21627	18101	268290	7	7.115680793	0.115680793	1.566789527
Star Trek II: The Wrath of Khan	tt0084726	1982	1334	585	882	1723	4358	11873	28979	40139	22466	22366	134705	7.7	7.831105007	0.131105007	1.63438776
Star Trek III: The Search for Spock	tt0088170	1984	818	538	1200	2743	8249	22392	29987	13748	4507	5780	89962	6.7	6.784186657	0.084186657	1.570120766
Star Trek Into Darkness	tt1408101	2013	4764	2310	3496	6547	15106	41520	113239	165466	89780	66026	508254	7.7	7.7823116	0.0823116	1.570643335
Star Trek IV: The Voyage Home	tt0092007	1986	1068	488	834	1961	4699	12029	26706	25513	11493	11052	95843	7.3	7.439896497	0.139896497	1.662419103
Star Trek V: The Final Frontier	tt0098382	1989	2280	2309	4307	8090	15556	16455	9567	4042	1492	3196	67294	5.5	5.548518441	0.048518441	1.95503633
Star Trek VI: The Undiscovered Country	tt0102975	1991	880	463	749	1473	4087	11698	25253	21093	9568	9206	84470	7.2	7.390256896	0.190256896	1.635331373
Star Trek: First Contact	tt0117731	1996	1764	688	1097	2175	5343	12977	31324	40401	21276	19829	136874	7.6	7.68559405	0.08559405	1.691915948
Star Trek: Generations	tt0111280	1994	1325	809	1505	3506	9007	21529	27844	13852	5033	6140	90550	6.6	6.715759249	0.115759249	1.704404003
Star Trek: Insurrection	tt0120844	1998	1419	927	1731	3920	9286	21249	23418	11288	4231	5027	82496	6.4	6.553638964	0.153638964	1.750019776
Star Trek: Nemesis	tt0253754	2002	1755	1161	2208	4416	9788	21394	23955	12000	4586	5929	87192	6.4	6.536356546	0.136356546	1.832476427
Star Trek: The Motion Picture	tt0079945	1979	1530	1430	2912	5817	12760	25598	25901	13588	5094	6830	101460	6.4	6.484713187	0.084713187	1.816841376
Star Wars: Episode I - The Phantom Menace	tt0120915	1999	22951	17202	27843	46724	93041	189488	246780	139795	55215	76019	915058	6.5	6.592869523	0.092869523	1.977156299
Star Wars: Episode II - Attack of the Clones	tt0121765	2002	18647	15698	22596	38830	77438	160391	222349	132054	53576	68833	810412	6.6	6.670774865	0.070774865	1.963029379
Star Wars: Episode III - Revenge of the Sith	tt0121766	2005	13780	7103	11322	18104	36642	82498	186823	243806	144099	165359	909536	7.6	7.719602083	0.119602083	1.84147468
Star Wars: Episode IV - A New Hope	tt0076759	1977	19585	5242	6522	9935	23822	58456	178060	370080	412382	467830	1551914	8.6	8.477286113	-0.122713887	1.610825887
Star Wars: Episode IX - The Rise of Skywalker	tt2527338	2019	38156	18260	24539	34497	56585	90697	110538	79473	39281	42145	534171	6.3	6.173897497	-0.126102503	2.409649141
Star Wars: Episode V - The Empire Strikes Back	tt0080684	1980	19476	4653	5707	8452	20064	47433	145051	325629	410416	499395	1486276	8.7	8.593768587	-0.106231413	1.598785692
Star Wars: Episode VI - Return of the Jedi	tt0086190	1983	10973	3741	5113	8329	20824	56986	176057	357006	295184	260943	1195156	8.3	8.256394144	-0.043605856	1.526580851
Star Wars: Episode VII - The Force Awakens	tt2488496	2015	28868	10129	12746	19390	40375	89192	197617	265500	186120	167269	1017206	7.7	7.62582997	-0.07417003	1.992561383
Star Wars: Episode VIII - The Last Jedi	tt2527336	2017	53602	20447	24910	33422	56297	98646	153173	132963	71501	65917	710878	6.8	6.49178762	-0.30821238	2.457342479
Star Wars: The Clone Wars	tt1185834	2008	3687	2028	3328	5582	11395	19735	16528	7654	2987	6910	79834	6	6.117080442	0.117080442	2.158032627
Stardust	tt0486655	2007	2972	1301	2125	4175	10532	27906	63983	84447	49246	50050	296737	7.6	7.804608121	0.204608121	1.663260679
Stardust Memories	tt0081554	1980	454	247	301	573	1442	3273	6760	5815	3070	3071	25006	7.2	7.32508198	0.12508198	1.839646565
Stargate	tt0111282	1994	1789	1443	2617	5593	13484	33874	68216	48854	20134	20991	216995	7	7.21224913	0.21224913	1.647575693
Starman	tt0088172	1984	513	285	548	1220	3555	9808	19078	12034	4738	4832	56611	7	7.154263306	0.154263306	1.586552628
Starred Up	tt2567712	2013	491	245	389	777	2045	6130	15861	16144	5584	3357	51023	7.3	7.374438978	0.074438978	1.487323405
Starship Troopers	tt0120201	1997	5025	3388	4895	8360	17793	42157	93233	90705	40234	36821	342611	7.3	7.327318738	0.027318738	1.77448759
Starsky & Hutch	tt0335438	2004	2284	2165	4281	10061	24808	47888	41147	17257	4913	6074	160878	6.1	6.229012046	0.129012046	1.650888595
Starter for 10	tt0477095	2006	236	147	287	707	2100	6372	9404	4548	1440	1439	26680	6.7	6.840817091	0.140817091	1.505651736
State of Grace	tt0100685	1990	252	148	232	451	1383	4272	9016	7168	2771	2519	28212	7.1	7.308237629	0.208237629	1.559264479
State of Play	tt0473705	2009	1000	486	888	2032	7125	26007	66569	43573	11362	6574	165616	7.1	7.167157763	0.067157763	1.297263846
Stay	tt0371257	2005	1422	1024	1877	3517	7706	16417	24147	17702	8789	9600	92201	6.7	7.005856769	0.305856769	1.877405434
Stay Alive	tt0441796	2006	2446	2037	2933	4461	6387	6071	4224	2267	1115	3500	35441	5.1	5.481306961	0.381306961	2.458239622
Stealing Beauty	tt0117737	1996	563	471	721	1357	3284	6976	8213	5157	2517	2891	32150	6.5	6.770824261	0.270824261	1.895094958
Stealth	tt0382992	2005	3607	2955	4919	8010	12686	11772	7121	3359	1241	2517	58187	5.1	5.214807431	0.114807431	2.124312299
Steel Magnolias	tt0098384	1989	955	532	724	1490	3607	8430	16270	15018	8406	12568	68000	7.3	7.560794118	0.260794118	1.862573119
Step Brothers	tt0838283	2008	5846	4238	6291	11501	25094	53650	85814	69568	35315	40478	337795	6.9	7.123924274	0.223924274	1.919456881
Step Up	tt0462590	2006	3333	1720	2607	5439	13124	28925	33835	19496	8503	16018	133000	6.5	6.80481203	0.30481203	1.991861048
Step Up 2 the Streets	tt1023481	2008	3711	1581	2296	4526	10976	21105	18848	11127	8969	10910	94049	6.2	6.636412934	0.436412934	2.183427199
Step Up 3D	tt1193631	2010	2503	1168	1898	3585	7752	13637	12229	7382	3608	8317	62079	6.2	6.536123327	0.336123327	2.234283337
Step Up All In	tt2626350	2014	1401	763	1359	2566	5710	8879	6680	3489	1805	4627	37279	5.9	6.338126023	0.438126023	2.210117991
Step Up: Revolution	tt1800741	2012	2057	922	1462	2941	6031	11540	12658	7902	4081	10105	59699	6.4	6.851823314	0.451823314	2.228553707
Stepmom	tt0120686	1998	1076	689	1163	2482	6200	15517	22642	14929	6420	8364	79482	6.8	7.037052414	0.237052414	1.78413822
Steve Jobs	tt2080374	2015	2699	1270	2089	4138	10689	29741	60673	47272	17338	10106	186015	7.2	7.095868613	-0.104131387	1.602936491
Stick It	tt0430634	2006	807	425	723	1497	3382	7187	6757	4277	2112	4627	31794	6.4	6.813832799	0.413832799	2.088675774
Stigmata	tt0145531	1999	1560	1432	2510	4831	10459	18959	18220	10161	3976	4414	76522	6.2	6.352147095	0.152147095	1.878650525
Still Alice	tt3316960	2014	938	384	584	1331	4293	15163	47330	50216	18301	11072	149612	7.5	7.550811432	0.050811432	1.355032545
Stillwater	tt10696896	2021	1094	524	886	1835	5423	15806	22049	10376	2808	2423	63224	6.6	6.657977983	0.057977983	1.574294661
Stir Crazy	tt0081562	1980	284	245	426	1040	2604	6739	10232	5748	2175	2797	32290	6.7	6.962496129	0.262496129	1.662610036
Stir of Echoes	tt0164181	1999	744	536	902	2018	5793	16554	33861	20116	6511	5596	92631	6.9	7.0537617	0.1537617	1.501232955
Stoker	tt1682180	2013	2262	1479	2373	4596	10710	23465	34030	23258	9702	7618	119493	6.7	6.802364992	0.102364992	1.806614445
Stolen	tt1656186	2012	1589	1259	2388	4949	11155	13317	7078	2653	908	2175	47471	5.5	5.633671083	0.133671083	1.873408545
Stomp the Yard	tt0775539	2007	3854	772	987	1563	2998	3580	3142	2110	4353	3745	27104	5.5	6.146030106	0.646030106	2.956697237
Stone	tt1423995	2010	1875	1528	2744	5367	10678	10946	6037	2313	795	1652	43935	5.4	5.420166155	0.020166155	1.92184513
Stonehearst Asylum	tt1772264	2014	484	340	701	1640	4848	13367	21471	12300	4518	4496	64165	6.8	6.991163407	0.191163407	1.556702068
Stop! Or My Mom Will Shoot	tt0105477	1992	5039	4902	6290	8027	8262	6271	3528	1613	655	2247	46834	4.4	4.499338088	0.099338088	2.299990296
Storks	tt4624424	2016	881	575	1028	2390	6335	14852	22146	12501	4843	6125	71676	6.8	6.910667448	0.110667448	1.714408883
Stormbreaker	tt0457495	2006	1384	1098	1946	3736	5884	5262	3054	1373	619	2025	26381	5.1	5.440923392	0.340923392	2.20947353
Stowaway	tt9203694	2021	2355	1870	3123	5491	11744	15268	10181	3671	991	1275	55969	5.7	5.539852418	-0.160147582	1.85671405
Straight Outta Compton	tt1398426	2015	2906	644	805	1515	4283	14586	49887	83494	41445	32497	232062	7.8	7.914850342	0.114850342	1.506212785
Strange Darling	tt22375054	2023	1302	715	1028	1703	3916	9791	20564	16983	6001	4054	66057	7	7.044143694	0.044143694	1.737083498
Strange Days	tt0114558	1995	1101	649	1071	2133	5038	11816	23774	21230	9905	7459	84176	7.2	7.249370367	0.049370367	1.712680798
Strange World	tt10298840	2022	10098	2083	1945	3040	6268	10248	8055	3887	1499	2925	50048	5.7	5.101282769	-0.598717231	2.701253966
Stranger Than Fiction	tt0420223	2006	1600	912	1470	3101	8213	23921	61518	78687	38052	26450	243924	7.5	7.674189502	0.174189502	1.497057816
Stranger Than Paradise	tt0088184	1984	437	279	410	776	1826	4666	11021	12575	5994	4944	42928	7.4	7.537923966	0.137923966	1.649841176
Strangers on a Train	tt0044079	1951	1605	483	702	1204	3508	10019	29920	51630	29396	19582	148049	7.9	7.902863241	0.002863241	1.517090924
Straw	tt32550101	2025	1339	647	901	1279	2398	4897	6335	4674	2319	4955	29744	6.5	6.857920925	0.357920925	2.339129153
Straw Dogs	tt0067800	1971	1084	567	745	1327	3050	7360	18149	20266	8811	6379	67738	7.4	7.402506717	0.002506717	1.712152196
Straw Dogs	tt0999913	2011	1414	855	1448	3124	6670	10529	7476	3252	1011	1726	37505	5.8	5.897746967	0.097746967	1.918472569
Strays	tt15153532	2023	1330	771	1060	1881	4121	8616	9387	4996	1890	3203	37255	6.3	6.458032479	0.158032479	2.050158424
Stree	tt8108202	2018	799	232	377	578	1436	3932	10208	12784	7671	9260	47277	7.5	7.844089092	0.344089092	1.772906367
Stree 2: Sarkate Ka Aatank	tt27510174	2024	1782	584	700	1078	2281	4669	7408	6785	7884	12644	45815	6.9	7.689905053	0.789905053	2.306640276
Street Fighter	tt0111301	1994	10194	9631	11898	13416	12660	8516	4907	2456	1040	4680	79398	4.1	4.324630343	0.224630343	2.402981397
Street Fighter: The Legend of Chun-Li	tt0891592	2009	4683	3391	3958	4319	3625	2295	1257	583	276	1722	26109	3.7	4.047531503	0.347531503	2.490582949
Street Kings	tt0421073	2008	1081	791	1458	3327	9795	26801	43903	23262	7403	8170	125991	6.8	6.920097467	0.120097467	1.552178995
Streets of Fire	tt0088194	1984	330	308	565	1141	2463	5124	6815	4676	2180	3335	26937	6.7	6.992129784	0.292129784	1.900345539
Stretch	tt2494280	2014	523	371	636	1366	3506	8245	10351	4690	1429	1661	32778	6.5	6.561870767	0.061870767	1.674499533
Strictly Ballroom	tt0105488	1992	622	316	429	747	1567	3735	7158	7127	4187	4777	30665	7.2	7.446567748	0.246567748	1.93349765
Striking Distance	tt0108238	1993	683	715	1627	3853	9884	15277	9498	3471	1031	1513	47552	5.9	5.933525404	0.033525404	1.622075903
Stripes	tt0083131	1981	688	650	1147	2686	6462	16315	26639	16948	6565	6885	84985	6.8	7.01729717	0.21729717	1.648164884
Striptease	tt0117765	1996	3841	4144	6348	9557	10910	7712	3990	1799	664	2073	51038	4.6	4.68770328	0.08770328	2.127632442
Stronger	tt3881784	2017	523	241	406	935	3121	10731	20691	10880	3047	2595	53170	6.9	6.981455708	0.081455708	1.434323418
Stuart Little	tt0164912	1999	2300	2360	4613	10987	29215	50322	34024	13502	4094	7292	158709	6	6.104026867	0.104026867	1.683437696
Stuart Little 2	tt0243585	2002	1357	1607	3125	6670	15338	16409	8946	3612	1220	3044	61328	5.5	5.685950952	0.185950952	1.836366211
Stuber	tt7734218	2019	1901	1043	1566	2807	7397	15533	13636	5738	1769	2746	54136	6.2	6.185033988	-0.014966012	1.880927174
Stuck in Love.	tt2205697	2012	777	439	775	1669	4588	13392	28384	24052	10575	10419	95070	7.2	7.40945619	0.20945619	1.596444217
Stuck on You	tt0338466	2003	1940	1355	2418	5109	10774	15436	11296	4561	1398	2177	56464	5.8	5.822081326	0.022081326	1.874130295
Submarine	tt1440292	2010	788	452	750	1633	4308	12147	29094	29726	12781	8602	100281	7.3	7.453166602	0.153166602	1.525668872
Subservience	tt24871974	2024	1115	1017	1914	3860	8155	8899	5082	2004	641	1676	34363	5.4	5.605884236	0.205884236	1.909676027
Suburbicon	tt0491175	2017	2099	1335	2278	4502	9150	13265	10069	4209	1237	1390	49534	5.8	5.736241773	-0.063758227	1.897410214
Suck Me Shakespeer	tt2987732	2013	865	424	671	1038	2189	5256	10433	7416	3035	2828	34155	6.9	6.97739716	0.07739716	1.880830324
Sucker Punch	tt0978764	2011	11978	8620	12645	19776	31359	47004	51339	36165	17164	23934	259984	6.1	6.260327559	0.160327559	2.301778443
Sudden Death	tt0114576	1995	809	700	1491	3472	8023	11301	7026	3049	1025	2284	39180	5.9	5.975752935	0.075752935	1.833597786
Sudden Impact	tt0086383	1983	411	261	618	1605	4856	13802	17800	7451	2101	2966	51871	6.6	6.72969482	0.12969482	1.505974549
Suffragette	tt3077214	2015	987	254	347	896	2819	8946	15879	9225	3253	3591	46197	6.9	7.014113471	0.114113471	1.679247393
Suicide Kings	tt0120241	1997	340	188	348	766	2032	5275	9915	6642	2625	2173	30304	6.9	7.079263464	0.179263464	1.617823142
Suicide Squad	tt1386697	2016	31002	25026	38625	63204	109939	162832	148043	81545	33527	60234	753977	5.9	6.060099977	0.160099977	2.192024351
Suite Française	tt0900387	2014	337	96	204	507	1533	5336	10482	6534	2503	2706	30238	7	7.212216416	0.212216416	1.557670964
Sullivan's Travels	tt0034240	1941	548	131	260	358	974	2417	5852	8617	5414	5850	30421	7.9	7.873508432	-0.026491568	1.780244984
Sully	tt3263904	2016	1119	617	1093	2485	8839	34069	109504	105101	33898	22363	319088	7.4	7.522153763	0.122153763	1.276515179
Sultan	tt4832640	2016	5630	929	787	1292	2567	5141	10166	9662	6397	15684	58255	7.1	7.236614883	0.136614883	2.744165496
Summer of 84	tt5774450	2018	612	406	733	1655	4498	11341	16553	9121	2928	3018	50865	6.7	6.805268849	0.105268849	1.624343141
Summer of Sam	tt0162677	1999	1296	640	1039	1877	3803	8798	12824	8123	3040	2352	43792	6.7	6.636737304	-0.063262696	1.886549656
Summer Wars	tt1474276	2009	396	164	335	622	1391	3738	8661	9648	4844	3877	33676	7.4	7.535841549	0.135841549	1.660616242
Sunrise	tt0018455	1927	1857	516	568	926	1977	3616	8942	14605	9763	13501	56271	8.1	7.858204048	-0.241795952	2.075608386
Sunset Boulevard	tt0043014	1950	4064	1232	1522	2801	5814	12629	34200	71316	61860	63112	258550	8.4	8.218642429	-0.181357571	1.720509007
Sunshine	tt0448134	2007	3532	2436	3945	7032	15518	37996	77912	73758	35160	26070	283359	7.2	7.292942875	0.092942875	1.7209775
Sunshine Cleaning	tt0862846	2008	548	376	662	1731	5181	16230	28621	15041	4185	3266	75841	6.8	6.915718411	0.115718411	1.419839795
Super	tt1512235	2010	1775	1123	1723	3352	7597	16505	26375	17061	6132	5275	86918	6.7	6.772636278	0.072636278	1.798605276
Super 30	tt7485048	2019	1039	199	221	374	822	2186	5844	9369	7302	14254	41610	7.9	8.289834174	0.389834174	1.913763644
Super 8	tt1650062	2011	4778	3011	4962	9974	24850	63175	121009	90693	32587	23659	378698	7	7.05406947	0.05406947	1.63462735
Super Dark Times	tt5112578	2017	434	257	486	1077	2642	6329	8724	4650	1422	1103	27124	6.6	6.635968146	0.035968146	1.641522713
Super Mario Bros.	tt0108255	1993	7925	7159	10749	9967	9671	7182	4773	2692	1131	5881	67130	4.2	4.614047371	0.414047371	2.58858848
Super Size Me	tt0390521	2004	1789	947	1242	2137	6053	16538	38725	30699	10073	8144	116347	7.2	7.170051656	-0.029948344	1.629306027
Super Troopers	tt0247745	2001	1966	1441	2062	3646	7739	15832	28843	24822	13970	17493	117814	7	7.303393485	0.303393485	1.947180744
Super Troopers 2	tt0859635	2018	893	639	1081	2004	4239	7210	6475	3442	1297	2434	29714	6	6.285219089	0.285219089	2.034400813
Superbabies: Baby Geniuses 2	tt0270846	2003	18560	1907	842	461	409	238	220	165	188	9116	32106	1.5	3.922288669	2.422288669	4.001919452
Superbad	tt0829482	2007	8929	4206	5675	10276	23603	62952	155387	205824	108469	98389	683710	7.6	7.701524038	0.101524038	1.691394287
Supercop	tt0104558	1992	319	146	229	550	1667	4940	9125	5149	1815	2371	26311	7	7.091520657	0.091520657	1.618070916
Supergirl	tt0088206	1984	2212	2268	3223	4334	4541	3330	2166	1394	582	1960	26010	4.4	4.905420992	0.505420992	2.44631179
Superhero Movie	tt0426592	2008	7364	6215	8738	11798	14587	12775	8808	4822	1986	5766	82859	4.7	5.051364366	0.351364366	2.425907026
Superman	tt0078346	1978	2278	1297	2077	3634	9533	25678	60044	52685	22016	26617	205859	7.4	7.449147232	0.049147232	1.68280354
Superman	tt5950044	2025	15004	5693	7475	10933	21983	45732	84686	86838	44236	55619	378199	7.1	7.188474851	0.088474851	2.172527962
Superman II	tt0081573	1980	1877	1328	2172	3843	10168	25689	37816	21841	8733	10178	123645	6.8	6.884322051	0.084322051	1.760442941
Superman III	tt0086393	1983	3544	4190	7939	12981	20542	15575	7966	3339	1235	3364	80675	5	5.095184382	0.095184382	1.990912241
Superman IV: The Quest for Peace	tt0094074	1987	7830	8027	10510	11444	8673	4751	2359	1113	575	2590	57872	3.8	3.966564142	0.166564142	2.228324103
Superman Returns	tt0348150	2006	11639	7096	10753	20894	44770	74163	62965	32690	14151	22587	301708	6.1	6.184781312	0.084781312	2.077212123
Surf's Up	tt0423294	2007	1175	789	1587	3467	9050	20678	29255	17463	7322	9580	100366	6.7	6.943456948	0.243456948	1.752219929
Surongo	tt28218009	2023	4688	1791	375	140	229	435	915	1675	7583	12724	30555	6.9	7.494747177	0.594747177	3.438258896
Surrogates	tt0986263	2009	1800	1833	3951	9578	25679	56199	52827	21254	5632	5519	184272	6.3	6.332589867	0.032589867	1.5281715
Surviving Christmas	tt0252028	2004	1433	1243	1779	3162	5961	6927	4912	2259	928	1961	30565	5.5	5.682610829	0.182610829	2.147319373
Survivor	tt3247714	2015	1037	923	1719	3366	7668	11076	6634	2533	807	1457	37220	5.7	5.772031166	0.072031166	1.81570246
Suspicion	tt0034248	1941	242	186	334	746	2225	6352	15178	13008	4383	3289	45943	7.2	7.323944888	0.123944888	1.445479566
Suspiria	tt0076786	1977	1671	1202	1807	2887	6474	13894	27383	28815	15451	15475	115059	7.3	7.411745279	0.111745279	1.853502701
Suspiria	tt1034415	2018	3572	1970	2774	4618	8706	17177	25187	20936	10582	8260	103782	6.7	6.769314525	0.069314525	2.077385701
Suzume	tt16428256	2022	392	188	300	604	1701	5257	14628	18309	9161	9445	59985	7.6	7.833591731	0.233591731	1.524369224
Swades	tt0367110	2004	3426	775	546	785	1698	3536	8835	18562	23165	43880	105208	8.2	8.526785035	0.326785035	2.021053464
Swallow	tt8372298	2019	799	450	645	1297	3325	7751	9742	5154	1505	1140	31808	6.5	6.486544266	-0.013455734	1.738258817
Sweeney Todd: The Demon Barber of Fleet Street	tt0408236	2007	6158	3251	5083	9370	20054	47527	97692	103418	53089	58451	404093	7.3	7.484217742	0.184217742	1.823352867
Sweet and Lowdown	tt0158371	1999	535	233	420	765	2138	5503	11506	10015	4032	2848	37995	7.2	7.223555731	0.023555731	1.643466519
Sweet Girl	tt10731768	2021	1542	1144	1998	3744	7516	9320	6134	2870	1074	2321	37663	5.5	5.763587606	0.263587606	2.058817201
Sweet Home Alabama	tt0256415	2002	2131	1966	3617	7735	17976	32201	29359	17167	7786	11500	131438	6.2	6.534358405	0.334358405	1.912537738
Sweet November	tt0230838	2001	1787	1291	2154	4056	9004	19055	25525	16782	7895	10789	98338	6.7	6.897445545	0.197445545	1.932051824
Sweet Smell of Success	tt0051036	1957	683	330	279	461	1211	2819	6783	11329	7944	7366	39205	8	7.913837521	-0.086162479	1.791135417
Swimming Pool	tt0324133	2003	685	509	886	1731	4139	10408	17410	9963	3090	2168	50989	6.7	6.775814391	0.075814391	1.617355166
Swimming with Sharks	tt0114594	1994	292	209	302	601	1699	4211	7975	6053	2565	1910	25817	7	7.135414649	0.135414649	1.646833906
Swingers	tt0117802	1996	1266	721	1110	2098	5045	11739	23301	22901	11693	11874	91748	7.2	7.415758382	0.215758382	1.786572601
Swiss Army Man	tt4034354	2016	4058	2151	2932	4618	9414	20216	37591	32238	14526	11808	139552	6.9	6.97839515	0.07839515	1.972134746
Swordfish	tt0244244	2001	2560	2436	4394	9360	21896	48508	62421	31645	10068	9127	202415	6.5	6.573480226	0.073480226	1.66469686
Sydney White	tt0815244	2007	1029	851	1532	3290	7544	13230	11918	6522	2825	5403	54144	6.2	6.513076241	0.313076241	1.966881011
Sympathy for Mr. Vengeance	tt0310775	2002	747	398	549	959	2619	7730	20849	26977	11735	7746	80309	7.5	7.612285049	0.112285049	1.521813954
Synchronic	tt9016974	2019	972	627	1246	2717	6498	13273	11988	5097	1417	1596	45431	6.2	6.215249499	0.015249499	1.701160893
Synecdoche, New York	tt0383028	2008	2168	1411	1799	2965	5512	10469	19118	22854	17088	20274	103658	7.5	7.580804183	0.080804183	2.060315709
Syriana	tt0365737	2005	2829	1554	2318	4353	10057	23682	42783	29890	11755	8692	137913	6.9	6.917375447	0.017375447	1.776136304
T2 Trainspotting	tt2763304	2017	1176	731	1211	2677	7165	20998	46261	37115	13588	9295	140217	7.1	7.237218026	0.137218026	1.512980046
Table 19	tt1412528	2017	665	690	1381	2675	6105	9288	6775	2949	1025	1309	32862	5.8	5.978729231	0.178729231	1.792838576
Tae Guk Gi: The Brotherhood of War	tt0386064	2004	833	170	258	456	966	2512	6152	11311	9140	10396	42194	8	8.139664407	0.139664407	1.791901437
Tag	tt2854926	2018	1666	1339	2635	5775	16040	40481	51486	24550	7517	8054	159543	6.5	6.665475765	0.165475765	1.586327588
Take Me Home Tonight	tt0810922	2011	1018	826	1438	3217	7190	14526	15018	7467	2680	4013	57393	6.3	6.48284634	0.18284634	1.826661125
Take Shelter	tt1675192	2011	1222	868	1291	2526	6000	15180	33320	32418	13805	8115	114745	7.3	7.285668221	-0.014331779	1.61579013
Take the Lead	tt0446046	2006	468	274	433	940	2447	5773	7712	4278	1892	3109	27326	6.6	6.92651687	0.32651687	1.857961242
Take the Money and Run	tt0065063	1969	411	161	260	538	1486	4446	10489	8966	3392	2579	32728	7.2	7.309948668	0.109948668	1.57141134
Take This Waltz	tt1592281	2011	838	502	835	1517	2971	6189	8469	5693	2347	1837	31198	6.5	6.626193987	0.126193987	1.920451158
Taken	tt0936501	2008	3267	1932	3228	6471	16586	49901	148789	233563	115019	87705	666461	7.7	7.87335343	0.17335343	1.432014944
Taken 2	tt1397280	2012	5947	4058	7706	17008	41989	95045	91224	38436	13183	20429	335025	6.2	6.430627565	0.230627565	1.746003339
Taken 3	tt2446042	2014	3977	3881	7153	13748	32208	64026	49320	20563	6755	11917	213548	6	6.195773316	0.195773316	1.79486764
Takers	tt1135084	2010	1748	961	1783	3821	8972	18172	16715	7954	2742	5228	68096	6.2	6.399641682	0.199641682	1.898210639
Taking Lives	tt0364045	2004	1443	1295	2817	6161	14126	29133	25629	11529	3700	4735	100568	6.2	6.312554689	0.112554689	1.703680532
Taking Woodstock	tt1127896	2009	545	245	463	1073	2680	6710	9808	5256	1906	2036	30722	6.7	6.789727231	0.089727231	1.712419265
Talaash: The Answer Lies Within	tt1787988	2012	2389	618	586	917	2229	5322	11229	11047	5657	8252	48246	7.3	7.30713427	0.00713427	2.215056423
Tale of Tales	tt3278330	2015	1171	731	1049	1781	3721	6974	8557	5353	1926	1773	33036	6.4	6.39120959	-0.00879041	1.997970874
Tales from Earthsea	tt0495596	2006	617	575	1233	2625	6004	12177	13012	6463	2287	2776	47769	6.3	6.493311562	0.193311562	1.739047557
Tales from the Crypt: Demon Knight	tt0114608	1995	377	266	527	1038	2578	5928	8022	4848	1826	2878	28288	6.7	6.902290724	0.202290724	1.803630238
Talk to Her	tt0287467	2002	1963	664	846	1295	3143	8039	21872	40260	25320	17758	121160	7.9	7.887107956	-0.012892044	1.672922109
Talk to Me	tt10638522	2022	4279	1531	2385	4695	11859	32632	66142	52787	18865	13170	208345	7.1	7.080265905	-0.019734095	1.694517397
Tall Girl	tt9252508	2019	2544	1751	2223	3229	5450	6152	3878	1824	734	1542	29327	5.2	5.236028233	0.036028233	2.301405598
Talladega Nights: The Ballad of Ricky Bobby	tt0415306	2006	4168	2735	4449	8711	19639	44289	59236	37323	14642	16530	211722	6.6	6.763926281	0.163926281	1.848847488
Tamasha	tt3148502	2015	1836	459	510	775	1473	2845	5552	7352	5792	9094	35688	7.4	7.637497198	0.237497198	2.363221368
Tammy	tt2103254	2014	4240	3113	4700	7966	11883	10617	6228	3300	1294	3343	56684	4.9	5.197568979	0.297568979	2.261577603
Tampopo	tt0092048	1985	246	147	191	263	619	1748	4924	8296	5330	4307	26071	7.9	7.963791186	0.063791186	1.595205452
Tangerine	tt3824458	2015	1056	475	635	1044	2152	5779	12862	11470	4416	2559	42448	7.1	7.082760083	-0.017239917	1.788049949
Tangerines	tt2991224	2013	567	188	200	301	741	2131	7580	14966	10873	13800	51347	8.1	8.333164547	0.233164547	1.575886253
Tangled	tt0398286	2010	2537	1240	2257	5129	14837	47767	127580	162938	83996	89082	537363	7.7	7.883756418	0.183756418	1.489805443
Tango & Cash	tt0098439	1989	1295	1348	2860	5796	14925	32392	32348	15714	5118	8034	119830	6.4	6.536610198	0.136610198	1.716587633
Tanhaji: The Unsung Warrior	tt8108274	2020	2189	403	342	478	978	1967	4064	5060	4436	18515	38432	7.5	8.238629267	0.738629267	2.472868209
Tank Girl	tt0114614	1995	2226	1829	2593	3965	5942	6536	5545	3582	1641	3463	37322	5.4	5.769224586	0.369224586	2.417499877
Tanu Weds Manu Returns	tt2140465	2015	1091	281	306	460	923	2298	5440	7378	5658	6694	30529	7.6	7.788659963	0.188659963	2.084075607
Tár	tt14444726	2022	1975	1112	1569	2454	5515	12662	27030	30649	16438	8675	108079	7.4	7.32207922	-0.07792078	1.784262743
Tarot	tt14088510	2024	1967	2170	3706	6358	8569	6718	3499	1581	586	1590	36744	4.8	5.016465273	0.216465273	2.062115714
Tarzan	tt0120855	1999	1419	984	1823	4141	12489	36159	83749	67520	28027	29419	265730	7.3	7.442347496	0.142347496	1.528270207
Taste of Cherry	tt0120265	1997	565	318	434	703	1514	3484	8611	12263	7454	7178	42524	7.7	7.784686295	0.084686295	1.75919372
Tau	tt4357394	2018	871	854	1557	3237	6537	10154	7521	3419	1147	1670	36967	5.8	5.973679227	0.173679227	1.854638736
Taxi	tt0152930	1998	1096	778	1161	2506	6019	15723	32866	19942	7082	8007	95180	7	7.081298592	0.081298592	1.651317832
Taxi	tt0316732	2004	5109	3616	4954	7264	8891	7138	4508	2259	980	2937	47656	4.6	4.854792681	0.254792681	2.402081623
Taxi 2	tt0183869	2000	937	756	1143	2514	6613	16027	18028	8768	3142	4413	62341	6.5	6.639434722	0.139434722	1.741071977
Taxi 3	tt0295721	2003	1115	1008	1946	3914	9391	13513	8927	3886	1495	3060	48255	5.8	6.015749663	0.215749663	1.895856694
Taxi 4	tt0804540	2007	1070	927	1640	3239	6787	8010	5183	2356	944	2494	32650	5.6	5.860949464	0.260949464	2.059341332
Taxi Driver	tt0075314	1976	7504	3989	5842	10325	23427	59451	160834	287928	244685	207314	1011299	8.2	8.160510393	-0.039489607	1.565954092
Taylor Swift: The Eras Tour	tt28814949	2023	3029	291	183	191	402	831	1921	3834	3138	11651	25471	8	7.883121982	-0.116878018	2.970771463
Team America: World Police	tt0372588	2004	3991	2157	2841	5018	10168	22930	47008	44707	21874	23503	184197	7.2	7.296144888	0.096144888	1.920532163
Tears of the Sun	tt0314353	2003	1604	1234	2256	4784	12896	30906	42658	23001	8154	9149	136642	6.6	6.786946912	0.186946912	1.672000449
Ted	tt1637725	2012	11025	7382	11819	22075	51520	122453	212284	147394	56497	59103	701552	6.9	6.993789484	0.093789484	1.772074417
Ted 2	tt2637276	2015	4173	3238	5869	12945	33005	71031	69161	31431	10706	14696	256255	6.3	6.439429475	0.139429475	1.734155675
Teen Wolf	tt0090142	1985	892	924	2002	4344	10277	18643	14644	6714	2185	4234	64859	6.1	6.284247367	0.184247367	1.784012586
Teenage Mutant Ninja Turtles	tt0100758	1990	1307	1081	1970	4106	9828	20875	29016	18529	8008	16648	111368	6.8	7.09439875	0.29439875	1.900245063
Teenage Mutant Ninja Turtles	tt1291150	2014	8137	6136	10647	18499	36142	57075	45508	21508	8071	16837	228560	5.8	6.042767763	0.242767763	2.071439403
Teenage Mutant Ninja Turtles II: The Secret of the Ooze	tt0103060	1991	1292	1285	2327	4707	10112	16052	12355	6757	2715	6245	63847	6	6.327141448	0.327141448	2.016627296
Teenage Mutant Ninja Turtles III	tt0108308	1993	2272	2409	4002	6475	8685	6229	3538	1660	635	2390	38295	4.8	5.051729991	0.251729991	2.201789031
Teenage Mutant Ninja Turtles: Mutant Mayhem	tt8589698	2023	2309	766	865	1378	3423	9557	22640	20982	7872	7069	76861	7.2	7.211446637	0.011446637	1.854797948
Teenage Mutant Ninja Turtles: Out of the Shadows	tt3949660	2016	2741	2106	3699	7725	17127	30564	22613	9409	3031	6399	105414	5.9	6.09787125	0.19787125	1.879670858
Teeth	tt0780622	2007	3209	2330	3321	5252	8708	10542	8003	3959	1401	2445	49170	5.4	5.498962782	0.098962782	2.210865504
Tehran	tt21818782	2025	942	167	153	253	532	808	816	778	4424	19960	28833	5.9	9.073180037	3.173180037	2.039560787
Tekken	tt0411951	2010	2197	1903	3080	4344	6148	4922	2827	1429	585	2036	29471	4.8	5.080825218	0.280825218	2.316209785
Tell No One	tt0362225	2006	470	257	441	823	2168	6128	16557	20745	8527	4611	60727	7.5	7.5406162	0.0406162	1.469937023
Tenacious D in the Pick of Destiny	tt0365830	2006	1800	1269	2199	4141	9494	20831	32669	21636	9363	15457	118859	6.8	7.071933972	0.271933972	1.891776002
Tenebrae	tt0084777	1982	479	290	481	827	1970	4638	8899	6976	2927	3003	30490	7	7.148638898	0.148638898	1.785400104
Tenet	tt6723592	2020	12124	6635	10069	16478	36100	79821	175671	169825	90500	75744	672967	7.3	7.342374886	0.042374886	1.836850843
Tequila Sunrise	tt0096244	1988	599	500	1020	2360	5969	11058	7857	3387	1193	1848	35791	6.1	6.191612417	0.091612417	1.736802485
Teri Baaton Mein Aisa Uljha Jiya	tt27459160	2024	1567	360	452	770	1710	3231	3952	6490	10593	26249	55374	6.2	8.525120092	2.325120092	2.107526837
Terminal	tt4463816	2018	1206	1065	1867	3096	5290	6004	4387	2139	809	1183	27046	5.4	5.572986763	0.172986763	2.070020574
Terminator 2: Judgment Day	tt0103064	1991	7521	3054	4328	7995	18946	50621	159997	338116	351663	327105	1269346	8.6	8.44369699	-0.15630301	1.447003444
Terminator 3: Rise of the Machines	tt0181852	2003	6349	5000	10829	23019	56038	120382	120811	54019	16779	20915	434141	6.3	6.406637475	0.106637475	1.68666002
Terminator Genisys	tt1340138	2015	7213	5806	10360	18385	37042	69541	79658	42446	14816	19902	305169	6.3	6.4077249	0.1077249	1.922182081
Terminator Salvation	tt0438488	2009	6521	4566	8906	18248	41465	90112	116677	60851	20444	22672	390462	6.5	6.601469541	0.101469541	1.750350074
Terminator: Dark Fate	tt6450804	2019	9919	4813	7121	12047	25859	50896	52660	26228	8605	11849	209997	6.2	6.18173593	-0.01826407	2.047996707
Terms of Endearment	tt0086425	1983	905	494	761	1347	3181	7783	18603	18917	8881	8854	69726	7.4	7.489214927	0.089214927	1.723752149
Terrified	tt7549892	2017	491	399	732	1402	3089	6573	8160	4687	1684	2144	29361	6.5	6.647866217	0.147866217	1.826875961
Terrifier	tt4281724	2016	4778	3649	5438	8912	16772	21854	15185	7622	2966	5386	92562	5.5	5.69182818	0.19182818	2.152724763
Terrifier 2	tt10403420	2022	3987	2299	3226	5465	10426	17813	16384	9859	4004	6973	80436	6	6.196939181	0.196939181	2.224664061
Terrifier 3	tt27911000	2024	3479	1446	2087	3447	6332	12512	13113	8214	3481	6416	60527	6.2	6.379698316	0.179698316	2.300212738
Testament of Youth	tt1441953	2014	371	142	202	505	1385	4031	9426	8464	3609	3555	31690	7.2	7.450836226	0.250836226	1.615545661
Tetris	tt12758060	2023	645	323	506	981	2997	10568	32397	34247	12078	9386	104128	7.4	7.571863476	0.171863476	1.398858502
Tetsuo: The Iron Man	tt0096251	1989	847	549	749	1064	2040	3940	6860	6031	3109	3439	28628	6.9	7.018548274	0.118548274	2.108632771
Texas Chainsaw	tt1572315	2013	4704	3893	5818	8901	12768	10116	5883	2892	1201	3827	60003	4.8	5.057747113	0.257747113	2.297935107
Texas Chainsaw Massacre	tt11755740	2022	7494	5696	7999	10510	13015	10915	6627	3161	1062	2662	69141	4.7	4.676573958	-0.023426042	2.268674462
Texas Chainsaw Massacre: The Next Generation	tt0110978	1994	6801	4403	4568	3792	2999	1992	1249	705	286	1676	28471	3.4	3.692985845	0.292985845	2.52614978
Thalaivi	tt10152736	2021	10843	282	188	225	428	717	882	865	1719	15444	31593	5.9	6.403886937	0.503886937	4.135777979
Thamma	tt28102562	2025	8321	2924	2793	2829	1490	1595	1516	1781	10492	14343	48084	5.9	6.521961567	0.621961567	3.568236687
Thank You for Smoking	tt0427944	2005	1265	690	1146	2372	6754	22248	65422	81236	33551	20004	234688	7.5	7.638524339	0.138524339	1.387069118
Thanks for Sharing	tt1932718	2012	518	316	535	1243	3591	8681	9037	4004	1160	1200	30285	6.4	6.455307908	0.055307908	1.623272572
Thanksgiving	tt1448754	2023	2123	1407	2359	4700	10784	20957	20123	9201	2719	4442	78815	6.2	6.265761594	0.065761594	1.86218313
Thappad	tt10964430	2020	5514	369	243	365	659	1317	2677	2906	3528	10132	27710	7	7.026236016	0.026236016	3.435510576
That Awkward Moment	tt1800246	2014	2124	1723	3181	6597	15132	29721	27547	13151	4640	6220	110036	6.1	6.338689156	0.238689156	1.807839852
That Obscure Object of Desire	tt0075824	1977	345	138	199	327	746	2102	5433	8868	4857	3693	26708	7.8	7.806125505	0.006125505	1.633468316
That Thing You Do!	tt0117887	1996	861	505	888	1898	5344	13734	23232	15104	7044	8954	77564	7	7.189456449	0.189456449	1.726137683
That's My Boy	tt1232200	2012	7199	4446	6240	10208	19019	26208	20506	11314	4817	9894	119851	5.6	5.876738617	0.276738617	2.29766539
The 'Burbs	tt0096734	1989	852	763	1437	3123	7325	16994	24889	15827	7050	11458	89718	6.8	7.096000803	0.296000803	1.80858395
The 100 Year-Old Man Who Climbed Out the Window and Disappeared	tt2113681	2013	345	251	483	1026	2666	7050	13871	11099	4269	2967	44027	7	7.177640993	0.177640993	1.557945637
The 12th Man	tt3300980	2017	271	114	205	373	1081	3530	9967	9640	3697	2956	31834	7.3	7.504963247	0.204963247	1.483018525
The 13th Warrior	tt0120657	1999	1975	1786	3036	6046	13586	27991	37169	23798	10457	12246	138090	6.6	6.820588022	0.220588022	1.849726881
The 15:17 to Paris	tt6802308	2018	2334	1811	2478	4210	7636	8278	5092	2410	928	1804	36981	5.3	5.391795787	0.091795787	2.158988098
The 33	tt2006295	2015	421	200	350	897	2756	8203	14849	8119	2658	2995	41448	6.9	7.026249759	0.126249759	1.543425191
The 355	tt8356942	2022	3104	1544	2126	3705	7255	9947	7346	3622	1414	3026	43089	5.6	5.726078582	0.126078582	2.276267563
The 39 Steps	tt0026029	1935	516	245	357	797	2184	6536	16473	20866	9551	7916	65441	7.6	7.682630155	0.082630155	1.527446261
The 40-Year-Old Virgin	tt0405422	2005	5176	3564	5806	11736	29525	78721	157057	118793	47327	38634	496339	7.1	7.169783152	0.069783152	1.626012544
The 400 Blows	tt0053198	1959	3044	973	975	1627	3591	8250	22258	39383	27375	25929	133405	8	7.933833065	-0.066166935	1.842081337
The 5th Wave	tt2304933	2016	5669	5152	9284	16087	27651	27021	16354	7485	3051	7377	125131	5.2	5.467398167	0.267398167	2.107935691
The 6th Day	tt0216216	2000	1704	1801	3895	9849	25774	42948	28735	10694	2944	4576	132920	5.9	6.032937105	0.132937105	1.605743106
The A-Team	tt0429493	2010	3450	2760	4720	10181	24639	55018	83810	51036	19670	20726	276010	6.7	6.870783667	0.170783667	1.729473384
The Abyss	tt0096754	1989	1471	937	1495	3109	8169	21887	53245	65099	30157	21442	207011	7.5	7.592702803	0.092702803	1.53667582
The Accidental Husband	tt0809504	2008	850	792	1361	2638	5501	7125	4253	1949	748	1319	26536	5.6	5.751017486	0.151017486	1.945788478
The Accountant	tt2140479	2016	1650	1114	2130	5049	15360	46807	120263	119354	45502	32402	389631	7.3	7.489950748	0.189950748	1.409857103
The Accountant 2	tt7068946	2025	1218	954	1698	3693	11070	28766	39009	20101	6474	8207	121190	6.6	6.808688836	0.208688836	1.616239231
The Accused	tt0094608	1988	329	188	258	622	1958	6257	16018	10783	3435	2803	42651	7.1	7.236266442	0.136266442	1.434200768
The Act of Killing	tt2375605	2012	465	204	290	465	1110	2516	6238	12519	11177	8721	43705	8.2	8.142546619	-0.057453381	1.63117015
The Adam Project	tt2463208	2022	2096	1485	3180	7530	22038	58917	82049	43124	15215	18476	254110	6.7	6.884609028	0.184609028	1.593426153
The Addams Family	tt0101272	1991	1067	848	1784	4282	13759	38152	65204	39049	14790	20286	199221	7	7.166613961	0.166613961	1.57650431
The Addams Family	tt1620981	2019	1411	1148	1779	3794	9142	13188	9304	4377	1525	3043	48711	5.9	6.022397405	0.122397405	1.939193506
The Adjustment Bureau	tt1385826	2011	2083	1559	2825	6191	16594	47113	94919	66543	24596	18143	280566	7	7.14148899	0.14148899	1.523221909
The Adventures of Baron Munchausen	tt0096764	1988	688	519	874	1533	3583	8354	16911	13979	6399	6676	59516	7.1	7.276681901	0.176681901	1.755024851
The Adventures of Buckaroo Banzai Across the 8th Dimension	tt0086856	1984	959	775	1183	2008	3641	5923	6053	4858	2534	4372	32306	6.2	6.673497183	0.473497183	2.241315754
The Adventures of Pluto Nash	tt0180052	2002	4477	3291	4240	4482	4320	3002	1893	873	372	1210	28160	3.9	4.154900568	0.254900568	2.362857017
The Adventures of Priscilla, Queen of the Desert	tt0109045	1994	1115	422	543	1060	2300	5860	14524	16850	8657	9236	60567	7.5	7.615186488	0.115186488	1.797357743
The Adventures of Robin Hood	tt0029843	1938	1036	323	375	735	1782	4322	10613	16474	9660	12013	57333	7.9	7.914150664	0.014150664	1.795147268
The Adventures of Sharkboy and Lavagirl 3-D	tt0424774	2005	7473	5669	6467	6357	5845	4087	2823	1715	766	4656	45858	3.8	4.455536657	0.655536657	2.757508288
The Adventures of Tintin	tt0983193	2011	2062	1039	1853	3912	10715	31305	75690	74078	29726	22620	253000	7.3	7.442450593	0.142450593	1.522251814
The Aeronauts	tt6141246	2019	951	429	540	1119	3271	9562	13519	6544	1843	1987	39765	6.6	6.666012825	0.066012825	1.690828324
The African Queen	tt0043265	1951	1081	444	718	1246	3377	7933	18333	26036	14882	14176	88226	7.7	7.774431573	0.074431573	1.698077732
The Aftermath	tt5977276	2019	441	245	462	1055	2957	7244	7326	3420	1145	1334	25629	6.4	6.518904366	0.118904366	1.676531362
The Age of Adaline	tt1655441	2015	1662	1071	1822	3962	11140	30513	65560	57605	25669	26762	225766	7.2	7.451507313	0.251507313	1.605039075
The Age of Innocence	tt0106226	1993	892	607	978	1805	4288	10423	21238	17493	8340	7580	73644	7.2	7.274292543	0.074292543	1.729533525
The Air I Breathe	tt0485851	2007	815	471	753	1429	2767	6007	9373	6865	2952	4030	35462	6.7	6.965427782	0.265427782	1.972710914
The Amateur	tt0899043	2025	784	539	1155	2928	9178	24916	30493	12692	3471	4688	90844	6.5	6.665613579	0.165613579	1.508680721
The Amazing Spider-Man	tt0948470	2012	11012	5592	9816	20404	49545	126367	239226	162570	60535	68829	753896	6.9	7.093065887	0.193065887	1.715671788
The Amazing Spider-Man 2	tt1872181	2014	10879	8559	13658	25259	55371	118584	158266	97246	40015	52939	580776	6.6	6.773215491	0.173215491	1.899472154
The American	tt1440728	2010	3422	2313	3612	6395	13818	26793	27127	14351	4755	3559	106145	6.3	6.193358142	-0.106641858	1.879022962
The American President	tt0112346	1995	807	431	789	1780	4842	12473	19338	12328	5577	5670	64035	6.9	7.044381979	0.144381979	1.703641252
The Amityville Horror	tt0078767	1979	855	799	1572	3208	6864	13107	11424	5711	1945	3127	48612	6.2	6.323418086	0.123418086	1.84081496
The Amityville Horror	tt0384806	2005	2612	2344	4374	8826	20122	33483	26103	13112	4253	6841	122070	5.9	6.156615057	0.256615057	1.856861282
The Andromeda Strain	tt0066769	1971	422	231	425	884	2356	6070	13104	11484	4819	3575	43370	7.2	7.300345861	0.100345861	1.59433396
The Angels' Share	tt1924394	2012	260	102	226	410	1296	4474	10944	7061	2102	1189	28064	7	7.126924173	0.126924173	1.394752155
The Angriest Man in Brooklyn	tt1294970	2014	590	667	1177	2212	4858	7133	4611	2000	752	1237	25237	5.7	5.896342671	0.196342671	1.873948508
The Angry Birds Movie	tt1985949	2016	2134	1628	3034	6170	14641	29903	29277	14379	5082	8840	115088	6.3	6.481162241	0.181162241	1.8487453
The Angry Birds Movie 2	tt6095472	2019	863	545	896	1797	4568	10892	10728	5280	1999	3508	41076	6.4	6.58360113	0.18360113	1.859926986
The Animal	tt0255798	2001	4122	4120	6317	10804	14811	12486	7076	3223	1129	2912	67000	4.9	5.046223881	0.146223881	2.114718557
The Ant Bully	tt0429589	2006	1160	963	1880	3746	8797	12568	8117	3402	1129	2150	43912	5.8	5.89358262	0.09358262	1.853764935
The Apartment	tt0053604	1960	2810	916	1082	2145	4505	10685	32766	66321	52031	43017	216278	8.3	8.144526951	-0.155473049	1.620101344
The Apprentice	tt8368368	2024	2419	420	475	845	2609	10082	26942	17696	4378	4133	69999	7.1	7.035743368	-0.064256632	1.713928008
The Archies	tt15979666	2023	7301	949	609	625	792	802	1935	3142	7336	29990	53481	4.2	7.982330173	3.782330173	3.226341603
The Aristocats	tt0065421	1970	672	481	1022	2429	7455	20898	40655	25903	10512	13421	123448	7.1	7.271936362	0.171936362	1.571223871
The Arrival	tt0115571	1996	657	630	1165	2428	5762	11295	10577	4987	1635	2005	41141	6.2	6.329549598	0.129549598	1.745303905
The Art of Getting By	tt1645080	2011	889	639	1231	2615	6575	14220	17887	9564	3834	4653	62107	6.5	6.718598548	0.218598548	1.765523486
The Art of Racing in the Rain	tt1478839	2019	451	225	337	621	1574	4093	10306	13531	7016	9040	47194	7.6	7.856041022	0.256041022	1.669907277
The Art of Self-Defense	tt7339248	2019	933	553	848	1655	3938	9550	13937	7828	2355	1583	43180	6.6	6.609564613	0.009564613	1.708854756
The Art of the Steal	tt2172985	2013	453	291	535	1273	3446	8068	7739	3255	931	1084	27075	6.3	6.382345337	0.082345337	1.6291506
The Art of War	tt0160009	2000	898	664	1364	2943	6943	9718	5887	2048	627	1039	32131	5.7	5.749556503	0.049556503	1.749978268
The Artist	tt1655442	2011	4346	1624	2050	3436	7752	18773	48446	79147	53147	35679	254400	7.8	7.807771226	0.007771226	1.725474383
The Asphalt Jungle	tt0042208	1950	230	110	165	320	900	2505	7229	11245	5448	4274	32426	7.8	7.835995806	0.035995806	1.484910748
The Assassination of Jesse James by the Coward Robert Ford	tt0443680	2007	2610	1498	2223	3995	9054	21896	48813	56246	30642	25396	202373	7.5	7.542004121	0.042004121	1.734696569
The Assassination of Richard Nixon	tt0364961	2004	440	208	346	737	1784	4639	8272	5799	2405	1873	26503	6.9	7.028147757	0.128147757	1.70717877
The Assistant	tt9000224	2019	1767	956	1103	1755	3223	5895	7298	4752	1395	958	29102	6.3	6.072778503	-0.227221497	2.143248503
The Astronaut's Wife	tt0138304	1999	2011	2037	3830	7570	14072	14248	8190	3315	1082	2452	58807	5.4	5.472324723	0.072324723	1.91535461
The Autopsy of Jane Doe	tt3289956	2016	1297	1022	2151	4624	12712	33514	54478	31586	10654	9243	161281	6.8	6.915160496	0.115160496	1.552775575
The Avengers	tt0848228	2012	20100	6640	9181	16136	38606	98438	257076	437474	322113	335478	1541242	8	8.08584635	0.08584635	1.682429623
The Avengers	tt0118661	1998	7434	6457	8055	8285	6852	4264	2354	1164	507	1325	46697	3.8	3.87819346	0.07819346	2.191126589
The Aviator	tt0338751	2004	3271	1773	2835	5808	15247	43507	115749	129359	51808	34115	403472	7.5	7.505769917	0.005769917	1.497366204
The Awakening	tt1687901	2011	715	535	1148	2803	7668	18475	22090	11443	3524	3226	71627	6.5	6.642481187	0.142481187	1.57321464
The Baader Meinhof Complex	tt0765432	2008	436	210	292	568	1645	4972	12678	13074	4777	2802	41454	7.3	7.391614802	0.091614802	1.500444416
The Babadook	tt2321549	2014	6563	4239	6699	12054	24714	48749	71432	53904	23094	15946	267394	6.8	6.724085058	-0.075914942	1.909490009
The Babysitter	tt4225622	2017	2543	1927	3436	6334	13990	29781	33573	16600	5387	6621	120192	6.4	6.432882388	0.032882388	1.816352634
The Babysitter: Killer Queen	tt11024272	2020	1889	1769	2843	5102	9963	15427	10909	5235	1984	3621	58742	5.8	5.942085731	0.142085731	2.016812667
The Back-up Plan	tt1212436	2010	2945	2182	3296	6089	11086	11143	7367	4205	1939	4278	54530	5.3	5.671758665	0.371758665	2.257326657
The Bad Batch	tt4334266	2016	2439	1868	2789	4597	7526	7869	5489	2555	909	1470	37511	5.2	5.318919784	0.118919784	2.140666177
The Bad Guys	tt8115900	2022	763	304	648	1442	4608	14396	26126	15256	5532	8139	77214	6.9	7.182725931	0.282725931	1.606598137
The Bad News Bears	tt0074174	1976	223	128	219	457	1356	3504	8403	6637	2824	3270	27021	7.3	7.431294179	0.131294179	1.610817632
The Ballad of Buster Scruggs	tt6412452	2018	1759	1241	1962	3587	9065	23860	55544	53800	19694	11203	181715	7.2	7.272068899	0.072068899	1.552710686
The Bandit	tt0116231	1996	2328	530	627	800	1603	3174	8106	15099	15649	26988	74904	8.1	8.327766207	0.227766207	2.042268625
The Bank Job	tt0200465	2008	1077	610	1028	2436	7567	27296	71529	56510	16542	11389	195984	7.2	7.308183321	0.108183321	1.34875975
The Banker	tt6285944	2020	501	133	141	349	1131	4596	15084	12745	3932	3342	41954	7.3	7.440839968	0.140839968	1.434044559
The Banshees of Inisherin	tt11813216	2022	3005	1853	2696	4360	9979	26164	66606	97073	51985	26720	290441	7.7	7.633250815	-0.066749185	1.587533684
The Bar	tt5121816	2017	558	431	744	1582	3744	8235	8798	3901	1051	971	30015	6.3	6.332600366	0.032600366	1.669846431
The Barbarian Invasions	tt0338135	2003	446	204	306	559	1244	2925	6769	9049	5416	3911	30829	7.5	7.635894774	0.135894774	1.731544314
The Basketball Diaries	tt0112461	1995	1063	484	899	1875	5311	15514	40318	36549	15032	13577	130622	7.3	7.483754651	0.183754651	1.532290824
The Batman	tt1877830	2022	17174	6411	8798	13273	27821	65443	156055	250701	190181	174756	910613	7.8	7.905034301	0.105034301	1.831289774
The Battle of Algiers	tt0058946	1966	3001	551	621	859	2095	4183	10658	20178	15039	17236	74421	8.1	7.910616627	-0.189383373	2.09229214
The Bay	tt1713476	2012	1324	1054	1691	2923	5758	8001	6209	3082	955	1314	32311	5.7	5.782767479	0.082767479	2.000187587
The Beach	tt0163978	2000	3110	2528	4746	10359	25514	59287	82282	46983	16283	15321	266413	6.6	6.751648756	0.151648756	1.665775427
The Beach Bum	tt6511932	2019	2238	1319	1718	2573	4253	5147	4279	2487	1007	1361	26382	5.5	5.49583049	-0.00416951	2.347837301
The Beastmaster	tt0083630	1982	494	520	943	1753	3669	6555	6045	3313	1263	2437	26992	6.2	6.431757558	0.231757558	1.967298672
The Beaver	tt1321860	2011	1175	568	883	1899	4725	11610	16374	8548	2930	3323	52035	6.6	6.696319785	0.096319785	1.773188905
The Beekeeper	tt15314262	2024	3425	3028	5050	9017	20105	40607	44551	23525	8926	16150	174384	6.3	6.576044821	0.276044821	1.938384963
The Beguiled	tt5592248	2017	1403	951	1791	3734	9133	18461	17958	8167	2172	1889	65659	6.3	6.237149515	-0.062850485	1.688460624
The Bélier Family	tt3547740	2014	215	168	234	470	1315	3642	9191	9236	3933	2717	31121	7.3	7.466083995	0.166083995	1.515520091
The Believer	tt0247199	2001	573	249	470	902	2298	6625	13686	10830	4241	3375	43249	7.1	7.206871835	0.106871835	1.628016408
The Belko Experiment	tt1082807	2016	1204	932	1771	4036	9869	19452	16948	7114	2142	2547	66015	6.2	6.224009695	0.024009695	1.692430761
The Benchwarmers	tt0437863	2006	2317	2048	3298	5391	10126	13179	9822	5053	1994	4605	57833	5.6	5.891947504	0.291947504	2.172885339
The Best Exotic Marigold Hotel	tt1412386	2011	744	382	702	1501	4416	13867	32416	28659	11834	8792	103313	7.2	7.409619312	0.209619312	1.493346195
The Best of Me	tt1972779	2014	1515	1125	1809	3287	7098	14706	19609	13343	6849	11215	80556	6.7	6.999652416	0.299652416	2.011585803
The Best of Youth	tt0346336	2003	601	148	124	188	459	940	2377	5540	6856	10119	27352	8.4	8.548150044	0.148150044	1.816673599
The Best Offer	tt1924396	2013	651	320	556	1108	3129	9425	29556	49109	25418	16640	135912	7.8	7.905939137	0.105939137	1.38641146
The Best Years of Our Lives	tt0036868	1946	2045	542	647	949	2418	4763	12345	21626	14362	17009	76706	8.1	7.930344432	-0.169655568	1.931830979
The Beyond	tt0082307	1981	744	539	855	1490	2576	4601	6127	4675	2445	3501	27553	6.6	6.828185679	0.228185679	2.15038411
The BFG	tt3691740	2016	1595	1191	2307	5012	12178	27147	26780	12460	4393	5479	98542	6.3	6.455978162	0.155978162	1.730965188
The Big Blue	tt0095250	1988	793	481	708	1217	2646	5579	11562	14816	9210	11179	58191	7.5	7.726160403	0.226160403	1.856695135
The Big Boss	tt0067824	1971	209	184	340	726	2105	5903	10860	5652	1865	3627	31471	6.9	7.141018716	0.241018716	1.629390833
The Big Chill	tt0085244	1983	774	401	605	1145	2831	6565	12111	10641	5137	4807	45017	7.1	7.235577671	0.135577671	1.811470833
The Big Heat	tt0045555	1953	200	63	107	257	671	2162	6760	12001	5917	3930	32068	7.9	7.917020082	0.017020082	1.387322488
The Big Hit	tt0120609	1998	1128	767	1302	2158	4412	7810	7390	4143	1512	2285	32907	6.1	6.243413256	0.143413256	2.04351747
The Big Lebowski	tt0118715	1998	10036	5313	7159	11875	25777	62492	151460	245376	194424	194990	908902	8.1	8.049734735	-0.050265265	1.709950578
The Big Short	tt1596363	2015	2475	1351	2156	4356	12033	37154	122287	199898	97870	50991	530571	7.8	7.837011446	0.037011446	1.345442633
The Big Sick	tt5462602	2017	1874	699	989	1855	4800	15172	41805	49966	20626	11441	149227	7.5	7.512702125	0.012702125	1.52719326
The Big Sleep	tt0038355	1946	1494	511	676	1154	3157	7230	17433	28497	18281	16356	94789	7.9	7.874552954	-0.025447046	1.730775223
The Big Wedding	tt1931435	2013	1928	1610	2688	5032	10676	14181	9080	3995	1489	2823	53502	5.6	5.77468132	0.17468132	1.98058266
The Big Year	tt1053810	2011	875	761	1279	2789	6993	13666	12932	6359	2104	2683	50441	6.2	6.374040959	0.174040959	1.763617963
The Bikeriders	tt21454134	2023	999	613	1124	2504	7215	19125	25460	11781	2943	3648	75412	6.6	6.655081419	0.055081419	1.575593086
The Bird with the Crystal Plumage	tt0065143	1970	254	142	270	510	1437	4041	9291	6584	2242	1971	26742	7.1	7.195273353	0.095273353	1.542975757
The Birdcage	tt0115685	1996	1509	830	1356	2684	6206	15487	31331	26465	12702	14826	113396	7.3	7.368337507	0.068337507	1.773245714
The Birds	tt0056869	1963	1476	1022	1669	3325	8047	21935	53746	69162	32391	25217	217990	7.6	7.646584706	0.046584706	1.55038908
The Birth of a Nation	tt0004972	1915	3652	850	928	1301	2568	3727	4834	3873	2036	4273	28042	6.1	6.219884459	0.119884459	2.843254828
The Black Cauldron	tt0088814	1985	617	594	1112	2399	5716	11592	11335	5788	2047	3376	44576	6.3	6.521468952	0.221468952	1.80392452
The Black Dahlia	tt0387877	2006	3665	2718	4495	8579	16470	20185	13279	5599	1751	2708	79449	5.6	5.550050976	-0.049949024	1.959434106
The Black Hole	tt0078869	1979	758	759	1318	2440	4960	7503	6169	3180	1173	1717	29977	5.9	6.076592054	0.176592054	1.953712299
The Black Phone	tt7144666	2021	2987	2058	3384	7273	18222	47771	83404	53086	18160	18449	254794	6.9	6.988111965	0.088111965	1.646784573
The Blackcoat's Daughter	tt3286052	2015	1205	953	1586	2632	4677	6885	6724	3960	1442	1387	31451	5.9	5.999427681	0.099427681	2.053234214
The Blackening	tt11703244	2022	1549	703	1002	1644	3539	6502	5663	2835	963	1968	26368	6	6.064623786	0.064623786	2.1873584
The Blair Witch Project	tt0185937	1999	17381	9042	11404	16639	29341	51657	69600	54096	26063	26759	311982	6.5	6.458721978	-0.041278022	2.307232959
The Blind Side	tt0878804	2009	3684	1760	2718	5191	12555	33671	90468	122558	59670	50834	383109	7.6	7.72634681	0.12634681	1.589023029
The Blind Swordsman: Zatoichi	tt0363226	2003	826	272	451	820	2000	5149	13281	17060	7678	5518	53055	7.4	7.551145038	0.151145038	1.656609249
The Bling Ring	tt2132285	2013	3397	3149	5342	10606	20454	24402	15653	6669	2061	3557	95290	5.6	5.602571099	0.002571099	1.913787876
The Blob	tt0094761	1988	647	543	924	1945	4925	10929	13745	8475	2836	3599	48568	6.7	6.753685554	0.053685554	1.751833929
The Blob	tt0051418	1958	375	381	735	1741	4213	9018	8310	3863	1234	2032	31902	6.3	6.45661714	0.15661714	1.716493033
The Blue Elephant	tt3461252	2014	1673	133	155	253	499	1086	2297	4455	5167	15191	30909	8	8.494580866	0.494580866	2.304827103
The Blue Lagoon	tt0080453	1980	2231	2172	3761	7216	15483	20397	14625	7432	3099	5947	82363	5.8	6.018612727	0.218612727	2.020061794
The Blues Brothers	tt0080455	1980	1821	1039	1743	3215	7336	17554	40829	66405	40780	46526	227248	7.9	7.979454165	0.079454165	1.659076219
The Boat That Rocked	tt1131729	2009	1090	708	1144	2168	5172	13606	31430	35342	16166	13039	119865	7.3	7.514587244	0.214587244	1.620246306
The Body	tt1937149	2012	442	228	404	807	2343	6903	20623	25827	11703	8891	78171	7.6	7.722620921	0.122620921	1.44602515
The Bodyguard	tt0103855	1992	2537	2242	4401	9002	20185	38948	39637	21552	7885	11303	157692	6.4	6.498205362	0.098205362	1.839548185
The Bone Collector	tt0145681	1999	1570	1271	2535	5863	16233	45030	69789	35659	10854	9714	198518	6.7	6.826257569	0.126257569	1.509088728
The Bonfire of the Vanities	tt0099165	1990	1062	1006	1972	3449	5861	6810	4290	2075	679	1008	28212	5.6	5.521480221	-0.078519779	1.960403309
The Boogeyman	tt3427252	2023	1120	921	1727	3920	9776	15809	11212	4593	1399	2425	52902	5.9	6.04185097	0.14185097	1.764029533
The Book of Eli	tt1037705	2010	4567	3199	5308	10873	26593	66437	112105	73609	28892	26758	358341	6.8	6.98547752	0.18547752	1.695316611
The Book of Henry	tt4572792	2017	755	676	864	1219	2332	5283	8247	5574	2329	3262	30541	6.6	6.837857307	0.237857307	2.038681834
The Book of Life	tt2262227	2014	919	442	768	1582	4116	11120	23274	20856	9680	10716	83473	7.2	7.448887664	0.248887664	1.686593235
The Book Thief	tt0816442	2013	1056	480	955	1914	5344	14663	35357	44727	22326	20056	146878	7.5	7.720992933	0.220992933	1.558481383
The Boondock Saints	tt0144117	1999	3853	2041	2949	4721	8821	19572	45319	72081	46563	54670	260590	7.6	7.893054223	0.293054223	1.834300061
The Boondock Saints II: All Saints Day	tt1300851	2009	2147	1629	2451	4116	7768	14431	15476	9255	4207	7074	68554	6.2	6.500320915	0.300320915	2.134769374
The Boss	tt2702724	2016	2428	1695	2793	5555	11016	12526	7320	3359	1236	2439	50367	5.4	5.564734846	0.164734846	2.030007006
The Boss Baby	tt3874544	2017	3649	2573	4160	8111	19125	39504	39781	20146	7039	11170	155258	6.3	6.447680635	0.147680635	1.886807474
The Boss Baby: Family Business	tt6932874	2021	1172	743	1010	1915	4010	6321	4652	2437	1004	2577	25841	5.9	6.121667118	0.221667118	2.210248072
The Bounty	tt0086993	1984	277	143	229	601	1802	5726	12640	7537	2678	2515	34148	7.1	7.176057163	0.076057163	1.485766208
The Bounty Hunter	tt1038919	2010	3577	3706	6667	13794	30809	38697	22694	9690	3488	6347	139469	5.6	5.7620905	0.1620905	1.857510833
The Bourne Identity	tt0258463	2002	1852	933	1719	3662	10794	37012	134078	240673	108061	68768	607552	7.8	7.939606816	0.139606816	1.273993932
The Bourne Legacy	tt1194173	2012	3559	2193	4367	10725	29559	80176	108806	52848	16534	17505	326272	6.6	6.746147386	0.146147386	1.569059026
The Bourne Supremacy	tt0372183	2004	1849	934	1753	3724	11028	37605	131165	194481	74566	51659	508764	7.7	7.796009545	0.096009545	1.30655506
The Bourne Ultimatum	tt0440963	2007	4802	1837	2686	4666	12247	37476	127306	241763	146163	100888	679834	8	8.047379213	0.047379213	1.42415952
The Box	tt0362478	2009	4833	3877	6097	10211	18926	23024	16559	7968	2684	3364	97543	5.6	5.556000943	-0.043999057	2.03685931
The Boxtrolls	tt0787474	2014	986	503	954	2084	5223	13478	20502	11903	4264	4547	64444	6.8	6.870414624	0.070414624	1.695523958
The Boy	tt3882082	2016	1969	1841	3878	7787	17403	31277	24460	10804	3366	4591	107376	6	6.118369096	0.118369096	1.758546147
The Boy and the Beast	tt4272866	2015	191	96	140	341	827	2687	7501	10023	4405	3157	29368	7.6	7.706687551	0.106687551	1.452642938
The Boy and the Heron	tt6587046	2023	897	506	878	1816	4808	13917	45485	30234	13719	10098	122358	7.3	7.38870364	0.08870364	1.474404007
The Boy in the Striped Pajamas	tt0914798	2008	2117	854	1325	2687	6788	19954	61350	95419	45612	33728	269834	7.7	7.830006597	0.130006597	1.473143298
The Boy Next Door	tt3181822	2015	3722	3033	4791	7606	10604	8113	4502	2015	891	2715	47992	4.7	4.981788631	0.281788631	2.236231437
The Boy Who Harnessed the Wind	tt7533152	2019	270	101	100	251	928	3986	15013	18024	6890	5326	50889	7.6	7.759731966	0.159731966	1.314629649
The Boys from Brazil	tt0077269	1978	386	194	345	801	2045	5506	11832	7525	2438	2247	33319	7	7.074341967	0.074341967	1.573354491
The Boys in the Boat	tt1856080	2023	349	121	219	480	1590	4750	9728	6634	2644	2979	29494	7	7.268325761	0.268325761	1.609701603
The Brady Bunch Movie	tt0112572	1995	823	634	1059	1799	3629	5448	5420	3218	1260	2642	25932	6.2	6.352807342	0.152807342	2.148969453
The Brand New Testament	tt3792960	2015	597	379	574	1052	2173	5269	10782	9213	4024	2761	36824	7.1	7.135781012	0.035781012	1.752238298
The Brave Little Toaster	tt0092695	1987	388	242	322	637	1694	3916	8076	6306	2739	4809	29129	7.2	7.417796697	0.217796697	1.8253665
The Brave One	tt0476964	2007	972	596	969	2037	5301	13553	21413	11721	4200	4969	65731	6.7	6.879417626	0.179417626	1.703632046
The Breadwinner	tt3901826	2017	374	83	91	238	684	2203	7310	10792	4730	3848	30353	7.7	7.80677363	0.10677363	1.504076863
The Break-Up	tt0452594	2006	3382	2953	5340	11962	28064	42683	28579	11968	3956	5636	144523	5.8	5.932169966	0.132169966	1.778896753
The Breakfast Club	tt0088847	1985	2729	1848	3038	5827	14575	39523	99998	144365	77953	78131	467987	7.8	7.8776825	0.0776825	1.562245089
The Breath	tt1171701	2009	1728	227	280	372	742	1497	3335	5688	5146	17726	36741	8	8.42723388	0.42723388	2.280904076
The Bridge on the River Kwai	tt0050212	1957	2512	969	1206	1937	4756	12898	42084	81690	57970	40795	246817	8.1	8.08198787	-0.01801213	1.526438548
The Bridges of Madison County	tt0112579	1995	1181	644	911	1551	3769	8909	21437	26836	15292	14930	95460	7.6	7.70354075	0.10354075	1.731697569
The Broken Circle Breakdown	tt2024519	2012	493	289	346	542	1321	3431	9549	14620	8772	5622	44985	7.7	7.790130043	0.090130043	1.608069871
The Brood	tt0078908	1979	508	305	598	1343	3143	7749	11785	7183	2503	2472	37589	6.8	6.855702466	0.055702466	1.683645884
The Brothers Bloom	tt0844286	2008	973	503	861	1882	4511	10663	16121	10294	4327	3774	53909	6.7	6.87278562	0.17278562	1.763864633
The Brothers Grimm	tt0355295	2005	2876	2584	4987	10235	23851	37590	27625	11641	3810	5813	131012	5.9	6.012143926	0.112143926	1.799809249
The Brothers Grimsby	tt3381008	2016	3492	2486	3961	7250	14526	27386	28921	15837	6238	8439	118536	6.2	6.377539313	0.177539313	1.997151472
The Brutalist	tt8999762	2024	3403	1291	1887	3014	6645	15164	43956	29535	15390	9965	130250	7.2	7.140445298	-0.059554702	1.821305244
The Bubble	tt13610562	2022	2571	2255	3296	4623	5717	5095	3131	1601	554	1369	30212	4.7	4.899278432	0.199278432	2.258115712
The Bucket List	tt0825232	2007	1317	946	1733	4116	11214	32382	77759	79163	33556	27744	269930	7.3	7.528970474	0.228970474	1.491685518
The Burial	tt5648882	2023	515	191	267	525	1659	6007	15324	10233	3282	4062	42065	7.1	7.308332343	0.208332343	1.548589598
The Butler	tt1327773	2013	2275	779	1128	2059	5439	16148	38327	32551	13193	11193	123092	7.2	7.302667923	0.102667923	1.687791114
The Butterfly Effect	tt0289879	2004	4378	2876	4548	8817	19287	47985	123751	179161	90442	69720	550965	7.6	7.721198261	0.121198261	1.587547959
The Butterfly Effect 2	tt0457297	2006	3185	2992	4825	7721	8338	5716	2837	1283	472	1133	38502	4.5	4.576775232	0.076775232	2.05443032
The Butterfly's Dream	tt2608224	2013	1024	211	193	287	739	1841	4985	6837	3773	6042	25932	7.6	7.785053216	0.185053216	2.086885681
The Bye Bye Man	tt4030600	2017	3411	2743	3411	4470	4983	3893	2217	1026	344	998	27496	4.3	4.440136747	0.140136747	2.26621947
The Cabin in the Woods	tt1259521	2011	14990	8168	11461	18038	34747	69782	127819	107424	51074	41754	485257	7	6.927502334	-0.072497666	2.021654542
The Cabinet of Dr. Caligari	tt0010323	1920	1770	468	674	1035	2204	5025	12412	22486	14587	14757	75418	8	7.898154287	-0.101845713	1.864471774
The Cable Guy	tt0115798	1996	3919	3402	6341	12894	28242	49207	43485	21651	7912	10987	188040	6.1	6.256408211	0.156408211	1.8649691
The Caine Mutiny	tt0046816	1954	306	155	196	308	1260	2943	6905	10338	5110	4377	31898	7.7	7.749482726	0.049482726	1.593902351
The Call	tt10530176	2020	659	269	463	946	2471	7233	16373	13111	5258	4860	51643	7.1	7.310651976	0.210651976	1.625119482
The Call	tt1911644	2013	1393	929	1849	4055	10671	28932	42789	23848	9178	10169	133813	6.7	6.92431976	0.22431976	1.645644903
The Call of the Wild	tt7504726	2020	974	595	954	1821	4840	12726	19839	11207	4317	6138	63411	6.7	6.964532967	0.264532967	1.764011583
The Campaign	tt1790886	2012	2081	1777	3534	8552	21794	42402	35646	14864	4525	5657	140832	6.1	6.245427176	0.145427176	1.655818043
The Cannonball Run	tt0082136	1981	683	779	1329	2531	5979	11278	9913	5376	1963	3375	43206	6.2	6.428065546	0.228065546	1.880407314
The Captive	tt2326612	2014	992	770	1469	2950	6480	10760	8184	3335	1001	1313	37254	5.9	5.953884147	0.053884147	1.795393828
The Card Counter	tt11196036	2021	1407	1103	1802	3321	7056	11958	11133	6099	1682	1211	46772	6.2	6.057085436	-0.142914564	1.845358795
The Cat in the Hat	tt0312528	2003	11452	7432	8285	8676	8760	6999	5344	3486	1636	31151	93221	4.2	6.041546433	1.841546433	3.364931549
The Cat Returns	tt0347618	2002	517	360	475	1110	3483	10960	24090	17380	6380	6448	71203	7.1	7.300914287	0.200914287	1.520339571
The Cave	tt0402901	2005	1812	1826	3483	6065	10703	9389	5430	2268	772	1751	43499	5.2	5.302052921	0.102052921	1.97169687
The Celebration	tt0154420	1998	2253	740	747	1072	2529	5496	15184	29814	24048	17846	99729	8	7.977368669	-0.022631331	1.814025878
The Cell	tt0209958	2000	2819	2181	3525	6600	13657	25060	28781	18037	7155	7213	115028	6.4	6.477457662	0.077457662	1.937190311
The Change-Up	tt1488555	2011	3093	2465	4530	9937	24775	55558	57086	26085	9005	11002	203536	6.3	6.475173925	0.175173925	1.709206614
The Changeling	tt0080516	1980	399	263	428	974	2543	6375	13186	10627	4530	4663	43988	7.1	7.315358734	0.215358734	1.647826688
The Chaos Class	tt0252487	1975	1116	158	147	161	348	623	1572	3325	6344	31816	45610	9.2	9.227252795	0.027252795	1.744063546
The Chaos Class Failed the Class	tt0252488	1975	1252	265	219	228	488	804	1877	3779	5853	14716	29481	8.5	8.609714732	0.109714732	2.204391338
The Chaser	tt1190539	2008	790	234	405	696	1790	5266	17536	29611	14409	8486	79223	7.8	7.825808162	0.025808162	1.460797512
The China Syndrome	tt0078966	1979	437	157	222	460	1376	3997	11175	11103	3842	2654	35423	7.4	7.404398272	0.004398272	1.516048144
The Choice	tt3797868	2016	1015	822	1241	2091	4491	8919	11773	7906	3876	6928	49062	6.5	6.940972647	0.440972647	2.060216665
The Chorus	tt0372824	2004	372	177	284	550	1421	4543	13577	24440	13864	11867	71095	7.9	8.047626415	0.147626415	1.434069462
The Christmas Chronicles	tt2990140	2018	833	557	993	2103	5659	15344	28490	19627	8341	11544	93491	7	7.280401322	0.280401322	1.687553549
The Christmas Chronicles: Part Two	tt11057644	2020	968	802	1387	2722	6267	11232	8175	4013	1676	3349	40591	6	6.263728413	0.263728413	1.965091928
The Chronicles of Narnia: Prince Caspian	tt0499448	2008	3333	2247	4118	9439	25165	58695	66859	34012	13788	19695	237351	6.5	6.728781425	0.228781425	1.760121143
The Chronicles of Narnia: The Lion, the Witch and the Wardrobe	tt0363771	2005	5572	3345	6067	12915	32916	81594	138459	88118	36705	48021	453712	6.9	7.09917084	0.19917084	1.739867869
The Chronicles of Narnia: The Voyage of the Dawn Treader	tt0980970	2010	2613	1968	3930	9215	23620	49192	44060	20404	7779	13093	175874	6.3	6.487849256	0.187849256	1.777993657
The Chronicles of Riddick	tt0296572	2004	3203	2734	4974	10275	23080	51316	72823	43661	17661	20547	250274	6.6	6.838333187	0.238333187	1.778961309
The Cider House Rules	tt0124315	1999	1198	620	939	1868	4442	12412	31440	32817	13926	9080	108742	7.4	7.43189384	0.03189384	1.577495475
The Circle	tt4287320	2017	4408	4053	7130	13267	24857	26271	14809	5660	1804	2505	104764	5.4	5.336871444	-0.063128556	1.866150839
The Circus	tt0018773	1928	1022	226	137	248	686	1890	6636	13684	7752	5921	38202	8.1	7.919716245	-0.180283755	1.7513174
The City of Lost Children	tt0112682	1995	1170	613	884	1492	3060	7118	15517	20731	12249	11626	74460	7.4	7.655009401	0.255009401	1.820560329
The Class	tt1068646	2008	417	258	296	609	1470	4044	10296	12152	5243	2587	37372	7.5	7.444503907	-0.055496093	1.557251685
The Client	tt0109446	1994	649	428	845	2117	6240	19885	30263	14367	4255	4212	83261	6.7	6.848464467	0.148464467	1.465698261
The Clovehitch Killer	tt6269368	2018	467	324	610	1363	4020	10917	13848	5835	1509	1289	40182	6.5	6.572246279	0.072246279	1.497081347
The Cloverfield Paradox	tt2548396	2018	4233	4548	7550	13017	23504	30998	21111	8535	2575	3689	119760	5.5	5.575125251	0.075125251	1.912300991
The Cobbler	tt3203616	2014	1877	1526	2555	4855	10990	18435	13475	5661	1893	3179	64446	5.8	5.989727834	0.189727834	1.884059744
The Code	tt1112782	2009	740	632	1207	2473	6299	11460	8145	3208	1054	1592	36810	6	6.081418093	0.081418093	1.739328976
The Cold Light of Day	tt1366365	2012	2164	2192	3757	6570	10104	8390	3955	1591	558	1820	41101	4.9	5.075156322	0.175156322	2.025835817
The Collection	tt1748227	2012	1384	1180	2053	3823	7723	14511	12619	6681	2636	4721	57331	6.1	6.341961591	0.241961591	1.989291246
The Collector	tt0844479	2009	1816	1502	2378	4089	8533	17925	20325	11484	4486	6168	78706	6.3	6.53985719	0.23985719	1.946190133
The Colony	tt1160996	2013	1413	1650	3355	6475	12424	12801	6379	2250	760	1529	49036	5.3	5.391691818	0.091691818	1.799480881
The Color of Money	tt0090863	1986	825	387	772	1775	5628	17978	38898	22134	6571	4949	99917	7	7.055956444	0.055956444	1.417769351
The Color Purple	tt0088939	1985	1697	594	853	1557	3461	8192	20776	29641	16516	19804	103091	7.7	7.831653588	0.131653588	1.784482069
The Commitments	tt0101605	1991	395	141	266	484	1371	3897	10187	13078	6615	5701	42135	7.6	7.740026107	0.140026107	1.567383696
The Commuter	tt1590193	2018	1131	1141	2315	5762	16307	40681	40205	15454	4543	5348	132887	6.3	6.460082627	0.160082627	1.520119295
The Company Men	tt1172991	2010	514	292	563	1173	3726	11768	19394	8735	2335	2080	50580	6.7	6.804468169	0.104468169	1.453811775
The Company You Keep	tt1381404	2012	655	307	544	1397	4226	10956	11607	4841	1261	1436	37230	6.4	6.474375504	0.074375504	1.5798009
The Condemned	tt0443473	2007	1399	1199	1991	3923	8088	14996	12199	5868	2072	4076	55811	6	6.228575012	0.228575012	1.951192068
The Conformist	tt0065571	1970	475	233	272	557	1263	2751	6681	10216	7277	8681	38406	7.9	8.009269385	0.109269385	1.756011121
The Conjuring	tt1457767	2013	4467	2628	4356	8594	21637	60698	155793	188188	89039	78352	613752	7.5	7.674868677	0.174868677	1.558513896
The Conjuring 2	tt3065204	2016	2691	1534	2751	5808	15376	43295	97836	90425	38677	39231	337624	7.3	7.471474184	0.171474184	1.595514222
The Conjuring: Last Rites	tt22898462	2025	1754	1193	2299	4988	12088	24064	21311	9704	3223	6603	87227	6.2	6.393192475	0.193192475	1.845143512
The Conjuring: The Devil Made Me Do It	tt7069210	2021	2342	1845	3891	8685	22248	46118	42352	18894	6573	12732	165680	6.2	6.485309029	0.285309029	1.774761686
The Conspirator	tt0968264	2010	341	181	300	624	1977	5847	11298	6371	2026	1984	30949	6.9	7.017803483	0.117803483	1.53891814
The Constant Gardener	tt0387131	2005	1511	894	1414	2759	6464	17683	43108	47755	20424	12937	154949	7.3	7.447463359	0.147463359	1.571372883
The Contender	tt0208874	2000	697	333	446	735	1720	4369	7949	5611	2391	1720	25971	6.9	6.919448616	0.019448616	1.850220215
The Contract	tt0445946	2006	722	648	1292	2668	5903	8532	4555	1528	406	783	27037	5.6	5.65395569	0.05395569	1.722676377
The Contractor	tt10323676	2022	619	499	1033	2548	7256	11429	6915	2297	664	1235	34495	5.8	5.939092622	0.139092622	1.632380866
The Conversation	tt0071360	1974	1624	799	1167	2086	5075	11965	28825	40927	24221	18344	135033	7.7	7.722941799	0.022941799	1.678607296
The Cook, the Thief, His Wife & Her Lover	tt0097108	1989	1259	663	801	1168	2034	3923	8387	11472	7613	7186	44506	7.5	7.509773963	0.009773963	2.078767147
The Cooler	tt0318374	2003	373	308	447	955	2391	6582	13333	8311	2536	1740	36976	6.9	6.967762873	0.067762873	1.534789913
The Core	tt0298814	2003	3749	3881	7046	12603	23872	28175	18853	8488	2956	4637	114260	5.5	5.63906879	0.13906879	1.944978724
The Cost of Deception	tt14723224	2021	33934	392	228	145	133	124	150	148	199	5424	40877	1.5	2.340093451	0.840093451	3.124923018
The Counselor	tt2193215	2013	6930	5176	7943	13804	22901	22135	15345	7914	3178	3952	109278	5.4	5.330359267	-0.069640733	2.129406772
The Count of Monte Cristo	tt0245844	2002	973	488	813	1617	4294	12084	33929	49300	26645	28082	158225	7.7	7.9466456	0.2466456	1.531009695
The Count of Monte-Cristo	tt26446278	2024	407	184	272	505	1344	3843	10726	14743	7662	5674	45360	7.6	7.762632275	0.162632275	1.539068169
The Counterfeiters	tt0813547	2007	324	110	181	356	1149	4079	14370	18449	6255	3078	48351	7.5	7.61074228	0.11074228	1.304869414
The Courier	tt8368512	2020	519	229	377	717	2636	10955	31260	22559	6904	4610	80766	7.2	7.322561474	0.122561474	1.32435308
The Cove	tt1313104	2009	823	297	259	347	710	1935	6342	14685	14444	13079	52921	8.4	8.340772094	-0.059227906	1.650331033
The Covenant	tt4873118	2023	1383	536	843	1589	4810	17220	56164	70661	27871	22333	203410	7.5	7.724866034	0.224866034	1.408785584
The Covenant	tt0475944	2006	3117	2556	3789	6224	9827	9716	7041	4057	1996	6296	54619	5.2	5.759717314	0.559717314	2.444823121
The Craft	tt0115963	1996	1557	1254	2687	5781	13633	27624	29611	17644	7250	11721	118762	6.5	6.736565568	0.236565568	1.854570131
The Crazies	tt0455407	2010	1555	1252	2546	5700	14777	33920	42384	20816	6497	7004	136451	6.5	6.622384592	0.122384592	1.630433782
The Creator	tt11858890	2023	3034	2021	3564	6985	16740	39742	58036	37995	13784	11403	193304	6.7	6.808746844	0.108746844	1.724745266
The Crimson Rivers	tt0228786	2000	491	365	725	1763	4739	13399	25130	14889	4586	3138	69225	6.9	6.965879379	0.065879379	1.462271618
The Croods	tt0481499	2013	1911	1245	2306	5085	13953	37309	74850	60681	24801	26614	248755	7.1	7.33261643	0.23261643	1.613489496
The Croods: A New Age	tt2850386	2020	800	369	671	1483	4112	11340	19746	11288	4148	6101	60058	6.9	7.075676846	0.175676846	1.693996655
The Crow	tt0109506	1994	1869	1314	2059	4053	9575	23870	51964	60415	31386	42033	228538	7.5	7.73548819	0.23548819	1.715224839
The Crow	tt1340094	2024	4691	2739	3814	5384	7261	6356	4155	2169	888	2679	40136	4.7	4.953333666	0.253333666	2.465355284
The Crucible	tt0115988	1996	579	377	578	1335	3400	8657	13402	7976	3109	3069	42482	6.8	6.912151029	0.112151029	1.691142927
The Crying Game	tt0104036	1992	1433	651	868	1580	3434	8097	16849	16366	7568	6075	62921	7.2	7.233578614	0.033578614	1.851461576
The Curious Case of Benjamin Button	tt0421715	2008	6419	3531	5403	9993	22635	59724	153380	231771	136797	108442	738095	7.8	7.837205238	0.037205238	1.597493387
The Current War	tt2140507	2017	672	241	414	973	3062	9056	11005	4572	1271	1759	33025	6.5	6.618440575	0.118440575	1.628508527
The Curse of La Llorona	tt4913966	2019	2361	2561	4687	8626	15235	15173	8644	3724	1186	2779	64976	5.3	5.417769638	0.117769638	1.955938829
The Curse of the Jade Scorpion	tt0256524	2001	667	362	591	1291	3733	9424	14891	8509	2529	1871	43868	6.7	6.777537157	0.077537157	1.596337485
The Da Vinci Code	tt0382625	2006	9673	5291	9474	19342	45093	102861	142001	84180	31242	32531	481688	6.6	6.731766206	0.131766206	1.797692951
The Damned United	tt1226271	2009	269	94	144	351	1074	4224	14643	17820	6020	3271	47910	7.5	7.617574619	0.117574619	1.284794208
The Danish Girl	tt0810819	2015	5507	1361	2120	4252	10329	28389	62202	51913	22456	17058	205587	7.1	7.18419939	0.08419939	1.79506818
The Darjeeling Limited	tt0838221	2007	2289	1573	2442	4732	11277	30098	68339	60611	27319	20506	229186	7.2	7.342743449	0.142743449	1.626236255
The Dark and the Wicked	tt10229558	2020	886	629	1043	1994	4111	6766	6583	3741	1339	1424	28516	6.1	6.196521251	0.096521251	1.954853368
The Dark Crystal	tt0083791	1982	817	635	1013	1923	4603	10809	20410	17033	8346	10715	76304	7.1	7.366389704	0.266389704	1.790546842
The Dark Knight	tt0468569	2008	41283	8791	9824	13825	28673	61022	175194	468992	890846	1421410	3119860	9.1	8.930894976	-0.169105024	1.535554853
The Dark Knight Rises	tt1345836	2012	15909	6146	8341	14642	31483	82754	237440	508499	532130	530996	1968340	8.4	8.430928092	0.030928092	1.526394198
The Dark Tower	tt1648190	2017	5312	4498	8107	15250	31480	41742	27586	10898	3607	5847	154327	5.6	5.693754171	0.093754171	1.892847428
The Darkest Hour	tt1093357	2011	3965	3876	6585	9984	14491	12758	7022	3073	1159	2920	65833	4.9	5.070101621	0.170101621	2.114605424
The Darkest Minds	tt4073790	2018	1565	1068	1827	3307	6727	9029	7223	3794	1726	3732	39998	5.7	6.099954998	0.399954998	2.178707301
The Day After Tomorrow	tt0319262	2004	6850	6226	11459	24235	56618	124125	148254	74974	25806	28347	506894	6.5	6.572879142	0.072879142	1.717452364
The Day of the Beast	tt0112922	1995	268	179	267	497	1540	3264	6934	7134	3188	2526	25797	7.3	7.375314959	0.075314959	1.662272345
The Day of the Jackal	tt0069947	1973	407	145	215	464	1210	3631	11604	18959	9012	6497	52144	7.8	7.863071494	0.063071494	1.445838831
The Day the Earth Stood Still	tt0043456	1951	1364	503	651	1136	3286	7949	18717	26283	14605	14834	89328	7.7	7.769781032	0.069781032	1.734335856
The Day the Earth Stood Still	tt0970416	2008	6404	6033	10862	20790	41058	48548	29783	12005	4050	6476	186009	5.5	5.572445419	0.072445419	1.887197273
The Dead Don't Die	tt8695030	2019	6010	4811	7014	11144	19667	22284	16278	7712	2537	3420	100877	5.4	5.412175223	0.012175223	2.098947068
The Dead Pool	tt0094963	1988	479	408	1207	2675	7192	16622	14354	5116	1431	2446	51930	6.3	6.355728866	0.055728866	1.567052427
The Dead Zone	tt0085407	1983	509	299	598	1419	4287	12983	28546	21752	7303	5904	83600	7.2	7.254964115	0.054964115	1.454807886
The Death of Stalin	tt4686844	2017	2556	1892	2261	2036	5598	15580	36878	35400	14518	8029	124748	7.3	7.174744284	-0.125255716	1.776536491
The Debt	tt1226753	2010	925	431	698	1656	4780	15474	28219	14670	3945	2834	73632	6.8	6.871835615	0.071835615	1.471746437
The Deer Hunter	tt0077416	1978	4229	1995	2919	4682	9800	22937	61237	114900	90866	69936	383501	8.1	8.050406648	-0.049593352	1.64499049
The Departed	tt0407887	2006	10121	3624	4594	7973	18228	50126	171772	430975	491235	345779	1534427	8.5	8.461821905	-0.038178095	1.387081531
The Descendants	tt1033575	2011	2259	1344	2245	4572	12267	35946	81829	75228	28028	14866	258584	7.3	7.280110138	-0.019889862	1.494885651
The Descent	tt0435625	2005	3945	2381	3994	7201	15833	37061	74141	68264	30639	25299	268758	7.2	7.236487844	0.036487844	1.761721758
The Descent: Part 2	tt1073105	2009	1487	1527	2608	5085	10470	15360	10033	4295	1541	2705	55111	5.7	5.855908984	0.155908984	1.900762309
The Devil All the Time	tt7395114	2020	1876	1065	1731	3536	8935	24869	54649	44104	14994	10885	166644	7.1	7.179394398	0.079394398	1.570408299
The Devil Inside	tt1560985	2012	5943	3917	4685	5845	6277	4551	2801	1653	696	2012	38380	4.2	4.406409588	0.206409588	2.466433895
The Devil Wears Prada	tt0458352	2006	3989	3011	5448	12201	32917	94198	165145	110395	45550	47679	520533	7	7.167359226	0.167359226	1.609747811
The Devil's Advocate	tt0118971	1997	2481	1609	2692	5689	14699	44137	117668	140254	63557	45146	437932	7.5	7.635954897	0.135954897	1.473181977
The Devil's Backbone	tt0256009	2001	668	369	595	1225	3223	8751	21493	23222	9189	6141	74876	7.4	7.439633527	0.039633527	1.534189735
The Devil's Double	tt1270262	2011	1095	407	610	1265	3448	9568	21610	16430	5672	5098	65203	7	7.180421146	0.180421146	1.647512054
The Devil's Own	tt0118972	1997	1040	766	1533	4040	11293	25346	21014	7327	1999	2328	76686	6.2	6.244386198	0.044386198	1.534149567
The Devil's Rejects	tt0395584	2005	4374	2091	2754	4337	8227	15771	25852	20695	10914	15426	110441	6.7	6.962423375	0.262423375	2.22051296
The Diary of a Teenage Girl	tt3172532	2015	702	334	579	1049	2779	6937	10885	7297	2565	2043	35170	6.8	6.849758317	0.049758317	1.732240596
The Dictator	tt1645170	2012	8573	5212	8825	17167	38393	78877	96423	56380	22287	29481	361618	6.5	6.638942199	0.138942199	1.918364992
The Dig	tt3661210	2021	511	330	551	1225	3922	13679	32467	23370	7407	4907	88369	7.1	7.235229549	0.135229549	1.379332603
The Dilemma	tt1578275	2011	2294	2030	3497	7070	14520	15594	8158	2792	841	1784	58580	5.3	5.396722431	0.096722431	1.839522639
The Dirt	tt0800325	2019	817	487	768	1498	3502	8798	18528	13712	5462	6229	59801	7	7.210999816	0.210999816	1.730706374
The Dirty Dozen	tt0061578	1967	549	204	334	713	2192	6657	20551	30097	12452	9586	83335	7.7	7.779132417	0.079132417	1.41833439
The Disappearance of Alice Creed	tt1379177	2009	350	232	422	820	2315	6584	10096	4979	1387	1144	28329	6.7	6.737477497	0.037477497	1.540732607
The Disaster Artist	tt3521126	2017	1880	806	1237	2445	6830	21749	55961	51790	16621	11175	170494	7.3	7.325847244	0.025847244	1.491831395
The Discovery	tt5155780	2017	619	476	995	2191	5515	10988	10934	5044	1650	1573	39985	6.2	6.359709891	0.159709891	1.675740302
The Discreet Charm of the Bourgeoisie	tt0068361	1972	1131	345	494	847	1798	4135	9770	14457	8991	8073	50041	7.7	7.717391739	0.017391739	1.862152783
The Dissident	tt11382384	2020	4503	1805	400	296	190	605	1949	5674	5799	9785	31006	7.8	7.229342708	-0.570657292	3.277058321
The Divergent Series: Allegiant	tt3410834	2016	4568	3883	6855	13522	28566	38844	25093	11047	4150	8192	144720	5.7	5.847001106	0.147001106	1.958306664
The Divergent Series: Insurgent	tt2908446	2015	5871	4257	7487	15513	34569	69961	66396	32682	12628	19735	269099	6.2	6.424174746	0.224174746	1.885831589
The Divide	tt1535616	2011	2288	1453	2099	3570	6117	8537	7439	4314	1866	2497	40180	5.7	5.871752115	0.171752115	2.233958519
The Diving Bell and the Butterfly	tt0401383	2007	2114	679	740	1147	2539	6766	19489	36444	25972	16660	112550	8	7.9244247	-0.0755753	1.70258135
The Do-Over	tt4769836	2016	1835	1580	2514	4527	10437	15857	10936	4439	1372	2713	56210	5.7	5.862195339	0.162195339	1.913027208
The Doors	tt0101761	1991	1112	790	1153	2330	5826	14852	31791	26404	11187	10732	106177	7.2	7.303700425	0.103700425	1.667710482
The Double	tt1825157	2013	1519	996	1531	2841	5700	11448	14750	9716	3882	2835	55218	6.4	6.536310623	0.136310623	1.916373315
The Double	tt1646980	2011	542	487	1046	2329	5911	10333	7151	2680	848	1163	32490	5.9	6.041305017	0.141305017	1.664738867
The Double Life of Véronique	tt0101765	1991	770	437	611	1033	2332	5157	11170	15765	9779	9366	56420	7.6	7.731159163	0.131159163	1.792197405
The Dreamers	tt0309987	2003	2395	1383	1985	3618	8352	19538	37940	33887	16552	15143	140793	7.1	7.25639769	0.15639769	1.817715327
The Dressmaker	tt2910904	2015	732	495	907	1775	4345	10529	20587	16705	7391	6706	70172	7	7.236077068	0.236077068	1.687551769
The Drop	tt1600196	2014	1031	647	1258	2879	8858	29107	63056	41325	12259	8516	168936	7	7.127136904	0.127136904	1.393708626
The Dry	tt5144174	2020	379	199	338	769	2346	7882	15223	8426	2483	1911	39956	6.8	6.990564621	0.190564621	1.447944987
The Duchess	tt0864761	2008	895	516	937	2099	6229	18476	30196	17655	6529	6722	90254	6.9	7.021605691	0.121605691	1.584601581
The Duellists	tt0075968	1977	241	146	268	457	1355	3524	8382	8404	3570	2910	29257	7.4	7.458727826	0.058727826	1.572993966
The DUFF	tt1666801	2015	1650	1262	2289	5058	12542	25823	28453	14573	5789	8950	106389	6.4	6.638628054	0.238628054	1.822768911
The Dukes of Hazzard	tt0377818	2005	5469	3836	6400	10999	17767	16940	10777	5022	1992	5157	84359	5.1	5.357164025	0.257164025	2.215078454
The Eagle	tt1034389	2011	1083	827	1652	4010	10834	22796	20767	8599	2674	3782	77024	6.2	6.371079144	0.171079144	1.655846603
The Eagle Has Landed	tt0074452	1976	212	113	258	620	1715	5237	10031	5332	1705	1637	26860	6.9	7.009568131	0.109568131	1.483926578
The East	tt1869716	2013	749	388	654	1490	4023	11092	18109	10511	3519	3232	53767	6.8	6.899324865	0.099324865	1.618555945
The Edge	tt0119051	1997	678	384	691	1846	5278	15651	28986	17511	6265	6811	84101	7	7.11863117	0.11863117	1.546456257
The Edge of Heaven	tt0880502	2007	486	132	223	359	887	2483	7596	12217	6397	4475	35255	7.7	7.812196852	0.112196852	1.583957873
The Edge of Seventeen	tt1878870	2016	1019	651	1136	2295	6712	20701	48837	42095	14749	11320	149515	7.3	7.338628231	0.038628231	1.474725314
The Edukators	tt0408777	2004	361	178	282	529	1147	3119	8472	10352	4990	3517	32947	7.4	7.597899657	0.197899657	1.602570465
The Electric State	tt7766378	2025	2801	1978	3263	5653	11928	19920	17848	8738	3014	5934	81077	5.9	6.162339504	0.262339504	2.042741305
The Elephant Man	tt0080678	1980	2512	898	1279	2447	5976	15188	46474	89824	64006	50741	279345	8.2	8.112960676	-0.087039324	1.526535773
The Emoji Movie	tt4877122	2017	29185	7534	6695	6978	7636	6172	4269	2416	1058	6390	78333	3.5	3.703356184	0.203356184	2.899387528
The Emperor's New Groove	tt0120917	2000	1351	1004	1692	3949	10812	29808	68839	64607	29953	33066	245081	7.4	7.573434905	0.173434905	1.578722315
The Empty Man	tt5867314	2020	1428	990	1692	3257	6952	11639	11370	6381	2223	2118	48050	6.2	6.200437045	0.000437045	1.911737367
The End of the Affair	tt0172396	1999	434	231	369	678	1679	3867	7250	5483	2793	2509	25293	7	7.162179259	0.162179259	1.806716219
The End of the Tour	tt3416744	2015	395	184	282	630	1568	4757	10795	9750	3817	2175	34353	7.2	7.282595407	0.082595407	1.543883048
The Endless	tt3986820	2017	1110	798	1353	2651	6097	12223	16234	9671	3150	2478	55765	6.5	6.551205954	0.051205954	1.773370552
The Enforcer	tt0074483	1976	299	186	439	1272	4073	13119	20153	8037	2081	2854	52513	6.7	6.832422448	0.132422448	1.406417816
The English Patient	tt0116209	1996	4151	2333	3098	5139	10430	22761	50770	53962	30501	28892	212037	7.4	7.441616322	0.041616322	1.896587049
The Equalizer	tt0455944	2014	2552	1560	2833	6452	18776	58527	145064	130563	49502	43772	459601	7.3	7.459102569	0.159102569	1.470292951
The Equalizer 2	tt3766354	2018	1492	980	1963	5115	16933	52568	80660	38218	12165	14955	225049	6.7	6.928593329	0.228593329	1.484998532
The Equalizer 3	tt17024450	2023	1236	826	1711	3662	10914	32496	53832	29491	10100	13122	157390	6.8	7.03403647	0.23403647	1.573013127
The Evil Dead	tt0083907	1981	3155	2197	3213	5497	11940	27859	61710	66400	30298	36454	248723	7.3	7.504018527	0.204018527	1.790638428
The Exorcism of Emily Rose	tt0404032	2005	2158	1445	2617	5449	13437	30493	44113	26952	10344	11173	148181	6.7	6.843461712	0.143461712	1.750809037
The Exorcist	tt0070047	1973	5759	2586	3722	6321	14160	34827	87078	148356	96100	94117	493026	8.1	7.970384929	-0.129615071	1.68236518
The Exorcist III	tt0099528	1990	857	705	1536	2561	4931	8524	9664	7234	3070	3672	42754	6.5	6.614305094	0.114305094	1.997307681
The Exorcist: Believer	tt12921446	2023	4441	3203	4488	7306	9764	8222	4763	2422	971	4437	50017	4.8	5.148509507	0.348509507	2.447345662
The Expendables	tt1320253	2010	7271	5527	9506	18364	41679	88456	103202	53310	20238	30397	377950	6.4	6.599910041	0.199910041	1.868698505
The Expendables 2	tt1764651	2012	6168	4155	6995	13832	33847	72232	90582	51800	20760	32341	332712	6.6	6.769043497	0.169043497	1.881741075
The Expendables 3	tt2333784	2014	4420	3228	6519	12957	30143	57212	46865	20807	7685	14768	204604	6.1	6.293151649	0.193151649	1.876882823
The Expendables 4	tt3291150	2023	3645	3451	5400	8421	12023	9473	4781	2240	1136	3167	53737	4.8	5.036846121	0.236846121	2.222524018
The Experiment	tt0250258	2001	669	396	533	1023	2581	7873	23360	35952	17094	8991	98472	7.7	7.740139329	0.040139329	1.429488869
The Experiment	tt0997152	2010	1099	736	1229	2686	6618	15121	17215	8604	3071	3117	59496	6.4	6.53764959	0.13764959	1.737537909
The Exterminating Angel	tt0056732	1962	1151	307	341	520	1134	2813	5860	10505	7673	7439	37743	8	7.84047373	-0.15952627	1.980794414
The Eye	tt0325655	2002	502	312	585	1206	2795	6615	9316	5402	2147	1993	30873	6.6	6.771321219	0.171321219	1.746739529
The Eye	tt0406759	2008	2270	2016	3701	6872	13179	14121	8377	3622	1326	3084	58568	5.4	5.564523289	0.164523289	2.007456886
The Eyes of Tammy Faye	tt9115530	2021	596	245	537	1183	3556	9831	30791	6711	2226	2243	57919	6.6	6.835131822	0.235131822	1.347100831
The Fabelmans	tt14208870	2022	1463	768	1073	1912	5164	14031	36018	42548	18628	11084	132689	7.5	7.497788061	-0.002211939	1.564722676
The Fabulous Baker Boys	tt0097322	1989	302	149	366	825	2225	5404	8585	5379	2087	2092	27414	6.9	6.980995112	0.080995112	1.651052095
The Faculty	tt0133751	1998	1553	1339	2673	6207	15153	35062	43132	22809	7450	10458	145836	6.6	6.714672646	0.114672646	1.694107017
The Fall	tt0460791	2006	1025	647	980	1825	3813	9435	21996	35095	25518	26424	126758	7.8	8.022120892	0.222120892	1.667421946
The Fall Guy	tt1684562	2024	3232	2297	3947	7369	18246	46126	81410	50920	17436	17032	248015	6.8	6.94152773	0.14152773	1.674554319
The Fallout	tt11847410	2021	1229	415	565	1058	2616	6156	11867	9092	3833	4873	41704	7	7.122434299	0.122434299	1.943108856
The Family	tt2404311	2013	1692	1462	2674	6042	15451	35468	37381	16047	4929	6119	127265	6.3	6.462601658	0.162601658	1.648809042
The Family Man	tt0218967	2000	1124	840	1563	3811	10290	25909	39919	24601	10266	11621	129944	6.9	7.037539248	0.137539248	1.659628973
The Family Plan	tt16431870	2023	843	669	1192	2599	7187	17858	17798	7691	2360	3532	61729	6.3	6.510878193	0.210878193	1.660952549
The Family Stone	tt0356680	2005	2935	1842	2797	5159	10413	19007	19672	12767	5857	8480	88929	6.3	6.512003958	0.212003958	2.107261804
The Fan	tt0116277	1996	898	906	1954	4302	10563	16410	11222	4276	1223	1823	53577	5.9	5.955055341	0.055055341	1.677124845
The Fantastic Four: First Steps	tt10676052	2025	4972	2255	3491	7291	16689	42119	69932	50508	18278	18222	233757	6.9	6.954178912	0.054178912	1.794614506
The Farewell	tt8637428	2019	671	276	494	917	2533	7913	21158	25233	10608	5340	75143	7.5	7.523761362	0.023761362	1.460895914
The Fast and the Furious	tt0232500	2001	7453	4451	7101	13720	32926	85013	139269	82291	31357	47465	451046	6.8	6.999995566	0.199995566	1.804253112
The Fast and the Furious: Tokyo Drift	tt0463985	2006	7340	5723	10933	21092	45841	77538	71744	40334	16605	29295	326445	6.1	6.425771569	0.325771569	1.992299773
The Fate of the Furious	tt4630562	2017	7631	3768	6050	11183	26234	56617	72631	42989	17028	26966	271097	6.6	6.728816623	0.128816623	1.979040002
The Father	tt10272386	2020	1315	565	772	1176	3175	9678	33091	90405	60192	39552	239921	8.2	8.234097891	0.034097891	1.33645018
The Fault in Our Stars	tt2582846	2014	5550	2455	3683	6901	16143	40312	88597	110982	67827	78973	421423	7.6	7.782935435	0.182935435	1.771033874
The Favourite	tt5083738	2018	3423	1891	2551	4514	10185	26765	66313	81284	39400	18983	255309	7.5	7.454974169	-0.045025831	1.627599867
The Fearless Vampire Killers	tt0061655	1967	572	401	615	1177	2359	4905	9059	7877	4050	4744	35759	7	7.256103359	0.256103359	1.905381129
The Fifth Element	tt0119116	1997	4393	3027	4866	8872	21419	50344	119239	159881	85770	80728	538539	7.6	7.729473631	0.129473631	1.652427114
The Fifth Estate	tt1837703	2013	1403	555	987	2301	6147	12652	11559	4715	1432	2130	43881	6.2	6.247487523	0.047487523	1.804533726
The Fighter	tt0964517	2010	1704	758	1249	2362	7183	26238	97278	164423	69339	34568	405102	7.8	7.839553989	0.039553989	1.260707192
The Final Conflict	tt0082377	1981	556	648	1385	2967	6066	6774	3813	1556	512	1166	25443	5.5	5.669771646	0.169771646	1.829900205
The Final Countdown	tt0080736	1980	319	254	436	1007	2606	6131	8843	5171	2062	2621	29450	6.7	6.9275382	0.2275382	1.721573197
The Final Cut	tt0364343	2004	629	482	960	2256	5352	10806	8929	3762	1182	1351	35709	6.1	6.212439441	0.112439441	1.682416814
The Final Destination	tt1144884	2009	5979	6444	11090	19703	33660	28752	16436	7261	2704	6910	138939	5.1	5.314109069	0.214109069	2.042942609
The Final Girls	tt2118624	2015	848	614	1134	2414	6110	13252	16468	8734	2959	4021	56554	6.5	6.669466351	0.169466351	1.754172004
The Finest Hours	tt2025690	2016	604	439	854	1889	5626	16343	25852	13313	4334	4877	74131	6.7	6.920613509	0.220613509	1.542184425
The Firm	tt0106918	1993	1179	708	1422	3341	10430	33694	61869	31437	8753	6716	159549	6.9	6.926116742	0.026116742	1.403771178
The First Omen	tt5672290	2024	1458	985	1627	3189	7523	17010	20960	10847	3169	3301	70069	6.5	6.504545519	0.004545519	1.751616263
The First Purge	tt6133466	2018	5278	3005	4902	9227	17926	18287	10317	4113	1390	3005	77450	5.2	5.292924467	0.092924467	2.056728248
The First Time	tt1763303	2012	1054	774	1269	2639	6448	13813	20495	12471	6070	10320	75353	6.8	7.075312197	0.275312197	1.893482107
The First Wives Club	tt0116313	1996	1189	859	1435	3011	6888	12734	13131	8590	4135	7356	59328	6.5	6.767664509	0.267664509	2.022825101
The Fisher King	tt0101889	1991	752	545	848	1657	3818	10208	23926	28974	14043	11076	95847	7.5	7.593070206	0.093070206	1.601335431
The Five-Year Engagement	tt1195478	2012	1977	1609	2994	6382	15403	30528	27016	11703	3532	3678	104822	6.2	6.212360001	0.012360001	1.699579557
The Flash	tt0439572	2023	10375	4571	6785	11020	22421	45368	64475	41651	15908	21559	244133	6.6	6.601155927	0.001155927	2.114019592
The Flintstones	tt0109813	1994	3387	4494	8279	15329	22536	17827	9691	4114	1376	4159	91192	5.1	5.185685148	0.085685148	1.985645523
The Flintstones in Viva Rock Vegas	tt0158622	2000	3558	3599	4668	4873	3925	2353	1357	712	306	1398	26749	3.8	4.109462036	0.309462036	2.333793898
The Florida Project	tt5649144	2017	1759	1015	1284	2204	5047	12814	34921	47615	24633	13416	144708	7.6	7.600132681	0.000132681	1.613770749
The Flowers of War	tt1410063	2011	815	269	406	777	2025	5002	13716	18531	8714	7738	57993	7.5	7.688548618	0.188548618	1.651605215
The Fly	tt0091064	1986	1447	837	1507	2866	7586	22090	61481	74743	29136	19708	221401	7.6	7.575354222	-0.024645778	1.458125348
The Fly	tt0051622	1958	235	115	244	549	1535	4556	10189	6400	1876	1937	27636	7.1	7.134932696	0.034932696	1.494333256
The Fly II	tt0097368	1989	1030	1180	2290	4135	6273	5526	3219	1238	392	884	26167	5.2	5.202201246	0.002201246	1.927775168
The Fog	tt0080749	1980	866	725	1473	3134	7820	18547	27409	16652	6312	7703	90641	6.8	6.934720491	0.134720491	1.699328631
The Fog	tt0432291	2005	7205	5294	7000	7226	6007	3417	1895	965	385	1703	41097	3.7	3.886269071	0.186269071	2.290429713
The Fog of War	tt0317910	2003	197	87	98	164	486	1425	4223	8160	6401	4775	26016	8	8.168088868	0.168088868	1.479203615
The Football Factory	tt0385705	2004	533	300	508	968	2550	6574	10939	6587	2455	2964	34378	6.7	6.973267788	0.273267788	1.733976363
The Forbidden Kingdom	tt0865556	2008	1673	1108	2233	4534	11166	25549	32254	17501	6829	10093	112940	6.5	6.782583673	0.282583673	1.797706205
The Foreigner	tt1615160	2017	813	440	836	2042	6821	22251	48715	30518	9493	9173	131102	7	7.18750286	0.18750286	1.429750264
The Forest	tt3387542	2016	2158	2590	4996	8485	11673	9079	4475	1875	628	1553	47512	4.8	4.980047146	0.180047146	1.94109919
The Forever Purge	tt10327252	2021	2575	1694	2728	5381	10793	12069	6971	2785	991	2059	48046	5.4	5.466344753	0.066344753	2.012755037
The Forgotten	tt0356618	2004	1859	1816	3383	6499	13134	19225	13802	6159	2041	2794	70712	5.8	5.866769431	0.066769431	1.862780941
The Forgotten Battle	tt10521092	2020	315	141	278	603	1867	6433	15197	10587	3057	2091	40569	7.1	7.179718504	0.079718504	1.39516194
The Founder	tt4276820	2016	718	295	556	1519	5723	25742	83878	58976	14870	8922	201199	7.2	7.326691485	0.126691485	1.183273438
The Fountain	tt0414993	2006	5716	3560	5169	8518	16678	31462	51593	53894	35849	44241	256680	7.1	7.370776843	0.270776843	2.081864495
The Four Feathers	tt0240510	2002	572	393	733	1801	4019	8237	10106	5631	2221	2749	36462	6.5	6.679474521	0.179474521	1.80033045
The Fourth Kind	tt1220198	2009	3332	2667	4257	7095	12412	17966	16728	10296	4354	6504	85611	5.9	6.113268155	0.213268155	2.175407671
The Fox and the Hound	tt0082406	1981	606	395	800	1900	5652	16053	34913	25356	10222	13125	109022	7.2	7.397231751	0.197231751	1.566175068
The French Connection	tt0067116	1971	972	526	938	1890	4849	13610	36717	49681	23241	16415	148839	7.7	7.700192826	0.000192826	1.490314395
The French Dispatch	tt8847712	2021	2008	1408	2178	4254	10223	24975	48242	42191	17925	11301	164705	7.1	7.157621202	0.057621202	1.667551447
The Frighteners	tt0116365	1996	894	650	1141	2299	5744	15482	32412	24870	9227	8902	101621	7.1	7.226183564	0.126183564	1.607329731
The Frozen Ground	tt2005374	2013	812	543	1201	2840	8214	20739	22429	9340	2587	3417	72122	6.4	6.538102105	0.138102105	1.563188182
The Fugitive	tt0106977	1993	1158	619	1046	2231	7013	24138	83575	130400	56211	35996	342387	7.8	7.852035854	0.052035854	1.297956893
The Full Monty	tt0119164	1997	1176	697	1146	2173	5815	15965	37570	31258	12859	10237	118896	7.2	7.32337505	0.12337505	1.586543131
The Fundamentals of Caring	tt2452386	2016	348	192	388	869	3001	10945	29032	25248	9149	6608	85780	7.3	7.457169503	0.157169503	1.35586547
The Gambler	tt2039393	2014	1675	1181	2297	5030	12649	23764	18507	7276	2117	2693	77189	6	6.096943865	0.096943865	1.700633358
The Game	tt0119174	1997	2389	1332	2245	4592	11894	37252	109834	165349	80064	49578	464529	7.7	7.795259284	0.095259284	1.406846325
The Game Plan	tt0492956	2007	1542	1199	1959	4520	10204	19365	22495	14543	11104	16142	103073	6.2	7.084998011	0.884998011	2.021462793
The Gangster, the Cop, the Devil	tt10208198	2019	311	97	176	497	1447	5433	11528	6778	2361	3256	31884	7	7.263298206	0.263298206	1.538297309
The Garden of Words	tt2591814	2013	390	276	457	984	2561	6526	15940	17120	7795	7213	59262	7.4	7.577115183	0.177115183	1.576888627
The Garfield Movie	tt5779228	2024	811	747	1254	2242	4747	6882	4686	2199	786	2482	26836	5.7	6.049709346	0.349709346	2.091886673
The Gauntlet	tt0076070	1977	393	291	557	1195	3143	7775	8334	3179	972	1234	27073	6.4	6.451039781	0.051039781	1.624594799
The General	tt0017925	1926	2599	841	1140	1394	3338	6550	16781	30222	21034	21282	105181	8.1	7.897205769	-0.202794231	1.916949818
The General's Daughter	tt0144214	1999	1081	788	1412	3239	8061	18831	20008	9098	2599	2628	67745	6.4	6.430747657	0.030747657	1.64190299
The Gentlemen	tt8367814	2019	2595	1293	2025	3870	9970	28978	93152	161950	88592	57468	449893	7.8	7.935500219	0.135500219	1.415666933
The Getaway	tt0068638	1972	280	187	255	579	1772	4770	11749	11439	3877	3211	38119	7.3	7.397177261	0.097177261	1.499748447
The Ghost and the Darkness	tt0116409	1996	770	575	966	2029	5362	13422	22167	13805	5120	5590	69806	6.8	6.988869152	0.188869152	1.672525177
The Ghost Writer	tt1139328	2010	1550	852	1442	3256	8799	26485	58769	49435	16346	9101	176035	7.2	7.205930639	0.005930639	1.470053981
The Gift	tt4178092	2015	1410	909	1628	3574	10504	32663	68815	43866	12580	7466	183415	7	7.040967206	0.040967206	1.415412369
The Gift	tt0219699	2000	675	505	991	2398	6847	19308	27216	13593	4211	4401	80145	6.7	6.806388421	0.106388421	1.532003411
The Girl in the Spider's Web	tt5177088	2018	1472	934	1688	3388	7871	15676	14185	5991	1779	2107	55091	6.1	6.16563504	0.06563504	1.780878959
The Girl Next Door	tt0265208	2004	2775	2280	4242	9062	22932	53347	78054	43440	17847	25711	259690	6.7	6.941668913	0.241668913	1.75159551
The Girl Next Door	tt0830558	2007	1287	661	877	1545	3068	6016	8163	5079	2151	2819	31666	6.5	6.574180509	0.074180509	2.120588882
The Girl on the Train	tt3631112	2016	2348	1959	3604	8156	21010	52321	69131	33047	9687	8120	209383	6.5	6.616363315	0.116363315	1.568303046
The Girl Who Kicked the Hornet's Nest	tt1343097	2009	528	273	507	1128	3293	9690	25331	21403	8353	6617	77123	7.3	7.411537414	0.111537414	1.477093644
The Girl Who Leapt Through Time	tt0808506	2006	564	263	384	756	2039	6464	17897	25036	12459	9174	75036	7.6	7.778706221	0.178706221	1.489101774
The Girl Who Played with Fire	tt1216487	2009	717	372	729	1735	5096	15369	35333	25636	9195	7266	101448	7.1	7.256091791	0.156091791	1.47028132
The Girl with All the Gifts	tt4547056	2016	1122	691	1239	2623	6626	15875	21778	11960	3678	2775	68367	6.6	6.641669226	0.041669226	1.650971213
The Girl with the Dragon Tattoo	tt1132620	2009	1415	676	1004	1931	4908	14799	49365	87022	43494	24830	229444	7.8	7.881286937	0.081286937	1.387919077
The Girl with the Dragon Tattoo	tt1568346	2011	4418	1806	2590	4860	12027	36882	117364	190464	97426	56113	523950	7.8	7.824966123	0.024966123	1.45089876
The Giver	tt0435651	2014	1914	1479	2956	6451	14769	29743	34173	19632	8231	10652	130000	6.4	6.682407692	0.282407692	1.830022941
The Glass Castle	tt2378507	2017	665	246	373	735	2038	5714	12723	10499	4030	3533	40556	7.1	7.257693066	0.157693066	1.663772318
The Glass House	tt0221218	2001	697	807	1649	3735	8694	12621	8015	3120	954	1804	42096	5.8	5.917070506	0.117070506	1.73330184
The Goat Life	tt5525650	2024	19372	467	278	329	771	1665	3449	4656	4033	14637	49657	7.1	5.645910949	-1.454089051	3.970187182
The Godfather	tt0068646	1972	43569	7414	8275	11290	22179	40668	108665	275617	549524	1127036	2194237	9.2	8.962091151	-0.237908849	1.692685148
The Godfather Part II	tt0071562	1974	23853	4820	5505	7808	16457	33636	91761	228973	426947	635367	1475127	9	8.836964546	-0.163035454	1.628980746
The Godfather Part III	tt0099674	1990	4269	2139	3741	7073	16998	45943	112877	136053	62180	58664	449937	7.5	7.631141693	0.131141693	1.618157902
The Gods Must Be Crazy	tt0080801	1980	801	497	801	1266	3111	7519	16853	15919	7592	8159	62518	7.3	7.440609105	0.140609105	1.757099864
The Gold Rush	tt0015864	1925	2371	756	826	1201	3081	6919	20262	39870	26380	25439	127105	8.1	8.030274183	-0.069725817	1.744803068
The Golden Child	tt0091129	1986	1077	1158	2323	4799	10760	17870	13703	6204	2026	3013	62933	6	6.109592741	0.109592741	1.785025046
The Golden Compass	tt0385752	2007	5532	3626	6966	13919	30440	52558	45629	22869	8949	12297	202785	6.1	6.227146978	0.127146978	1.921948718
The Goldfinch	tt3864056	2019	599	429	721	1563	3315	6688	7632	4569	1829	2092	29437	6.4	6.588035466	0.188035466	1.87564462
The Good Dinosaur	tt1979388	2015	2019	1628	2722	5564	12919	30567	41614	22926	8171	9690	137820	6.7	6.739508054	0.039508054	1.751351958
The Good German	tt0452624	2006	823	502	794	1884	4366	8172	6185	2535	677	923	26861	6	6.012620528	0.012620528	1.777210763
The Good Girl	tt0279113	2002	1107	798	1238	2493	5657	11579	13388	7690	2758	3015	49723	6.4	6.523258854	0.123258854	1.853455496
The Good Liar	tt5563334	2019	555	322	639	1434	4273	12615	19424	9612	2786	2200	53860	6.7	6.792517638	0.092517638	1.487081367
The Good Lie	tt2652092	2014	409	99	174	312	916	3369	9555	9374	3933	7132	35273	7.4	7.818019448	0.418019448	1.645585471
The Good Nurse	tt4273800	2022	523	303	591	1445	5286	20141	36329	16802	4046	3613	89079	6.8	6.928917029	0.128917029	1.319967663
The Good Shepherd	tt0343737	2006	2265	1415	2122	4184	9972	23829	32919	20217	7509	7396	111828	6.7	6.749123654	0.049123654	1.79925262
The Good Son	tt0107034	1993	721	556	1263	2452	5703	12675	12845	6566	2211	3629	48621	6.4	6.553279447	0.153279447	1.791170984
The Good, the Bad and the Ugly	tt0060196	1966	12035	2510	3172	5036	11031	24660	77137	179853	254765	311174	881373	8.8	8.660621553	-0.139378447	1.590578576
The Good, the Bad, the Weird	tt0901487	2008	620	268	397	782	1936	5246	11476	10889	4400	3463	39477	7.2	7.303113205	0.103113205	1.680089601
The Goonies	tt0089218	1985	2093	1422	2377	4623	10897	28875	67174	92865	48927	63855	323108	7.7	7.893106949	0.193106949	1.639542809
The Gorge	tt13654226	2025	1513	1218	2231	4833	12292	31252	50307	29925	10488	14262	158321	6.7	6.995325952	0.295325952	1.676085662
The Graduate	tt0061722	1967	2775	1250	1891	3327	8095	21677	57749	95546	60489	48235	301034	8	7.939817429	-0.060182571	1.579615088
The Grand Budapest Hotel	tt2278388	2014	6202	3538	5086	8986	20027	53481	153585	304122	244571	153986	953584	8.1	8.111053667	0.011053667	1.483528107
The Grandmaster	tt1462900	2013	780	458	823	1688	3853	8034	10161	6729	2939	2900	38365	6.6	6.745627525	0.145627525	1.864999686
The Grapes of Wrath	tt0032551	1940	2193	712	990	1538	3567	7015	17842	32324	20840	20477	107498	8.1	7.892984056	-0.207015944	1.835005837
The Gray Man	tt1649418	2022	3708	2969	5333	10691	26174	60167	80929	43836	15187	19129	268123	6.5	6.733644633	0.233644633	1.74008552
The Great Beauty	tt2358891	2013	1350	821	1188	1962	3879	8109	18300	28895	21469	19002	104975	7.7	7.858575851	0.158575851	1.793921188
The Great Debaters	tt0427309	2007	694	220	303	636	1870	6059	17984	21582	9127	7548	66023	7.5	7.670932857	0.170932857	1.511804085
The Great Dictator	tt0032553	1940	3950	1110	1579	2549	5377	11321	30788	70895	66049	63678	257296	8.4	8.277668522	-0.122331478	1.694934145
The Great Escape	tt0057115	1963	2881	826	1302	1723	4534	12995	43784	90426	66507	50043	275021	8.2	8.162503954	-0.037496046	1.509923268
The Great Gatsby	tt1343092	2013	5957	3890	6711	13709	34206	87510	179375	163207	74387	66945	635897	7.2	7.367561099	0.167561099	1.656143427
The Great Gatsby	tt0071577	1974	463	381	671	1470	3467	7254	7581	3968	1465	1904	28624	6.4	6.533433482	0.133433482	1.792955001
The Great Hack	tt4736550	2019	647	253	347	593	1426	3788	8440	5928	2286	1993	25701	7	7.059336213	0.059336213	1.796196937
The Great Mouse Detective	tt0091149	1986	422	221	390	973	3211	9342	19348	12940	4878	6480	58205	7.1	7.31365003	0.21365003	1.567146493
The Great Outdoors	tt0095253	1988	409	545	1220	2433	5823	12325	15427	9045	3592	5633	56452	6.6	6.854726139	0.254726139	1.777222535
The Great Wall	tt2034800	2016	4353	3437	6427	12481	25888	42710	34542	15200	5201	7668	157907	5.9	6.035292926	0.135292926	1.886744122
The Greatest Beer Run Ever	tt10268488	2022	388	211	380	740	2251	7025	13171	7275	2106	2463	36010	6.8	7.006276034	0.206276034	1.544300613
The Greatest Game Ever Played	tt0388980	2005	364	157	177	359	1125	3916	10771	10475	4334	3993	35671	7.4	7.566342407	0.166342407	1.532881822
The Greatest of All Time	tt27487934	2024	3031	649	792	1083	1817	2012	1816	1322	1219	12012	25753	5.7	7.244709354	1.544709354	3.236820252
The Greatest Showman	tt1485796	2017	3209	2105	3454	6616	14389	32903	68476	85015	52649	72821	341637	7.5	7.830273068	0.330273068	1.785310081
The Green Butchers	tt0342492	2003	193	104	200	441	1116	3533	8608	7887	2990	1999	27071	7.2	7.380407078	0.180407078	1.471745568
The Green Hornet	tt0990407	2011	5336	4569	7953	15548	30476	44904	34142	14341	4510	6617	168396	5.8	5.836308463	0.036308463	1.894207295
The Green Inferno	tt2403021	2013	3089	2316	3816	6022	10564	12334	8350	3792	1307	2485	54075	5.4	5.464262598	0.064262598	2.118985694
The Green Knight	tt9243804	2021	6834	3864	4804	7153	12518	21531	29141	24940	11275	7413	129473	6.6	6.398816742	-0.201183258	2.232733459
The Green Mile	tt0120689	1999	7138	3217	4793	8168	17975	48212	159024	393316	480741	415853	1538437	8.6	8.570168944	-0.029831056	1.366737033
The Grey	tt1601913	2011	4581	3191	5142	10212	23437	55217	82314	50533	19346	18756	272729	6.7	6.81211019	0.11211019	1.770517204
The Grifters	tt0099703	1990	492	347	567	1146	2593	5980	10181	6693	2822	2188	33009	6.8	6.919476506	0.119476506	1.736941171
The Grinch	tt2709692	2018	2119	1422	2426	4949	12331	27687	29490	16209	6152	9617	112402	6.4	6.649828295	0.249828295	1.852635445
The Grudge	tt0391198	2004	5336	4080	6892	13130	26873	39466	30174	15501	6193	9556	157201	5.9	6.007442701	0.107442701	2.019156495
The Grudge	tt3612126	2019	3049	2859	4085	6089	6544	4614	2311	1157	390	945	32043	4.4	4.499422651	0.099422651	2.112930661
The Grudge 2	tt0433386	2006	3776	2718	4395	7534	11835	9672	5793	2922	1240	3383	53268	5.1	5.231227003	0.131227003	2.254321186
The Guard	tt1540133	2011	778	470	715	1449	4105	12464	31149	30513	11805	7239	100687	7.3	7.406616544	0.106616544	1.4760256
The Guardian	tt0406816	2006	1035	659	1182	2632	7047	18402	32065	20742	8642	10091	102497	6.9	7.133408783	0.233408783	1.674022402
The Guernsey Literary and Potato Peel Pie Society	tt1289403	2018	396	192	351	696	2069	6779	16265	16289	7294	6899	57230	7.3	7.591106063	0.291106063	1.527617541
The Guest	tt2980592	2014	2631	1627	2774	5268	11374	23004	32080	20092	7553	6908	113311	6.7	6.64124401	-0.05875599	1.863725533
The Guilt Trip	tt1694020	2012	1137	832	1614	3412	8589	12224	7835	3135	922	1802	41502	5.8	5.874969881	0.074969881	1.805967065
The Guilty	tt6742252	2018	520	309	383	774	2139	6880	19935	24044	9123	4522	68629	7.5	7.527167815	0.027167815	1.413598289
The Guilty	tt9421570	2021	2918	2190	3666	7822	20520	47302	49982	22936	6849	6771	170956	6.3	6.426852523	0.126852523	1.663981852
The Gunman	tt2515034	2015	1202	831	1632	3461	8617	13697	9512	3478	914	1570	44914	5.8	5.904729038	0.104729038	1.745613162
The Guns of Navarone	tt0054953	1961	366	176	243	559	1806	5726	16790	20242	7440	5748	59096	7.5	7.631227156	0.131227156	1.410873211
The Half of It	tt9683478	2020	805	416	697	1333	3413	8215	13890	9613	4000	4366	46748	6.9	7.042205014	0.142205014	1.786636704
The Hand of God	tt12680684	2021	536	303	473	990	2391	6518	15523	16238	6706	3849	53527	7.3	7.379322585	0.079322585	1.555030205
The Hand That Rocks the Cradle	tt0104389	1992	509	380	709	1703	4841	13301	17692	8917	2819	3382	54253	6.7	6.793910014	0.093910014	1.580303378
The Handmaiden	tt4016934	2016	2419	917	1312	1903	4065	10425	32037	65026	47598	32397	198099	8.1	8.054028541	-0.045971459	1.591442597
The Hangover	tt1119646	2009	8294	4449	6723	11855	28139	75723	204443	297240	153245	126382	916493	7.7	7.781685185	0.081685185	1.584162883
The Hangover Part II	tt1411697	2011	7920	6490	11619	25050	60295	139989	166011	85127	31791	36519	570811	6.5	6.642773177	0.142773177	1.72981568
The Hangover Part III	tt1951261	2013	6718	6627	13607	28099	66637	104759	72702	30399	10637	18280	358465	5.9	6.041222992	0.141222992	1.796863905
The Happening	tt0949731	2008	18966	15660	20651	28758	42094	43191	29315	13642	4872	8557	225706	5	5.053680452	0.053680452	2.237740262
The Happytime Murders	tt1308728	2018	2056	1412	2013	3114	5538	7238	5428	2566	934	1661	31960	5.5	5.570494368	0.070494368	2.20141909
The Harder They Fall	tt10696784	2021	3177	1349	1808	2982	6326	14169	19659	13191	5368	8524	76553	6.6	6.747795645	0.147795645	2.137765153
The Hate U Give	tt5580266	2018	2197	423	417	598	1458	3802	9811	11527	5664	7278	43175	7.5	7.444979734	-0.055020266	2.165667464
The Hateful Eight	tt3460252	2015	7341	3570	4845	8015	17548	48962	143822	250664	142987	85887	713641	7.8	7.847653092	0.047653092	1.545766729
The Hating Game	tt8718158	2021	682	558	922	1814	4279	8203	8056	4506	1955	3308	34283	6.2	6.579004171	0.379004171	1.954209839
The Haunted Mansion	tt0338094	2003	1839	2387	4705	8617	14072	12904	7649	3698	1297	3580	60748	5.2	5.491209587	0.291209587	2.031572554
The Haunting	tt0057129	1963	564	349	578	1035	2582	5530	10566	11496	5883	6787	45370	7.4	7.493343619	0.093343619	1.809300315
The Haunting	tt0171363	1999	4584	4953	7813	12713	18550	16046	9597	4619	1781	3440	84096	5	5.141350361	0.141350361	2.099569089
The Haunting in Connecticut	tt0492044	2009	1625	1510	2808	5387	11763	17435	13168	6843	2692	4371	67602	5.9	6.107807461	0.207807461	1.950885451
The Heartbreak Kid	tt0408839	2007	3092	2599	4190	8288	18251	27875	20239	8885	2916	4404	100739	5.9	5.911851418	0.011851418	1.889619255
The Heat	tt2404463	2013	3641	2244	3609	7181	16964	40116	51823	30948	13429	17489	187444	6.6	6.824929045	0.224929045	1.867675489
The Help	tt1454029	2011	4557	1516	2025	3743	9262	26574	88880	177236	118900	91189	523882	8.1	8.124783825	0.024783825	1.476711151
The Hidden	tt0093185	1987	316	120	264	505	1510	4201	8742	5671	1934	1890	25153	7	7.116129289	0.116129289	1.588461625
The Hidden Face	tt1772250	2011	396	205	339	760	1998	6060	15300	13795	5569	4560	48982	7.3	7.439345066	0.139345066	1.52125931
The Hidden Fortress	tt0051808	1958	1190	217	252	348	869	2425	7721	15670	9686	6858	45236	8	7.910248475	-0.089751525	1.759156178
The Highwaymen	tt1860242	2019	596	419	737	1846	6384	21350	44489	24136	6787	5516	112260	6.9	7.05329592	0.15329592	1.360647914
The Hills Have Eyes	tt0454841	2006	5691	3466	5785	10095	21850	44867	51046	27533	10339	13462	194134	6.4	6.459800962	0.059800962	1.953184554
The Hills Have Eyes	tt0077681	1977	864	651	1180	2493	5327	11313	11041	5346	1729	2343	42287	6.3	6.366897628	0.066897628	1.804657609
The Hills Have Eyes 2	tt0800069	2007	3573	3198	5516	9552	16725	15105	8451	3710	1420	3560	70810	5.1	5.312766558	0.212766558	2.074255146
The Hitcher	tt0091209	1986	618	372	624	1220	3108	7952	17748	15092	5723	5567	58024	7.2	7.298962498	0.098962498	1.638624005
The Hitcher	tt0455960	2007	2212	1693	2668	4457	8559	11331	8013	3700	1512	3211	47356	5.6	5.777937326	0.177937326	2.14680699
The Hitchhiker's Guide to the Galaxy	tt0371724	2005	4192	2843	4584	8415	18144	40173	59456	41217	18033	18789	215846	6.7	6.880660286	0.180660286	1.880379914
The Hitman's Bodyguard	tt1959563	2017	2011	1365	2747	6134	16711	47414	91617	55555	18762	18217	260533	6.9	7.071442005	0.171442005	1.534113607
The Hobbit: An Unexpected Journey	tt0903624	2012	8281	3679	6004	11251	27868	73958	180955	274101	165321	167990	919408	7.8	7.927954727	0.127954727	1.62521005
The Hobbit: The Battle of the Five Armies	tt2310332	2014	6290	3966	7382	14141	31656	71374	148090	159502	78663	89917	610981	7.4	7.527630155	0.127630155	1.75520942
The Hobbit: The Desolation of Smaug	tt1170358	2013	6403	3185	5258	9994	23748	60780	149922	228389	131913	126929	746521	7.8	7.883255796	0.083255796	1.618685725
The Holdovers	tt14849194	2023	939	429	707	1330	3964	13899	47932	101418	45781	24806	241205	7.9	7.957583798	0.057583798	1.2620541
The Hole	tt0242527	2001	961	705	1469	3111	6891	13342	12631	6153	2076	2398	49737	6.2	6.313891067	0.113891067	1.778146502
The Hole	tt1085779	2009	675	666	1249	2385	5235	6853	4404	1907	600	1172	25146	5.7	5.797780959	0.097780959	1.878203473
The Holiday	tt0457939	2006	3136	2435	4418	9106	24085	62052	107113	74806	34590	41900	363641	7	7.229575323	0.229575323	1.704027791
The Holy Mountain	tt0071615	1973	1493	656	763	1043	1882	3651	8118	12859	9338	11953	51756	7.7	7.802998686	0.102998686	2.095845496
The Homesman	tt2398231	2014	756	461	764	1484	3633	8698	12258	6379	1908	1801	38142	6.6	6.614204814	0.014204814	1.714333027
The Horse Whisperer	tt0119314	1998	901	575	897	1763	4360	9778	12648	8047	3438	3747	46154	6.7	6.794340686	0.094340686	1.849175527
The Host	tt0468492	2006	2279	1366	2169	3930	8707	21280	43613	35070	13525	9811	141750	7.1	7.083873016	-0.016126984	1.718969357
The Host	tt1517260	2013	5299	3892	5726	9294	16702	24484	22053	14020	6959	12886	121315	5.8	6.230663974	0.430663974	2.298015915
The Hot Chick	tt0302640	2002	4309	3911	6157	10622	19400	24348	17828	9634	4011	8558	108778	5.6	5.881014543	0.281014543	2.176837374
The Hottie & the Nottie	tt0804492	2008	25640	2817	1862	1392	1266	943	635	341	1444	3251	39591	2	2.705033972	0.705033972	2.959879005
The Hours	tt0274558	2002	2224	1239	1774	3035	6638	14942	32534	38773	22167	22779	146105	7.5	7.598788542	0.098788542	1.828149008
The House	tt11703050	2022	396	255	368	796	1940	4978	8155	5156	1741	1566	25351	6.8	6.880359749	0.080359749	1.688482053
The House	tt4481514	2017	1279	1248	2395	4674	10524	14681	9024	3449	1010	1607	49891	5.6	5.738149165	0.138149165	1.773500291
The House Bunny	tt0852713	2008	3355	3031	5117	9842	18819	22485	15121	7675	2884	6568	94897	5.6	5.817085893	0.217085893	2.079348685
The House of the Devil	tt1172994	2009	1771	1226	1881	3368	6325	11480	13874	8646	3361	3179	55111	6.3	6.390158045	0.090158045	2.006154664
The House of the Spirits	tt0107151	1993	453	307	544	936	2054	4281	6906	5157	2503	3184	26325	6.9	7.079354226	0.179354226	1.922238763
The House That Jack Built	tt4003440	2018	3197	1675	2442	4354	8201	16192	26668	22716	10584	8134	104163	6.8	6.858923034	0.058923034	2.008999056
The House with a Clock in Its Walls	tt2119543	2018	1252	906	1697	3684	9409	18207	13614	5675	1815	2751	59010	6.1	6.163718014	0.063718014	1.747976173
The Housemaid	tt27543632	2025	709	234	357	638	1457	4221	8664	6547	2677	2937	28441	7	7.169157203	0.169157203	1.834878374
The Howling	tt0082533	1981	619	456	833	1926	4589	10392	12499	7039	2519	3181	44053	6.5	6.703675119	0.203675119	1.750392512
The Hudsucker Proxy	tt0110074	1994	828	589	855	1864	4585	12047	26658	24257	10505	7520	89708	7.2	7.330906943	0.130906943	1.599512601
The Human Centipede (First Sequence)	tt1467304	2009	15304	8179	10251	12953	15256	13380	9108	4961	1872	4326	95590	4.4	4.543770269	0.143770269	2.474061455
The Human Centipede 2 (Full Sequence)	tt1530509	2011	11270	5542	5373	5663	5179	4283	3369	2371	1093	2913	47056	3.8	4.127762666	0.327762666	2.731041686
The Human Stain	tt0308383	2003	764	518	948	1941	4354	8795	8611	4448	1490	1677	33546	6.2	6.349162344	0.149162344	1.815726512
The Hunchback of Notre Dame	tt0116583	1996	1397	1003	1951	4504	12780	34372	56972	35131	15988	18280	182378	7	7.149700073	0.149700073	1.642682057
The Hundred-Foot Journey	tt2980648	2014	593	340	574	1214	3577	10959	26548	26414	11278	9335	90832	7.3	7.524771006	0.224771006	1.505065029
The Hunger	tt0085701	1983	531	475	680	1463	3004	6312	8420	5553	2339	2748	31525	6.6	6.79333862	0.19333862	1.882042045
The Hunger Games	tt1392170	2012	15394	6942	11092	21267	50391	129711	299300	276805	123879	134564	1069345	7.2	7.432525518	0.232525518	1.732913837
The Hunger Games: Catching Fire	tt1951264	2013	8647	3511	5608	10937	28007	78881	195071	218850	107640	108265	765417	7.5	7.652389482	0.152389482	1.646955174
The Hunger Games: Mockingjay - Part 1	tt1951265	2014	9251	4876	8681	18523	48728	123797	162088	88140	33146	42164	539394	6.6	6.795125641	0.195125641	1.752602411
The Hunger Games: Mockingjay - Part 2	tt1951266	2015	6451	3794	6973	15165	39414	98006	120682	63341	24281	29640	407747	6.6	6.737400888	0.137400888	1.736766927
The Hunger Games: The Ballad of Songbirds & Snakes	tt10545296	2023	5673	2307	3335	6243	14566	33660	50214	33357	13156	13563	176074	6.6	6.772391154	0.172391154	1.939461262
The Hunt	tt2106476	2012	2848	1171	1385	2609	5615	15055	56489	137183	115739	64700	402794	8.3	8.241741436	-0.058258564	1.388288585
The Hunt	tt8244784	2020	3728	1997	3266	6154	15120	33731	44716	24918	8336	8511	150477	6.6	6.596436665	-0.003563335	1.81616765
The Hunt for Red October	tt0099810	1990	1168	663	1101	2354	6879	21396	60429	78163	33289	23173	228615	7.5	7.6881307	0.1881307	1.415342592
The Hunted	tt0269347	2003	1071	900	1809	3828	8665	15659	12541	5486	1770	2521	54250	6.1	6.151225806	0.051225806	1.775130265
The Hunter	tt1703148	2011	434	284	596	1252	3509	9663	14741	7579	2407	2082	42547	6.7	6.807130938	0.107130938	1.545235408
The Hunting Party	tt0455782	2007	1128	274	362	688	1835	4737	8769	5142	1734	2037	26706	6.7	6.800194713	0.100194713	1.943441426
The Huntsman: Winter's War	tt2381991	2016	1893	1714	3583	7668	18698	37894	30695	12741	4156	6723	125765	6.1	6.273788415	0.173788415	1.723485437
The Hurricane	tt0174856	1999	1008	400	532	1040	3136	9720	29496	36254	14701	10585	106872	7.6	7.63742608	0.03742608	1.477574608
The Hurt Locker	tt0887912	2008	7810	3083	4252	7411	17513	47095	126318	161828	74941	42583	492834	7.5	7.519083505	0.019083505	1.637917246
The Hustle	tt1298644	2019	3123	2373	3975	7010	14936	18471	11626	4997	1832	2885	71228	5.5	5.616274499	0.116274499	1.977622061
The Hustler	tt0054997	1961	1342	377	533	892	2419	5913	16950	29960	18256	13827	90469	7.9	7.911439278	0.011439278	1.636058143
The Ice Harvest	tt0400525	2005	487	382	663	1496	3508	7365	6772	3109	920	1133	25835	6.2	6.303077221	0.103077221	1.726307848
The Ice Road	tt3758814	2021	1963	1686	2791	5158	11015	15269	9783	4098	1391	2884	56038	5.7	5.775598701	0.075598701	1.958002371
The Ice Storm	tt0119349	1997	883	486	750	1329	3190	7333	15978	17512	8933	6731	63125	7.3	7.429988119	0.129988119	1.735576919
The Iceman	tt1491044	2012	643	336	645	1629	5350	18451	32490	15757	3843	4014	83158	6.8	6.919779215	0.119779215	1.400481481
The Idea of You	tt9466114	2024	1851	1273	2115	4163	9536	19154	20121	10880	4294	8098	81485	6.3	6.596441063	0.296441063	1.965328828
The Ides of March	tt1124035	2011	1876	1003	1743	3942	11794	39368	90892	61641	17075	8503	237837	7.1	7.09786114	-0.00213886	1.370486192
The Idiots	tt0154421	1998	1321	638	951	1442	2758	5320	8707	7419	3957	3228	35741	6.7	6.858286002	0.158286002	2.113412934
The Illusionist	tt0443543	2006	1490	1070	1947	4429	12710	38842	107770	134666	58330	40851	402105	7.5	7.68204076	0.18204076	1.401380552
The Illusionist	tt0775489	2010	468	228	329	631	1586	4101	9436	11533	5302	3797	37411	7.4	7.510491567	0.110491567	1.643929093
The Imaginarium of Doctor Parnassus	tt1054606	2009	2393	1761	3005	5834	13801	29339	45006	30614	12667	12692	157112	6.7	6.900695046	0.200695046	1.800394236
The Imitation Game	tt2084970	2014	3484	1317	2074	4393	12528	43133	162091	319707	204096	117132	869955	8	8.10596755	0.10596755	1.291249447
The Immigrant	tt1951181	2013	475	322	562	1352	3675	9097	10794	5532	1632	1565	35006	6.6	6.608067188	0.008067188	1.611225812
The Importance of Being Earnest	tt0278500	2002	336	220	405	733	2120	5013	7906	4979	2025	2085	25822	6.8	6.964991093	0.164991093	1.715372351
The Impossible	tt1649419	2012	1568	888	1547	3004	7993	24663	71866	83905	35228	30099	260761	7.5	7.670963066	0.170963066	1.472489753
The Imposter	tt1966604	2012	447	231	326	682	1960	5830	15905	17277	6381	3433	52472	7.4	7.445971185	0.045971185	1.448899144
The Inbetweeners	tt1716772	2011	1590	967	1572	3209	6970	16545	27063	17537	7026	7848	90327	6.7	6.937538056	0.237538056	1.80962251
The Inbetweeners 2	tt3097204	2014	813	620	1044	2420	5722	12323	13679	6974	2400	2755	48750	6.4	6.525292308	0.125292308	1.747375279
The Incredible Burt Wonderstone	tt0790628	2013	1569	1502	2946	6346	14554	23033	16336	6209	1986	3359	77840	5.9	5.977016958	0.077016958	1.764897674
The Incredible Hulk	tt0800080	2008	5713	4686	9611	21790	56158	134415	178378	86840	27005	33445	558041	6.6	6.70061698	0.10061698	1.627217409
The Incredibles	tt0317705	2004	6577	2210	3553	7170	19435	58274	168807	296042	176333	148271	886672	8	8.026470893	0.026470893	1.483359642
The Indian in the Cupboard	tt0113419	1995	613	474	942	2302	5828	9845	6611	3012	988	2127	32742	6	6.179830188	0.179830188	1.807334996
The Infiltrator	tt1355631	2016	569	262	487	1195	4048	14453	34836	19874	5033	3547	84304	7	7.092225754	0.092225754	1.322461749
The Informant!	tt1130080	2009	1169	820	1439	3128	7718	18595	21942	10082	2577	2111	69581	6.5	6.443583737	-0.056416263	1.613190223
The Informer	tt1833116	2019	430	247	436	1248	3862	12201	16367	7062	1863	1992	45708	6.6	6.727312505	0.127312505	1.453438056
The Innkeepers	tt1594562	2011	2318	1957	2722	4405	7050	8085	6392	3464	1204	1557	39154	5.5	5.481943096	-0.018056904	2.167351154
The Innocents	tt0055018	1961	392	183	254	551	1273	3149	7281	10817	6190	5612	35702	7.7	7.795529662	0.095529662	1.668950098
The Innocents	tt4028464	2021	824	307	459	798	1956	4729	9488	7064	2435	1322	29382	7	6.882581172	-0.117418828	1.776402977
The Insider	tt0140352	1999	1457	610	855	1727	4844	13556	41720	68175	35613	22039	190596	7.8	7.849341015	0.049341015	1.451115567
The Instigators	tt24169886	2024	664	511	934	2061	5745	13062	11447	4349	1127	1728	41628	6.2	6.297996541	0.097996541	1.626382065
The Intern	tt2361509	2015	1978	1312	2354	4856	14691	44181	99302	78350	30924	26870	304818	7.1	7.343919978	0.243919978	1.511226593
The International	tt0963178	2009	1043	832	1712	4035	11563	29394	33337	14197	3976	3523	103612	6.5	6.525412114	0.025412114	1.509771955
The Internship	tt2234155	2013	3414	2866	5230	11232	27057	59485	63597	29915	10519	12291	225606	6.3	6.489361985	0.189361985	1.724360172
The Interpreter	tt0373926	2005	1089	868	1775	4333	12567	34187	36689	14543	4101	3586	113738	6.4	6.500685787	0.100685787	1.475510712
The Interview	tt2788710	2014	13933	5790	8974	16422	36918	75222	92631	49107	17852	56876	373725	6.5	6.755625125	0.255625125	2.176688703
The Intouchables	tt1675434	2011	5806	2125	2902	5089	11648	32830	113504	266153	313898	258257	1012212	8.5	8.521675301	0.021675301	1.383013072
The Invasion	tt0427392	2007	1793	1508	2989	6741	15706	26346	19026	7277	2379	3531	87296	5.9	6.019347966	0.119347966	1.7407832
The Invention of Lying	tt1058017	2009	3030	2180	3832	8045	18959	40347	43661	21159	7478	7420	156111	6.4	6.433524864	0.033524864	1.75575393
The Invisible	tt0435670	2007	1353	935	1384	2419	4575	7779	7733	4748	2271	4004	37201	6.1	6.429773393	0.329773393	2.19878255
The Invisible Guest	tt4857264	2016	1014	554	682	1229	3104	9833	34547	71438	50577	36811	209789	8	8.199848419	0.199848419	1.376681567
The Invisible Man	tt0024184	1933	837	107	203	550	1412	4060	10980	14358	5755	5333	43595	7.6	7.618511297	0.018511297	1.655037461
The Invisible Man	tt1051906	2020	4045	2323	3704	6878	16910	44608	92613	69598	23711	15638	280028	7.1	7.050605654	-0.049394346	1.627338279
The Invitation	tt2400463	2015	2573	1861	2942	5444	12211	27750	40143	22923	7095	4814	127756	6.6	6.581546072	-0.018453928	1.733876625
The Invitation	tt12873562	2022	1918	1591	2747	5120	9302	9394	5395	2292	784	1533	40076	5.3	5.369348238	0.069348238	1.986347082
The Irishman	tt1302006	2019	4764	2523	3858	6538	15440	40539	99722	144499	88035	60324	466242	7.8	7.758998546	-0.041001454	1.623179671
The Iron Claw	tt21064584	2023	635	312	490	1042	3124	10762	31558	40158	17005	10230	115316	7.6	7.671129765	0.071129765	1.379491027
The Iron Giant	tt0129167	1999	2025	747	1034	1984	5272	14658	44398	83211	51892	50237	255458	8.1	8.121636433	0.021636433	1.511013148
The Iron Lady	tt1007029	2011	2604	1201	2277	5110	13073	30673	33233	16795	5774	5678	116418	6.4	6.506012816	0.106012816	1.738212455
The Island	tt0399201	2005	3088	2359	4456	10082	26323	66372	113306	67566	24289	21749	339590	6.8	6.952825466	0.152825466	1.594654125
The Island of Dr. Moreau	tt0116654	1996	3073	2991	4715	6840	7621	5577	3260	1528	617	1565	37787	4.6	4.720512346	0.120512346	2.183803396
The Italian Job	tt0064505	1969	411	286	486	1086	2607	6996	16227	14424	5854	5317	53694	7.2	7.386914739	0.186914739	1.583153813
The Italian Job	tt0317740	2003	2474	1768	3533	7900	22731	69762	151426	90293	29804	24665	404356	7	7.116620008	0.116620008	1.447794967
The Jackal	tt0119395	1997	1776	1597	3170	6673	15702	35006	38983	17485	5282	5443	131117	6.4	6.440408185	0.040408185	1.654685743
The Jacket	tt0366627	2005	1059	765	1259	2879	7270	18593	38427	29972	12851	10814	123889	7.1	7.251281389	0.151281389	1.611819576
The Jane Austen Book Club	tt0866437	2007	424	260	434	960	2484	6071	9136	5482	2181	2273	29705	6.7	6.904527857	0.204527857	1.718736369
The Jerk	tt0079367	1979	862	575	928	1949	4245	9725	18887	15221	7623	7990	68005	7.1	7.273744578	0.173744578	1.786449014
The Jewel of the Nile	tt0089370	1985	693	725	1602	3804	10886	21976	15969	5991	1688	2338	65672	6.1	6.193415763	0.093415763	1.558556082
The Joneses	tt1285309	2009	881	367	753	1789	4651	11711	13283	5789	1685	1806	42715	6.4	6.486456748	0.086456748	1.654138298
The Judge	tt1872194	2014	990	503	1084	2616	7695	23770	63437	68234	27846	20975	217150	7.4	7.585088648	0.185088648	1.419756869
The Jungle Book	tt0061852	1967	1065	591	1138	2580	8050	23071	59690	65072	24990	24804	211051	7.6	7.609596733	0.009596733	1.475783712
The Jungle Book	tt3040964	2016	2217	1278	2225	5032	13332	39097	91708	88566	34686	25479	303620	7.3	7.411455108	0.111455108	1.507831293
The Karate Kid	tt0087538	1984	1428	950	1692	3707	11084	33946	86283	70203	27426	31212	267931	7.3	7.490312804	0.190312804	1.509221715
The Karate Kid	tt1155076	2010	7944	3716	5754	11435	26754	54880	56860	29426	10929	16508	224206	6.3	6.415069177	0.115069177	1.982013913
The Karate Kid Part II	tt0091326	1986	1173	1225	2597	6376	17572	32613	24557	11095	4080	6911	108199	6.2	6.348903409	0.148903409	1.715541209
The Karate Kid Part III	tt0097647	1989	1887	2364	4754	9937	18465	17739	10461	4569	1625	4613	76414	5.4	5.62616798	0.22616798	1.956461151
The Kashmir Files	tt10811166	2022	32420	1591	937	792	1228	1541	2622	4528	9545	523205	578409	8.5	9.386956289	0.886956289	2.157148849
The Kerala Story	tt24268454	2023	11205	545	350	318	562	946	1810	2454	4815	54900	77905	6.8	8.314485591	1.514485591	3.224233338
The Kid	tt0012349	1921	2288	768	751	1600	3319	6828	20798	44649	32803	30554	144358	8.2	8.129684534	-0.070315466	1.694930329
The Kid	tt0219854	2000	729	589	1261	2917	7304	13052	10449	5128	1920	2722	46071	6.1	6.313233922	0.213233922	1.775571161
The Kid Detective	tt8980602	2020	239	137	212	489	1458	4531	9221	5918	1740	1180	25125	7	7.042069652	0.042069652	1.461147472
The Kid with a Bike	tt1827512	2011	304	151	210	454	1156	3604	8876	8941	3743	1954	29393	7.4	7.394379614	-0.005620386	1.513417035
The Kids Are All Right	tt0842926	2010	2449	1181	1739	3234	8234	22980	47079	32855	10738	6486	136975	7	6.978711444	-0.021288556	1.631628849
The Killer	tt0097202	1989	1256	418	470	839	1811	4219	9945	15210	9349	10890	54407	7.7	7.821842778	0.121842778	1.898366651
The Killer	tt1136617	2023	2874	2061	3768	7636	20439	51640	74745	38532	10043	7699	219437	6.7	6.652146174	-0.047853826	1.567024629
The Killer Inside Me	tt0954947	2010	1311	901	1354	2579	5113	9389	8888	4467	1311	1521	36834	6.1	6.090867134	-0.009132866	1.931361401
The Killers	tt0038669	1946	371	74	106	288	646	2029	5875	9494	3947	2846	25676	7.7	7.729124474	0.029124474	1.545834126
The Killing	tt0049406	1956	1714	356	498	870	2335	6730	21237	37370	20572	13005	104687	7.9	7.854576022	-0.045423978	1.584177978
The Killing Fields	tt0087553	1984	997	226	353	643	1643	4403	12625	22243	11476	8483	63092	7.8	7.832149876	0.032149876	1.615985762
The Killing of a Sacred Deer	tt5715874	2017	7191	3464	4398	6672	13711	29285	60239	52353	22075	11969	211357	7	6.894155386	-0.105844614	1.952843969
The King	tt7984766	2019	1265	645	1033	2247	6814	22195	56935	51092	18665	12627	173518	7.3	7.396454547	0.096454547	1.440368648
The King and I	tt0049408	1956	284	185	279	582	1428	3482	7631	7528	3599	4281	29279	7.4	7.537586666	0.137586666	1.711243781
The King of Comedy	tt0085794	1982	762	339	639	1105	3044	9326	30197	47838	23190	13833	130273	7.8	7.830294842	0.030294842	1.393214858
The King of Kong: A Fistful of Quarters	tt0923752	2007	305	90	119	212	565	1893	6333	12372	9619	6933	38441	8	8.196482922	0.196482922	1.437285608
The King of Staten Island	tt9686708	2020	1260	527	770	1422	3838	11869	28066	21162	6788	5543	81245	7.1	7.175776971	0.075776971	1.594529047
The King's Man	tt6856242	2021	3809	2922	5150	10354	23533	50491	53212	25725	8252	9973	193421	6.3	6.407846097	0.107846097	1.777411217
The King's Speech	tt1504320	2010	4499	1781	2695	5259	13480	42893	142942	264795	163165	87821	729330	8	7.990332223	-0.009667777	1.378691191
The Kingdom	tt0431197	2007	2325	888	1345	2619	7497	21396	47680	32672	11429	8897	136748	7	7.103869892	0.103869892	1.621087084
The Kings of Summer	tt2179116	2013	775	440	778	1715	4666	13644	28468	21838	8233	6581	87138	7.1	7.229107852	0.129107852	1.546922247
The Kissing Booth	tt3799232	2018	5783	3719	4717	7513	13406	20400	18588	11294	5138	11518	102076	5.9	6.159567381	0.259567381	2.387174824
The Kissing Booth 2	tt9784456	2020	2798	1739	2239	3695	6839	9464	6899	3852	1709	3569	42803	5.7	5.815760578	0.115760578	2.33258213
The Kissing Booth 3	tt12783454	2021	2867	1767	2427	3533	5161	4118	2506	1361	640	1692	26072	4.8	4.964598036	0.164598036	2.429744875
The Kite Runner	tt0419887	2007	1005	459	561	1167	2868	7989	20435	27117	13104	10033	84738	7.6	7.656482334	0.056482334	1.610948094
The Lady Eve	tt0033804	1941	257	103	179	356	973	2326	5210	7121	4028	4620	25173	7.7	7.83120804	0.13120804	1.685764079
The Lady from Shanghai	tt0040525	1947	275	157	283	606	1466	3883	9509	11520	4974	3541	36214	7.5	7.549262716	0.049262716	1.540276697
The Lady in the Van	tt3722070	2015	432	279	512	1034	2964	7586	11502	6186	2010	1685	34190	6.7	6.783854928	0.083854928	1.597592883
The Lady Vanishes	tt0030341	1938	791	225	338	683	1684	4758	13626	20452	10167	8039	60763	7.7	7.781808008	0.081808008	1.589320839
The Ladykillers	tt0048281	1955	222	94	180	438	1182	3206	7778	10831	4973	4784	33688	7.6	7.763565661	0.163565661	1.533661645
The Ladykillers	tt0335245	2004	2346	1845	3372	7154	15879	30384	28845	13682	4244	4235	111986	6.2	6.236350972	0.036350972	1.758481098
The Lake House	tt0410297	2006	2186	1649	2718	5581	13292	29846	46372	29973	14155	18468	164240	6.8	7.050420117	0.250420117	1.828368109
The Land Before Time	tt0095489	1988	685	453	870	1742	5253	13857	30588	25678	10740	16095	105961	7.4	7.528486896	0.128486896	1.638158206
The Last Airbender	tt0938283	2010	43839	19112	19760	21429	22844	19102	12922	7595	3520	10184	180307	3.9	4.107577631	0.207577631	2.664784115
The Last Boy Scout	tt0102266	1991	945	738	1377	2950	8232	21786	39262	24437	9751	9777	119255	7	7.094771708	0.094771708	1.60219614
The Last Castle	tt0272020	2001	865	645	1073	2369	5835	15516	29659	19855	7330	6987	90134	7	7.094037766	0.094037766	1.617690004
The Last Days on Mars	tt1709143	2013	1213	1101	2169	4540	9415	11390	6466	2289	698	1204	40485	5.5	5.56732123	0.06732123	1.782470204
The Last Detail	tt0070290	1973	258	145	219	426	1166	3288	8533	9833	3889	2979	30736	7.5	7.536862311	0.036862311	1.525705506
The Last Duel	tt4244994	2021	2262	1210	1864	3111	8169	23980	62371	65164	22067	12689	202887	7.3	7.348154391	0.048154391	1.520735833
The Last Emperor	tt0093389	1987	942	412	669	1301	3368	9346	27530	41074	19772	13915	118329	7.7	7.77740875	0.07740875	1.491774738
The Last Exorcism	tt1320244	2010	2674	1919	2948	5120	9811	13078	9878	4739	1630	2279	54076	5.7	5.693412974	-0.006587026	2.0590546
The Last House on the Left	tt0844708	2009	2196	1366	2241	4490	10773	24762	31451	16737	5944	7383	107343	6.5	6.64623683	0.14623683	1.807911882
The Last House on the Left	tt0068833	1972	2039	1527	2343	3660	6122	9734	8316	4700	1881	2797	43119	5.8	5.948352235	0.148352235	2.185440166
The Last King of Scotland	tt0455590	2006	996	400	661	1393	4193	15119	56130	81425	29275	14782	204374	7.6	7.714459765	0.114459765	1.26704248
The Last Kingdom: Seven Kings Must Die	tt15767808	2023	1301	430	663	1095	2710	7064	11906	7735	3367	6250	42521	6.9	7.113873145	0.213873145	2.016247657
The Last Kiss	tt0434139	2006	926	671	1014	2034	4682	9609	11662	6697	2556	2843	42694	6.4	6.585328149	0.185328149	1.862793221
The Last Legion	tt0462396	2007	1662	1437	2422	4390	8175	8978	5663	2459	986	1939	38111	5.4	5.554354386	0.154354386	2.048372996
The Last of the Mohicans	tt0104691	1992	1162	737	1321	2570	6824	18926	46020	60382	32615	33315	203872	7.6	7.830579972	0.230579972	1.567274237
The Last Picture Show	tt0067328	1971	770	318	405	768	1705	3934	9868	16720	11058	10811	56357	8	7.954468833	-0.045531167	1.720008133
The Last Samurai	tt0325710	2003	3581	1902	3058	5632	14591	40252	107351	162915	88012	72644	499938	7.8	7.854731987	0.054731987	1.53516604
The Last Seduction	tt0110308	1994	492	268	420	787	1927	4485	8394	6276	2852	2260	28161	7	7.074145094	0.074145094	1.770548847
The Last Song	tt1294226	2010	5324	2150	3212	5947	12251	19233	17666	11572	5903	12222	95480	6	6.402241307	0.402241307	2.355228137
The Last Stand	tt1549920	2013	2175	1606	3225	7294	18604	40871	43066	18061	5695	9222	149819	6.3	6.487221247	0.187221247	1.704811322
The Last Starfighter	tt0087597	1984	562	407	771	1713	4223	10054	14556	8884	3519	4551	49240	6.7	6.948111292	0.248111292	1.738928353
The Last Temptation of Christ	tt0095497	1988	2072	560	803	1340	2908	6647	14629	18729	10346	9183	67217	7.5	7.476709761	-0.023290239	1.963968871
The Last Unicorn	tt0084237	1982	481	272	466	801	1774	3698	6720	6658	3976	7712	32558	7.3	7.675317894	0.375317894	1.972698018
The Last Voyage of the Demeter	tt1001520	2023	1311	1067	2076	4252	10656	20553	16870	6875	2004	3167	68831	6.1	6.19016141	0.09016141	1.733283319
The Last Witch Hunter	tt1618442	2015	2027	1977	4059	8203	18710	33729	25609	11236	3668	6465	115683	5.9	6.169506323	0.269506323	1.798153646
The Laundromat	tt5865326	2019	1226	840	1464	3198	7704	15339	15296	7511	2412	2457	57447	6.3	6.337702578	0.037702578	1.758148674
The Lawnmower Man	tt0104692	1992	1420	1581	2777	5059	9090	9902	6398	2913	991	1673	41804	5.4	5.543727873	0.143727873	1.957304882
The Lazarus Effect	tt2918436	2015	1607	1817	3724	7003	12062	11197	6074	2381	831	1688	48384	5.2	5.329075728	0.129075728	1.88075612
The League of Extraordinary Gentlemen	tt0311429	2003	4765	5318	9483	16708	32643	48259	38994	18464	6457	9810	190901	5.8	5.973431255	0.173431255	1.937773781
The Legend	tt11497716	2022	1992	161	149	125	193	130	92	49	114	26517	29522	4.6	9.221529707	4.621529707	2.425050742
The Legend Is Born: Ip Man	tt1641638	2010	444	163	320	581	1850	5187	11208	7544	2864	3019	33180	7	7.209162146	0.209162146	1.625937467
The Legend of 1900	tt0120731	1998	618	387	390	738	1769	4161	10978	21500	16369	16101	73011	8	8.170029174	0.170029174	1.604580392
The Legend of Bagger Vance	tt0146984	2000	997	552	951	2122	5446	12960	18712	11098	4418	4548	61804	6.7	6.851368843	0.151368843	1.739869396
The Legend of Hercules	tt1043726	2014	7510	5335	7358	9545	10068	7071	4095	2215	985	3308	57490	4.3	4.514350322	0.214350322	2.415539706
The Legend of Tarzan	tt0918940	2016	3444	2888	5473	11537	26364	52337	50439	23987	8401	11538	196408	6.2	6.382565883	0.182565883	1.793733235
The Legend of Tomiris	tt7985648	2019	28155	139	56	111	244	582	747	606	508	12599	43747	6.3	3.986467643	-2.313532357	4.110812458
The Legend of Zorro	tt0386140	2005	1670	1453	3130	7784	20738	36768	24551	9286	2933	5494	113807	6	6.123366752	0.123366752	1.675023533
The Lego Batman Movie	tt4116284	2017	1380	726	1207	2616	7762	23839	57973	53882	21395	18620	189400	7.3	7.467703273	0.167703273	1.508838301
The Lego Movie	tt1490017	2014	3888	1933	2783	5144	13012	34338	91297	133455	70103	54958	410911	7.7	7.775389318	0.075389318	1.580881429
The Lego Movie 2: The Second Part	tt3513498	2019	1176	755	1362	3202	8886	22641	26380	11836	3671	3876	83785	6.5	6.576391956	0.076391956	1.607027466
The Lego Ninjago Movie	tt3014284	2017	775	459	938	2000	5250	10236	7802	3102	933	2059	33554	6.1	6.216546462	0.116546462	1.797322751
The Leopard	tt0057091	1963	377	222	326	525	1108	2542	5236	8624	6417	8747	34124	7.9	8.075196343	0.175196343	1.792205102
The Libertine	tt0375920	2004	1098	688	1189	2249	4582	8164	8255	5234	2557	4636	38652	6.2	6.622192901	0.422192901	2.122688239
The Life Aquatic with Steve Zissou	tt0362270	2004	3228	2010	3030	5159	11015	26605	56134	56557	29610	26410	219758	7.2	7.406615459	0.206615459	1.795411289
The Life List	tt2172954	2025	604	319	565	1052	2829	7187	11647	7216	2918	3459	37796	6.8	6.998650651	0.198650651	1.757556446
The Life of Chuck	tt12908150	2024	816	426	593	1074	2559	6301	13296	14525	7073	5632	52295	7.3	7.411664595	0.111664595	1.751143214
The Life of David Gale	tt0289992	2003	1213	668	1090	1930	4461	11751	33403	43477	19976	13490	131459	7.5	7.627252603	0.127252603	1.554934628
The Light Between Oceans	tt2547584	2016	465	251	480	991	2931	9037	20108	16280	6438	5586	62567	7.2	7.352853741	0.152853741	1.521778982
The Lighthouse	tt7984734	2019	5518	3465	4838	7690	15301	32345	66047	80544	46797	33918	296463	7.4	7.405075844	0.005075844	1.881769289
The Limey	tt0165854	1999	544	408	608	1143	2704	6265	11269	8669	3657	2373	37640	6.9	7.007013815	0.107013815	1.721396817
The Lincoln Lawyer	tt1189340	2011	975	474	882	2182	7348	30227	96972	86182	26517	15957	267716	7.3	7.462691808	0.162691808	1.250841923
The Lion in Winter	tt0063227	1968	655	221	346	566	1206	2657	5818	9272	6937	8714	36392	7.8	7.992031216	0.192031216	1.866999858
The Lion King	tt0110357	1994	6989	2697	4148	7496	18799	48561	150830	321580	323149	357990	1242239	8.5	8.498254362	-0.001745638	1.453427622
The Lion King	tt6105098	2019	10063	4690	6137	9964	22171	47639	79011	55031	24122	30216	289044	6.8	6.874323632	0.074323632	2.056658355
The Little Death	tt2785032	2014	383	212	340	636	1603	4469	9131	6891	2721	2145	28531	7	7.156566542	0.156566542	1.64830705
The Little Hours	tt5666304	2017	1008	732	1157	2298	4797	7400	6050	2575	896	1424	28337	5.8	5.955958641	0.155958641	1.956408741
The Little Mermaid	tt0097757	1989	1790	954	1891	4242	11882	35082	82613	83205	37213	49876	308748	7.6	7.688629562	0.088629562	1.583181773
The Little Mermaid	tt5971474	2023	48197	9108	6560	7094	12338	20886	25801	16826	8264	21773	176847	7.2	5.138882763	-2.061117237	3.221325436
The Little Prince	tt1754656	2015	594	300	428	899	2368	6357	16202	20468	11350	11715	70681	7.6	7.817008814	0.217008814	1.612483102
The Little Rascals	tt0110366	1994	1030	797	1537	3279	7657	14526	13866	7751	3051	7086	60580	6.3	6.6553483	0.3553483	1.960314671
The Little Things	tt10016180	2021	1869	1467	3018	6742	18059	41591	40312	16275	4299	5208	138840	6.3	6.365751945	0.065751945	1.590554536
The Lives of Others	tt0405094	2006	4914	1224	1524	2891	5969	15044	51889	131625	134831	89823	439734	8.4	8.349454443	-0.050545557	1.489362007
The Living Daylights	tt0093428	1987	821	617	1224	3352	9925	26956	38363	18058	5991	7392	112699	6.7	6.84424884	0.14424884	1.539799829
The Lizzie McGuire Movie	tt0306841	2003	2411	1475	2651	4528	8045	8401	6288	3615	1718	5303	44435	5.6	5.929672555	0.329672555	2.394317188
The Lobster	tt3464902	2015	7479	4163	5899	9642	19669	43179	88225	89854	39871	21108	329089	7.1	7.097821562	-0.002178438	1.838625957
The Lodge	tt7347846	2019	2456	1503	2463	4535	9258	16557	15068	7642	2310	2163	63955	6	6.030099289	0.030099289	1.920932383
The Loft	tt1850397	2014	1120	913	1603	3099	7445	16128	17653	8593	2947	3559	63060	6.3	6.479099271	0.179099271	1.771504147
The Lone Ranger	tt1210819	2013	4935	3762	6763	13570	28732	55808	67444	37476	14154	18912	251556	6.4	6.574909762	0.174909762	1.882674439
The Long Good Friday	tt0081070	1980	246	97	201	372	1035	2692	7268	9381	4558	3168	29018	7.5	7.667103177	0.167103177	1.529575594
The Long Goodbye	tt0070334	1973	504	287	459	804	1907	4505	10562	12639	6156	5045	42868	7.5	7.537930391	0.037930391	1.68905341
The Long Kiss Goodnight	tt0116908	1996	1085	843	1475	3153	7435	17835	27955	17806	6835	7296	91718	6.8	6.940851305	0.140851305	1.716321167
The Long Walk	tt10374610	2025	2800	1290	1950	3386	8035	16939	25642	17727	6923	5675	90367	6.7	6.716500492	0.016500492	1.919737173
The Longest Day	tt0056197	1962	581	227	315	618	1708	4745	13716	21635	10059	8656	62260	7.7	7.832396402	0.132396402	1.528235126
The Longest Ride	tt2726560	2015	1192	728	1244	2391	5623	13727	25170	19801	9790	14097	93763	7.1	7.360035408	0.260035408	1.825432006
The Longest Yard	tt0398165	2005	3088	2460	4373	9457	23468	52601	59462	29862	10142	14027	208940	6.4	6.597965923	0.197965923	1.74623278
The Lookout	tt0427470	2007	493	299	526	1249	3694	11320	22121	13834	4696	3555	61787	6.9	7.078964831	0.178964831	1.479276294
The Lorax	tt1482459	2012	2802	2165	3595	6910	15608	32301	36072	20618	8347	13376	141794	6.4	6.655669492	0.255669492	1.927904409
The Lord of the Rings	tt0077869	1978	1141	907	1648	2778	5159	9192	8161	4699	1823	3355	38863	6.2	6.294779096	0.094779096	2.077985328
The Lord of the Rings: The Fellowship of the Ring	tt0120737	2001	31739	8217	9917	13393	27997	58511	168184	405907	603273	846871	2174009	8.9	8.714434025	-0.185565975	1.640186948
The Lord of the Rings: The Return of the King	tt0167260	2003	33996	7704	9446	12916	26601	54212	143629	337125	562526	947246	2135401	9	8.815805556	-0.184194444	1.664486443
The Lord of the Rings: The Two Towers	tt0167261	2002	25018	6843	8094	11499	25324	54837	162058	393604	546213	695737	1929227	8.8	8.667279175	-0.132720825	1.599873315
The Lord of the Rings: The War of the Rohirrim	tt14824600	2024	1562	774	1116	1975	4577	9313	9872	4954	1460	2569	38172	6.3	6.305328513	0.005328513	2.010741088
The Lords of Salem	tt1731697	2012	2784	2022	2883	4216	5896	5788	4577	2776	1089	2033	34064	5.2	5.311384453	0.111384453	2.377344563
The Losers	tt0480255	2010	1902	1570	2863	6148	14157	28840	29820	14222	4929	6438	110889	6.2	6.432603775	0.232603775	1.777903892
The Lost Boys	tt0093437	1987	1386	973	1628	3444	8747	23147	48687	42010	19679	25710	175411	7.2	7.500721163	0.300721163	1.684167834
The Lost Bus	tt21103218	2025	474	266	452	849	2716	8312	16103	8210	2563	3085	43030	6.8	7.007390193	0.207390193	1.554569902
The Lost City	tt13320622	2022	3072	2572	4806	10319	26731	53183	42923	17449	5378	8117	174550	6.1	6.223362933	0.123362933	1.711839669
The Lost City of Z	tt1212428	2016	1431	1060	1826	3959	10580	26869	34290	16373	4568	3989	104945	6.6	6.584353709	-0.015646291	1.587476684
The Lost Daughter	tt9100054	2021	1982	1385	2014	3461	7514	16454	23019	15931	5270	3336	80366	6.7	6.59859891	-0.10140109	1.832758053
The Lost Weekend	tt0037884	1945	968	285	296	543	1253	3052	8410	13844	7786	6421	42858	7.9	7.771734565	-0.128265435	1.78735032
The Lost World: Jurassic Park	tt0119567	1997	4968	4675	8930	19774	50229	120089	143093	70317	23441	27410	472926	6.6	6.641924952	0.041924952	1.650108403
The Love Guru	tt0811138	2008	11324	7007	7615	7905	7153	5496	3739	2052	1015	3294	56600	3.8	4.120282686	0.320282686	2.578539333
The Lovebirds	tt8851668	2020	740	429	771	1737	4326	8791	7159	2893	889	1213	28948	6.1	6.170478099	0.070478099	1.752224359
The Loved Ones	tt1316536	2009	1245	817	1118	2069	4280	9252	13284	8442	3350	3162	47019	6.6	6.672090006	0.072090006	1.920238859
The Lovely Bones	tt0380510	2009	3626	2705	4593	8563	16754	36059	51936	34314	14506	16783	189839	6.6	6.814400624	0.214400624	1.904598654
The Lover	tt0101316	1992	348	246	409	794	1846	4232	6962	4972	2364	2851	25024	6.8	7.119605179	0.319605179	1.829055237
The Lucky One	tt1327194	2012	2114	1371	2563	5308	12578	26263	29771	17344	7751	12669	117732	6.4	6.77677267	0.37677267	1.91608704
The Lunchbox	tt2350496	2013	634	184	265	483	1270	4157	13427	22955	12997	10313	66685	7.8	7.989097998	0.189097998	1.488610078
The Machine	tt2317225	2013	750	618	1165	2350	5054	8469	7477	3905	1430	1585	32803	6	6.196506417	0.196506417	1.861274076
The Machinist	tt0361862	2004	1885	1132	1934	4291	11415	36671	112722	159546	68996	39191	437783	7.6	7.726458085	0.126458085	1.35625374
The Magdalene Sisters	tt0318411	2002	289	111	146	257	758	2187	6885	10655	4970	3588	29846	7.7	7.80452992	0.10452992	1.493332785
The Magician	tt0827503	2006	999	200	242	449	1214	3881	9756	10008	3825	5703	36277	7.4	7.527855115	0.127855115	1.84989936
The Magnificent Ambersons	tt0035015	1942	320	159	247	481	1170	2921	6171	8049	4507	4448	28473	7.6	7.702419836	0.102419836	1.7118745
The Magnificent Seven	tt0054047	1960	634	238	467	981	2866	8710	26845	37492	16697	14424	109354	7.7	7.822201291	0.122201291	1.435756957
The Magnificent Seven	tt2404435	2016	2091	1311	2538	5606	16856	47100	87783	49863	15385	14150	242683	6.9	6.984341713	0.084341713	1.508623018
The Majestic	tt0268995	2001	843	548	976	1847	4434	10536	18855	12189	4894	5217	60339	6.9	7.016258142	0.116258142	1.742768216
The Maltese Falcon	tt0033870	1941	2186	835	1187	2077	4956	12456	32284	51768	34640	30819	173208	7.9	7.940297215	0.040297215	1.671787446
The Man	tt0399327	2005	773	725	1483	2890	6065	7305	4360	1870	657	1347	27475	5.5	5.723384895	0.223384895	1.899220014
The Man from Earth	tt0756683	2007	3806	1752	2167	3277	6560	15160	34635	58125	45441	45281	216204	7.8	7.955000833	0.155000833	1.845820568
The Man from Nowhere	tt1527788	2010	608	238	372	779	1966	6044	17745	26566	13475	11888	79681	7.7	7.885292604	0.185292604	1.501829433
The Man from Toronto	tt11671006	2022	1276	1237	2333	4854	11866	19957	13866	5300	1725	3357	65771	5.8	6.048167125	0.248167125	1.778871001
The Man from U.N.C.L.E.	tt1638355	2015	1921	1240	2287	4927	15297	46530	112710	102383	37690	28976	353961	7.2	7.412226206	0.212226206	1.44842713
The Man in the Iron Mask	tt0120744	1998	1974	1566	3202	7518	20688	49472	56558	27442	9097	10530	188047	6.5	6.63488915	0.13488915	1.622224578
The Man Who Fell to Earth	tt0074851	1976	585	530	861	1510	2984	5905	8115	5373	2327	2580	30770	6.6	6.732206695	0.132206695	1.935044712
The Man Who Knew Infinity	tt0787524	2015	378	163	335	820	2629	8949	21524	17528	6955	6903	66184	7.2	7.469252387	0.269252387	1.468841056
The Man Who Knew Too Little	tt0120483	1997	448	357	726	1498	3534	8189	10333	6243	2597	2854	36779	6.6	6.806166562	0.206166562	1.756037738
The Man Who Knew Too Much	tt0049470	1956	330	244	468	977	2805	8624	23745	24159	8297	5620	75269	7.4	7.469994287	0.069994287	1.389905272
The Man Who Shot Liberty Valance	tt0056217	1962	2180	332	444	765	1958	5073	14894	26984	18635	16438	87703	8.1	7.977936901	-0.122063099	1.784444183
The Man Who Wasn't There	tt0243133	2001	952	543	847	1623	4283	12037	31408	39125	18278	10550	119646	7.5	7.58542701	0.08542701	1.505992184
The Man Who Would Be King	tt0073341	1975	1141	228	335	623	1583	4103	11174	17584	9644	8532	54947	7.7	7.80084445	0.10084445	1.737546182
The Man with the Golden Gun	tt0071807	1974	799	709	1510	3820	10248	27855	44294	19224	5264	6028	119751	6.7	6.779926681	0.079926681	1.480868074
The Man with the Iron Fists	tt1258972	2012	3599	2685	4404	7475	12833	14836	9827	4558	1625	3504	65346	5.4	5.511890552	0.111890552	2.137242537
The Man with Two Brains	tt0085894	1983	503	426	729	1528	3603	7406	7357	4234	1602	1803	29191	6.4	6.506251927	0.106251927	1.811090354
The Man Without a Face	tt0107501	1993	454	233	413	1001	2808	7559	9977	5334	2057	2828	32664	6.7	6.884061964	0.184061964	1.706792769
The Man Without a Past	tt0311519	2002	278	165	224	395	997	2432	6560	9294	4791	3414	28550	7.6	7.704658494	0.104658494	1.595771853
The Manchurian Candidate	tt0056218	1962	1434	413	528	1039	2470	6177	15396	25517	16946	14208	84128	7.9	7.891712628	-0.008287372	1.724149101
The Manchurian Candidate	tt0368008	2004	1386	922	1706	3907	11066	30702	42210	19860	5603	4801	122163	6.6	6.682096871	0.082096871	1.523396643
The Many Adventures of Winnie the Pooh	tt0076363	1977	462	240	374	720	1971	4820	10841	11535	4796	6563	42322	7.5	7.577146638	0.077146638	1.708187351
The Many Saints of Newark	tt8110232	2021	2491	1323	2225	3864	8508	17383	16755	8174	2716	4488	67927	6.3	6.273013676	-0.026986324	1.986587395
The Map of Tiny Perfect Things	tt11080108	2021	324	204	323	817	2358	6575	10672	6408	2579	2525	32785	6.8	7.034863505	0.234863505	1.607361958
The Marine	tt0419946	2006	3795	2489	3524	5366	7711	5854	3427	1573	643	2860	37242	4.8	4.97953923	0.17953923	2.419868046
The Marksman	tt6902332	2021	1011	849	1710	3855	10338	14185	7629	2683	787	5291	48338	5.7	6.101183334	0.401183334	1.98058366
The Martian	tt3659388	2015	4350	2217	3315	6331	17008	55548	189291	370930	222473	122420	993883	8	8.030437184	0.030437184	1.328047675
The Marvels	tt10676048	2023	22440	8092	9756	13996	24654	30393	24057	12471	4782	9402	160043	5.5	5.215654543	-0.284345457	2.534261671
The Mask	tt0110475	1994	3380	3134	6088	12921	33319	85549	151636	91977	34236	40943	463183	7	7.069143298	0.069143298	1.628089815
The Mask of Zorro	tt0120746	1998	1384	1140	2226	5418	16345	45994	71422	37757	12894	13695	208275	6.8	6.936545433	0.136545433	1.527293743
The Master	tt1560747	2012	3583	2380	3542	6389	13445	28431	49990	46760	25348	18878	198746	7.1	7.161190665	0.061190665	1.873723834
The Master of Disguise	tt0295427	2002	7831	4303	3527	2861	2639	2063	1463	952	497	2515	28651	3.4	3.892185264	0.492185264	2.852633946
The Matador	tt0365485	2005	546	374	700	1520	4002	9598	15657	9304	3174	2618	47493	6.7	6.860990041	0.160990041	1.616735938
The Matrix	tt0133093	1999	18854	7700	10262	15398	31921	74470	222143	503858	663817	670433	2218856	8.7	8.561891804	-0.138108196	1.52441737
The Matrix Reloaded	tt0234215	2003	8575	5228	8950	16349	37013	91687	191407	161977	72650	70769	664605	7.2	7.288041769	0.088041769	1.736399778
The Matrix Resurrections	tt10838180	2021	23135	12924	19388	29571	50392	62340	46822	25079	10544	19695	299890	5.6	5.574253893	-0.025746107	2.332185494
The Matrix Revolutions	tt0242653	2003	10304	7171	12499	23545	50684	110097	158922	99747	44239	53617	570825	6.7	6.858627425	0.158627425	1.882452872
The Mauritanian	tt4761112	2021	735	215	287	550	1791	6574	20892	23870	9013	6963	70890	7.5	7.625560728	0.125560728	1.454462294
The Maze Runner	tt1790864	2014	4934	3570	6924	14888	39474	104122	177721	110225	41163	50987	554008	6.8	7.076944737	0.276944737	1.647736109
The Mechanic	tt0472399	2011	1564	1146	2355	5804	17123	47705	60912	26041	8443	10400	181493	6.5	6.725774548	0.225774548	1.540725009
The Medallion	tt0288045	2003	1283	1573	3108	6264	12089	10878	5658	2212	752	2041	45858	5.2	5.429848663	0.229848663	1.875969765
The Meg	tt4779682	2018	6009	5988	11008	21267	44079	62244	41520	16773	5550	10662	225100	5.7	5.825544203	0.125544203	1.881140069
The Men Who Stare at Goats	tt1234548	2009	2969	2350	4286	8738	19443	37337	37017	17795	5958	5302	141195	6.2	6.266772903	0.066772903	1.768097884
The Menu	tt9764362	2022	5652	3371	5561	10465	26270	73345	154700	131355	47142	27630	485491	7.2	7.161152318	-0.038847682	1.575653195
The Merchant of Venice	tt0379889	2004	519	310	392	930	2390	6404	12927	9104	3571	3220	39767	7	7.143334926	0.143334926	1.652498006
The Message	tt0074896	1976	2243	431	406	600	1269	2410	4552	7592	7386	26559	53448	8.1	8.460410118	0.360410118	2.260382162
The Messenger	tt0790712	2009	485	221	334	734	2084	6320	13304	9728	3061	2006	38277	7.1	7.099981712	-0.000018288	1.526872622
The Messenger: The Story of Joan of Arc	tt0151137	1999	1364	987	1720	3657	8255	17984	19636	10584	4051	4251	72489	6.4	6.530618439	0.130618439	1.797818902
The Messengers	tt0425430	2007	1604	1523	2823	5081	9820	10018	5819	2433	872	2457	42450	5.3	5.542190813	0.242190813	2.023635554
The Mexican	tt0236493	2001	2133	1706	3206	7411	18647	35994	31110	12633	3636	3791	120267	6.1	6.181862024	0.081862024	1.653488895
The Meyerowitz Stories	tt5536736	2017	1020	553	883	1715	4039	10044	18887	13148	4026	2074	56389	6.9	6.853482062	-0.046517938	1.647306162
The Midnight Meat Train	tt0805570	2008	2547	2026	3079	5508	10723	18354	16795	8722	3096	4053	74903	6	6.105790155	0.105790155	2.001687223
The Midnight Sky	tt10539608	2020	3920	3290	5358	9336	18689	23698	16716	7231	2235	2728	93201	5.7	5.598716752	-0.101283248	1.935909825
The Mighty Ducks	tt0104868	1992	842	767	1389	3018	7963	18481	21257	11303	4072	6746	75838	6.6	6.759764234	0.159764234	1.753324777
The Ministry of Ungentlemanly Warfare	tt5177120	2024	1741	999	1688	3597	10005	28520	51026	31690	10587	12509	152362	6.8	7.058262559	0.258262559	1.623677778
The Miseducation of Cameron Post	tt6257174	2018	770	256	403	887	2528	6416	8581	4400	1505	1625	27371	6.6	6.658032224	0.058032224	1.782093181
The Misfits	tt0055184	1961	251	212	339	646	1734	3669	6908	5946	2499	2983	25187	7.2	7.273792036	0.073792036	1.749407792
The Missing	tt0338188	2003	552	403	771	1601	4151	10479	12971	6435	1915	2044	41322	6.5	6.622525531	0.122525531	1.634391708
The Mission	tt0091530	1986	787	385	536	1104	3246	8160	18679	19930	9304	8064	70195	7.4	7.51250089	0.11250089	1.640451639
The Mist	tt0884328	2007	7859	4572	6478	10623	22008	49833	99985	92971	41286	33877	369492	7.1	7.150287422	0.050287422	1.867779602
The Mitchells vs. the Machines	tt7979580	2021	1321	597	939	1866	4365	12433	32190	44288	22935	19178	140112	7.6	7.758421834	0.158421834	1.58553735
The Money Pit	tt0091541	1986	766	771	1563	3424	8586	17806	16980	8885	3204	4322	66307	6.4	6.522011251	0.122011251	1.737947081
The Monkey	tt27714946	2025	2846	2204	3755	6973	13825	22136	17260	7572	2169	9886	88626	5.9	6.184742626	0.284742626	2.135458474
The Monster Squad	tt0093560	1987	391	293	529	1138	2970	6356	10079	7454	3325	6225	38760	6.9	7.2874613	0.3874613	1.844877645
The Monuments Men	tt2177771	2014	2788	2226	4235	9200	22022	44004	38129	15600	4658	4849	147711	6.1	6.180947932	0.080947932	1.681117729
The Mortal Instruments: City of Bones	tt1538403	2013	5262	3889	6529	11133	20228	28297	23866	14919	8217	20492	142832	5.8	6.394701467	0.594701467	2.337492686
The Mosquito Coast	tt0091557	1986	496	348	527	1284	3390	8104	9999	5243	1848	1891	33130	6.6	6.66954422	0.06954422	1.686642672
The Mother	tt6968614	2023	2642	1546	2534	4701	9941	13020	8791	4121	1483	3355	52134	5.6	5.78062301	0.18062301	2.11013025
The Mothman Prophecies	tt0265349	2002	1331	1086	1890	4408	10420	21713	24609	13354	4985	4893	88689	6.4	6.563079976	0.163079976	1.740840793
The Motorcycle Diaries	tt0318462	2004	1349	346	511	902	2447	7652	23701	36911	19788	14705	108312	7.7	7.86308073	0.16308073	1.545395617
The Mountain	tt2471640	2012	1212	180	188	265	667	1549	3392	4130	2674	11371	25628	7.5	8.209185266	0.709185266	2.315797977
The Mountain Between Us	tt2226597	2017	1366	913	1716	3702	9635	22797	25750	12190	4186	5458	87713	6.4	6.591143844	0.191143844	1.713420003
The Mountain II	tt5813916	2016	4538	359	346	459	889	1697	3386	4769	4545	91396	112384	8.2	9.249323747	1.049323747	2.032310545
The Mule	tt7959026	2018	1071	703	1258	2848	8430	27800	65400	39682	11200	8413	166805	7	7.114768742	0.114768742	1.388124435
The Mummy	tt0120616	1999	3740	3526	5974	11929	29966	76432	159074	111698	43569	48633	494541	7.1	7.219633964	0.119633964	1.634894321
The Mummy	tt0023245	1932	254	168	392	913	2227	5620	10450	6812	2721	3367	32924	6.9	7.170392419	0.270392419	1.647893016
The Mummy	tt2345759	2017	8591	7937	13920	24704	47542	55872	34993	13324	4461	8516	219860	5.4	5.525493496	0.125493496	1.941329798
The Mummy Returns	tt0209163	2001	4213	4199	8080	17808	44441	96432	99182	47749	17381	24535	364020	6.4	6.557125982	0.157125982	1.728100276
The Mummy: Tomb of the Dragon Emperor	tt0859163	2008	7037	6893	12715	23374	44462	41830	22652	8980	3046	7558	178547	5.2	5.371986088	0.171986088	1.944505826
The Muppet Christmas Carol	tt0104940	1992	506	254	389	835	2495	6905	17472	22630	12028	17953	81467	7.8	7.985466508	0.185466508	1.599385486
The Muppet Movie	tt0079588	1979	376	169	328	567	1711	4268	10328	11992	5274	7034	42047	7.6	7.709634457	0.109634457	1.649810385
The Muppets	tt1204342	2011	1510	904	1433	2796	6539	15123	27493	22485	10894	11057	100234	7.1	7.214927071	0.114927071	1.806969973
The Naked Gun	tt3402138	2025	2898	2012	3096	5475	11915	24290	28769	15223	4932	5648	104258	6.4	6.402002724	0.002002724	1.893733597
The Naked Gun 2½: The Smell of Fear	tt0102510	1991	1012	905	1596	3461	10244	28687	47971	25653	9124	10606	139259	6.9	6.994111691	0.094111691	1.569419307
The Naked Gun: From the Files of Police Squad!	tt0095705	1988	1276	873	1413	2834	7813	22270	58072	68964	28466	26396	218377	7.6	7.645731922	0.045731922	1.511232692
The Name of the Rose	tt0091605	1986	786	392	656	1383	3485	10385	29073	44653	21328	13557	125698	7.7	7.77309106	0.07309106	1.444332631
The Nanny Diaries	tt0489237	2007	1038	837	1591	3553	9716	20308	16791	7318	2412	3631	67195	6.2	6.343091004	0.143091004	1.705923857
The Natural	tt0087781	1984	463	252	459	928	2396	6396	14710	15621	7916	7678	56819	7.4	7.609672821	0.209672821	1.624329936
The Negotiator	tt0120768	1998	656	418	734	1836	6185	21295	58101	49416	16764	10678	166083	7.3	7.402467441	0.102467441	1.330584824
The Neon Demon	tt1974419	2016	5110	3553	5103	8108	13905	21203	23627	16515	6916	5906	109946	6.1	6.14404344	0.04404344	2.176879372
The Net	tt0113957	1995	1238	1398	2640	6021	13873	23225	17071	7360	2595	3576	78997	6	6.104598909	0.104598909	1.747565812
The NeverEnding Story	tt0088323	1984	1412	1040	1661	3424	8376	20610	44032	43533	19320	24878	168286	7.3	7.528011837	0.228011837	1.699636086
The NeverEnding Story II: The Next Chapter	tt0100240	1990	1331	1376	2354	4344	6827	5655	3248	1535	650	1505	28825	5.1	5.290615785	0.190615785	2.086564341
The New Guy	tt0241760	2002	1356	1184	1863	3250	6345	9139	7423	3935	1621	3331	39447	5.8	6.08948716	0.28948716	2.134313373
The New Mutants	tt4682266	2020	5966	4175	6899	12588	21810	23275	13961	5544	1783	3901	99902	5.3	5.317220876	0.017220876	2.046080182
The New World	tt0402399	2005	3217	1824	2742	4570	8769	16594	20854	15271	9049	10356	93246	6.7	6.755539112	0.055539112	2.165302688
The Next Karate Kid	tt0110657	1994	2294	2643	4746	7747	8300	5527	2867	1273	472	1780	37649	4.6	4.774867858	0.174867858	2.098672121
The Next Three Days	tt1458175	2010	993	525	1096	2504	7785	26145	69626	64631	23631	17341	214277	7.3	7.474721972	0.174721972	1.388591958
The Nice Guys	tt3799694	2016	2349	1629	2713	5659	16126	49864	127464	126486	47488	27557	407335	7.4	7.422131661	0.022131661	1.423896361
The Night Before	tt3530002	2015	1865	1099	1923	4196	10466	23535	25462	12572	4133	4590	89841	6.4	6.478812569	0.078812569	1.748157406
The Night Comes for Us	tt6116856	2018	532	280	475	895	2252	5230	9507	7022	3014	3100	32307	6.9	7.106447519	0.206447519	1.78259439
The Night House	tt9731534	2020	1325	854	1609	3493	8808	19766	23183	11168	3336	3011	76553	6.4	6.482136559	0.082136559	1.665354796
The Night of the Hunter	tt0048424	1955	1811	857	986	1685	3559	7950	17944	28794	21127	21717	106430	8	7.911218641	-0.088781359	1.839504815
The Nightingale	tt4068576	2018	794	354	499	850	1940	4827	11276	11496	4937	3315	40288	7.3	7.286139793	-0.013860207	1.750400246
The Nightmare Before Christmas	tt0107688	1993	3845	1864	2854	5155	11400	29526	71893	120756	73427	87223	407943	7.9	8.023873433	0.123873433	1.659924333
The Nines	tt0810988	2007	1319	861	1261	2221	4222	6904	7503	5020	3173	2768	35252	6.2	6.443889708	0.243889708	2.161450406
The Ninth Gate	tt0142688	1999	2780	2249	4061	8507	19951	44263	59914	37087	15486	14038	208336	6.7	6.790329084	0.090329084	1.750136063
The Northman	tt11138512	2022	7910	4899	6991	11428	23045	44993	74541	67454	30550	22235	294046	7	6.897883324	-0.102116676	1.974017786
The Notebook	tt0332280	2004	7885	3911	5649	10167	22534	52095	119463	179951	119507	155249	676411	7.8	7.986954677	0.186954677	1.762873495
The November Man	tt2402157	2014	872	718	1510	3626	9270	21752	21281	8426	2353	3074	72882	6.3	6.400702505	0.100702505	1.590195999
The Number 23	tt0481369	2007	3996	3646	6189	11547	24786	50753	60712	32863	11971	13802	220265	6.4	6.52912628	0.12912628	1.837841728
The Nun	tt5814060	2018	7734	7508	13043	22253	39813	43292	28429	13783	5306	11316	192477	5.4	5.61048333	0.21048333	2.092612688
The Nun II	tt10160976	2023	2366	2159	4060	7775	16093	20198	13135	6070	2367	4921	79144	5.6	5.845484181	0.245484181	1.988657379
The Nut Job	tt1821658	2014	1132	953	1516	2885	6139	8604	5210	2354	974	2284	32051	5.7	5.876665315	0.176665315	2.047177258
The Nutcracker and the Four Realms	tt5523010	2018	1653	1161	2080	4046	8075	10050	6777	3038	1151	2204	40235	5.6	5.746638499	0.146638499	2.02416942
The Nutty Professor	tt0117218	1996	3563	3646	6397	12597	26777	35598	23300	9737	3230	5127	129972	5.7	5.764649309	0.064649309	1.857210243
The Odd Couple	tt0063374	1968	238	117	203	415	1237	3591	9879	13372	5621	4935	39608	7.6	7.739345587	0.139345587	1.470414195
The Odd Life of Timothy Green	tt1462769	2012	1077	639	1072	2102	4682	10309	13739	7919	3389	5106	50034	6.6	6.801954671	0.201954671	1.92456924
The Old Guard	tt7556122	2020	3964	2196	3489	6734	16755	42417	64564	37774	14055	16157	208105	6.7	6.853468201	0.153468201	1.778721206
The Old Guard 2	tt14961624	2025	2307	1929	3279	6269	11044	9487	4700	1969	715	1887	43586	5.1	5.212155279	0.112155279	2.011320492
The Old Man & the Gun	tt2837574	2018	574	347	604	1511	4434	13392	18981	8808	2144	1488	52283	6.7	6.678136297	-0.021863703	1.444493968
The Omega Man	tt0067525	1971	568	403	843	1665	3758	8242	10391	5246	1980	2738	35834	6.4	6.661550483	0.261550483	1.799025807
The Omen	tt0075005	1976	957	514	915	2045	5565	15926	40518	45940	17883	14645	144908	7.5	7.555373064	0.055373064	1.49325393
The Omen	tt0466909	2006	2889	2002	3617	6928	13787	16909	10250	4581	1689	3328	65980	5.5	5.649045165	0.149045165	2.012424803
The One	tt0267804	2001	1908	1967	3719	7934	17659	28453	20559	9018	3178	4842	99237	5.9	6.054465572	0.154465572	1.808166156
The One I Love	tt2756032	2014	526	306	493	995	2715	7976	16160	11571	3677	2223	46642	7	7.054564556	0.054564556	1.524596851
The Open House	tt7608028	2018	12787	6031	5666	5233	3866	2390	1329	633	247	1028	39210	3.3	3.145090538	-0.154909462	2.229606214
The Order	tt26625693	2024	847	338	551	1126	3733	13934	23871	10229	2117	2349	59095	6.8	6.79280819	-0.00719181	1.448914289
The Orphanage	tt0464141	2007	1445	804	1338	2764	7156	19565	46359	51382	22864	15961	169638	7.4	7.499781888	0.099781888	1.555987203
The Other Boleyn Girl	tt0467200	2008	1488	985	1691	4028	10710	28194	40181	22245	7961	8502	125985	6.7	6.852030004	0.152030004	1.643715237
The Other Guys	tt1386588	2010	3956	3271	5466	11615	28227	66018	92035	54282	20671	20807	306348	6.7	6.800139058	0.100139058	1.720761953
The Other Woman	tt2203939	2014	3535	3049	5300	9789	22185	41461	35539	18621	7821	12183	159483	6	6.36017632	0.36017632	1.941008637
The Others	tt0230600	2001	2623	1487	2424	5062	13658	39861	106872	139843	64289	46189	422308	7.6	7.690860699	0.090860699	1.477240686
The Ottoman Lieutenant	tt4943322	2017	3648	381	508	837	1767	3171	3432	1876	1233	10246	27099	6.4	7.001439167	0.601439167	3.131759463
The Out-Laws	tt11274492	2023	1707	1569	2487	4330	9146	10658	6221	2507	801	1494	40920	5.4	5.499902248	0.099902248	1.938445208
The Outfit	tt14114802	2022	543	303	474	1003	3219	11418	29859	24164	8123	5466	84572	7.2	7.346142931	0.146142931	1.391468267
The Outlaw Josey Wales	tt0075029	1976	608	199	356	679	2119	6241	18742	28836	14550	13321	85651	7.8	7.926037057	0.126037057	1.477057253
The Outpost	tt3833480	2019	866	318	535	1038	2782	8810	15554	8999	3033	5114	47049	6.8	7.084868966	0.284868966	1.748174882
The Outsider	tt2011311	2018	593	452	873	1653	3785	7720	8412	4373	1481	1931	31273	6.3	6.474594698	0.174594698	1.81833617
The Outsiders	tt0086066	1983	1038	601	1027	2440	6285	16297	31794	22920	9818	15775	107995	7	7.373656188	0.373656188	1.724895873
The Ox-Bow Incident	tt0036244	1943	869	160	203	281	733	1574	4420	8587	5616	4441	26884	8	7.83443684	-0.16556316	1.908014472
The Oxford Murders	tt0488604	2008	638	694	1079	2170	4705	9048	7549	3417	1166	1312	31778	6	6.153596828	0.153596828	1.792517604
The Pacifier	tt0395699	2005	3041	3071	5527	10409	20819	26868	17567	8314	3216	7078	105910	5.6	5.8720423	0.2720423	2.011777157
The Pact	tt2040560	2012	846	738	1264	2514	4908	6664	4912	2299	798	1336	26279	5.7	5.860649188	0.160649188	1.964887932
The Pagemaster	tt0110763	1994	663	509	979	1919	3987	6188	5513	3160	1347	3201	27466	6.2	6.457474696	0.257474696	2.098405855
The Painted Veil	tt0446755	2006	581	361	539	1197	3320	10468	27627	29885	13763	11687	99428	7.4	7.646960615	0.246960615	1.492871854
The Pale Blue Eye	tt14138650	2022	952	791	1537	3778	11589	33693	48260	24120	7063	6892	138675	6.6	6.819015684	0.219015684	1.477064208
The Paperboy	tt1496422	2012	1805	1175	1948	3742	7492	10186	7836	3895	1360	2139	41578	5.7	5.84888643	0.14888643	2.038942806
The Parent Trap	tt0055277	1961	251	146	284	583	1646	3893	7209	5206	2555	4254	26027	7.2	7.413877896	0.213877896	1.777266502
The Parent Trap	tt0120783	1998	1711	1470	2757	6451	16566	36036	43794	27873	12607	21713	170978	6.7	7.006205477	0.306205477	1.836291029
The Party	tt0063415	1968	442	370	541	987	2182	5034	10789	12660	6736	6751	46492	7.4	7.588488342	0.188488342	1.739807191
The Passenger	tt0073580	1975	364	245	386	668	1454	2962	6394	7735	4456	3726	28390	7.4	7.528284607	0.128284607	1.793966698
The Passion of Joan of Arc	tt0019254	1928	2752	876	965	1304	2444	4335	9423	15990	11573	17644	67306	8.1	7.804995097	-0.295004903	2.246662782
The Passion of the Christ	tt0335345	2004	14244	4269	5291	7585	14096	26229	49820	48058	29713	68986	268291	7.3	7.407367373	0.107367373	2.440773793
The Past	tt2404461	2013	1467	353	368	627	1481	4043	11070	16034	8229	8554	52226	7.7	7.712844177	0.012844177	1.8695234
The Patriot	tt0187393	2000	4884	2654	4056	7140	16404	39615	85716	78044	36964	34545	310022	7.2	7.332124817	0.132124817	1.777187076
The Peacemaker	tt0119874	1997	1470	930	1848	4485	11869	20574	14748	6058	1875	2189	66046	6	6.057414529	0.057414529	1.690453098
The Peanut Butter Falcon	tt4364194	2019	660	277	419	873	2621	10092	32655	40378	17482	12514	117971	7.6	7.745183138	0.145183138	1.37564075
The Peanuts Movie	tt2452042	2015	701	359	611	1272	3407	8528	16163	11530	4772	5583	52926	7	7.1930998	0.1930998	1.719501197
The Pelican Brief	tt0107798	1993	848	640	1244	3061	9038	26175	35608	16527	4950	4604	102695	6.6	6.742353571	0.142353571	1.487589722
The People Under the Stairs	tt0105121	1991	824	687	1217	2236	5034	10110	11018	6370	2346	3467	43309	6.4	6.568911774	0.168911774	1.895423209
The People vs. Larry Flynt	tt0117318	1996	955	446	714	1528	4550	13819	36068	29917	10107	6893	104997	7.3	7.309446937	0.009446937	1.464049613
The Perfect Date	tt8201170	2019	1191	1106	1899	4006	9003	12886	8856	3741	1273	1986	45947	5.8	5.891396609	0.091396609	1.843222204
The Perfect Host	tt1334553	2010	453	253	442	952	2504	6299	9758	5703	2020	2104	30488	6.7	6.87342561	0.17342561	1.687519956
The Perfect Man	tt0380623	2005	1331	1048	1849	3296	6940	7665	4709	2482	1035	2769	33124	5.5	5.816688806	0.316688806	2.155888681
The Perfect Score	tt0314498	2004	674	611	1234	2566	5977	7460	4465	1926	648	1539	27100	5.7	5.844723247	0.144723247	1.881627386
The Perfect Storm	tt0177971	2000	2662	2256	3990	8513	21232	49503	54846	27157	8469	8311	186939	6.5	6.509519148	0.009519148	1.664591299
The Perfection	tt7772580	2018	1880	1245	1937	3355	6618	13033	13413	6997	2327	2316	53121	6.2	6.190753186	-0.009246814	1.949368999
The Perks of Being a Wallflower	tt1659337	2012	4303	2023	3134	6211	14633	41473	107718	175674	121475	109964	586608	7.9	8.041027398	0.141027398	1.559718477
The Phantom	tt0117331	1996	1594	1781	3332	5920	8355	6956	4446	2146	805	1979	37314	5.1	5.297421879	0.197421879	2.095777143
The Phantom of the Opera	tt0293508	2004	2170	1398	2122	3760	7384	15255	28360	28304	17035	31487	137275	7.2	7.63401202	0.43401202	2.002190399
The Philadelphia Story	tt0032904	1940	1442	437	624	1164	2574	5814	13601	21024	14644	16579	77903	7.8	7.927589438	0.127589438	1.831060729
The Phoenician Scheme	tt30840798	2025	1148	695	999	2078	5119	12903	19325	11185	3238	3348	60038	6.6	6.733019088	0.133019088	1.715850759
The Physician	tt2101473	2013	1064	330	442	802	1956	5313	12822	12085	4979	4567	44360	7.2	7.32261046	0.12261046	1.792123669
The Pianist	tt0253474	2002	8977	2806	3531	5799	11788	28973	102689	273849	325406	235788	999606	8.5	8.480646375	-0.019353625	1.443978078
The Piano	tt0107822	1993	1649	970	1279	2114	4376	9976	22617	28385	15820	13130	100316	7.5	7.543133698	0.043133698	1.816005313
The Piano Teacher	tt0254686	2001	1442	796	1149	1807	3636	8286	18248	22138	12355	9148	79005	7.5	7.456743244	-0.043256756	1.837320273
The Pink Panther	tt0057413	1963	498	383	725	1496	3916	9629	19903	14136	5402	4944	61032	7	7.16417617	0.16417617	1.60110354
The Pink Panther	tt0383216	2006	4549	3244	5112	8716	16771	22359	17272	9107	3728	6954	97812	5.7	5.889849916	0.189849916	2.170044817
The Pink Panther 2	tt0838232	2009	2352	1642	2521	4652	9520	12576	8529	4044	1636	3630	51102	5.6	5.830339321	0.230339321	2.130399223
The Pink Panther Strikes Again	tt0075066	1976	289	155	338	693	1812	4848	11214	7950	3192	3642	34133	7.1	7.317815604	0.217815604	1.60630876
The Pirates! Band of Misfits	tt1430626	2012	779	425	813	1697	4798	11883	17623	9587	3032	3227	53864	6.7	6.790416605	0.090416605	1.648733651
The Place Beyond the Pines	tt1817273	2012	2403	1487	2603	5271	13669	39810	92950	88184	36360	23207	305944	7.3	7.376863086	0.076863086	1.519398156
The Platform	tt8228288	2019	4775	2610	4410	8239	20141	51511	104671	75425	28576	18557	318915	7	7.038875562	0.038875562	1.651854361
The Platform 2	tt27729779	2024	2764	2452	4364	7279	11121	9319	4592	1713	571	941	45116	4.9	4.916038656	0.016038656	1.920934989
The Player	tt0105151	1992	948	513	757	1384	3170	7736	17138	21272	10922	7494	71334	7.5	7.505915833	0.005915833	1.699722214
The Pledge	tt0237572	2001	1173	702	1287	2534	6461	16780	25168	13912	4801	3367	76185	6.7	6.745553587	0.045553587	1.63752526
The Polar Express	tt0338348	2004	3929	3263	5593	11727	27131	57699	71511	43030	18601	26606	269090	6.6	6.816592961	0.216592961	1.861167461
The Pope's Exorcist	tt13375076	2023	2019	1574	3030	6177	14564	27233	24605	11358	3694	6220	100474	6.1	6.307383005	0.207383005	1.827378692
The Poseidon Adventure	tt0069113	1972	446	318	526	1137	3036	8320	18128	12300	4353	4729	53293	7.1	7.206781378	0.106781378	1.580446013
The Possession	tt0431021	2012	1474	1331	2405	5264	11727	18036	12880	6164	2266	4018	65565	5.9	6.090200564	0.190200564	1.890231552
The Possession of Hannah Grace	tt5734576	2018	1152	1100	2160	3895	6853	6671	3840	1564	555	1217	29007	5.2	5.386975558	0.186975558	1.964442934
The Post	tt6294822	2017	2026	841	1293	2554	7687	24329	62015	47988	14128	7769	170630	7.2	7.179646018	-0.020353982	1.455806277
The Postman	tt0110877	1994	525	235	305	522	1220	2970	8287	13302	7580	6126	41072	7.8	7.835581418	0.035581418	1.653441177
The Postman	tt0119925	1997	3047	2255	3566	5689	10634	17577	17953	11041	4719	6182	82663	6.1	6.265596458	0.165596458	2.131074875
The Postman Always Rings Twice	tt0082934	1981	368	265	393	968	2590	7083	9031	4235	1220	1270	27423	6.6	6.643109798	0.043109798	1.590487958
The Poughkeepsie Tapes	tt1010271	2007	1321	908	1377	2308	4358	7029	6157	3570	1393	1979	30400	5.9	6.067434211	0.167434211	2.130915147
The Power of the Dog	tt10293406	2021	5867	3271	4794	7967	17069	36237	72493	44026	17784	10963	220471	6.8	6.761755514	-0.038244486	1.840984217
The Predator	tt3829266	2018	10534	7754	11904	18926	32388	35252	23200	10429	3438	6622	160447	5.3	5.322031574	0.022031574	2.134058304
The Prestige	tt0482571	2006	7099	2649	3684	7410	17366	51829	178771	424894	497128	374117	1564947	8.5	8.509402555	0.009402555	1.333725344
The Prince and Me	tt0337697	2004	1061	922	1754	3444	7352	11050	8099	4358	1920	3533	43493	5.9	6.188811993	0.288811993	2.011529103
The Prince of Egypt	tt0120794	1998	1503	892	1588	3414	9070	22966	43657	33674	18531	24341	159636	7.2	7.454665614	0.254665614	1.744214272
The Princess and the Frog	tt0780521	2009	1959	1021	1629	3542	9929	27389	55765	42846	18709	21055	183844	7.2	7.338226975	0.138226975	1.66105468
The Princess Bride	tt0093779	1987	5666	2171	3495	5498	12192	29790	75526	122660	98768	124623	480389	8	8.175226743	0.175226743	1.718109185
The Princess Diaries	tt0247638	2001	2286	2068	3820	8239	20620	41946	43903	26559	11452	18436	179329	6.4	6.763183869	0.363183869	1.86228273
The Princess Diaries 2: Royal Engagement	tt0368933	2004	2015	1942	3463	7538	17042	23177	16816	9937	4597	9499	96026	5.9	6.292910253	0.392910253	2.044774299
The Princess Switch	tt8954732	2018	782	683	1176	2194	5027	8937	7151	3704	1570	2963	34187	6.1	6.337438208	0.237438208	1.983354596
The Prodigy	tt4504044	2019	816	602	1116	2417	5719	8939	6444	2721	816	1240	30830	5.9	5.964482647	0.064482647	1.800451795
The Producers	tt0063462	1967	697	500	766	1269	3043	6869	14365	17445	9500	9673	64127	7.5	7.607482028	0.107482028	1.762258982
The Producers	tt0395251	2005	1531	1012	1429	2512	4960	8736	10208	7245	3560	5283	46476	6.4	6.657027283	0.257027283	2.165945113
The Professor	tt6865690	2018	802	441	706	1387	3220	7565	11374	7197	2916	5071	40679	6.7	7.005776937	0.305776937	1.911429613
The Professor and the Madman	tt5932728	2019	603	230	410	954	2330	6776	15998	14988	6640	5551	54480	7.2	7.444475037	0.244475037	1.599872635
The Prom	tt10161886	2020	1842	1038	1512	2395	4328	6050	5253	3396	1581	2983	30378	5.9	6.056093225	0.156093225	2.371720683
The Promise	tt4776998	2016	71672	799	477	783	1859	4382	6041	4609	3147	86394	180163	6.1	6.021447245	-0.078552755	4.24654615
The Promised Land	tt20561198	2023	215	69	106	212	670	2543	10271	15345	5784	3580	38795	7.7	7.801005284	0.101005284	1.285442631
The Prophecy	tt0114194	1995	590	456	859	1694	3928	8034	9380	5270	2246	2775	35232	6.4	6.655398501	0.255398501	1.848795936
The Proposal	tt1041829	2009	2852	2621	5041	11969	32572	82271	118544	69870	29921	35595	391256	6.8	7.007141105	0.207141105	1.660677146
The Proposition	tt0421238	2005	568	397	566	1110	2824	7089	15719	16062	7754	5386	57475	7.3	7.417642453	0.117642453	1.633349581
The Protector	tt0427954	2005	657	375	606	1105	2542	5731	11867	8248	3713	5544	40388	7	7.245988908	0.245988908	1.85597697
The Protégé	tt6079772	2021	813	525	927	2295	6122	12935	10729	4465	1284	1805	41900	6.1	6.264272076	0.164272076	1.681512153
The Prototype	tt1754700	2022	419	168	88	36	134	1992	14067	11147	8460	11044	47555	2.3	8.159184103	5.859184103	1.479038439
The Punisher	tt0330793	2004	2915	2450	4651	9311	20007	40689	47844	26554	9709	14846	178976	6.4	6.628609422	0.228609422	1.860387108
The Punisher	tt0098141	1989	885	834	1532	2902	5526	6869	4323	2115	847	2239	28072	5.6	5.870440296	0.270440296	2.086014979
The Purge	tt2184339	2013	7859	6703	12109	22840	47214	71040	51084	21651	7039	10248	257787	5.8	5.849360131	0.049360131	1.879294561
The Purge: Anarchy	tt2975578	2014	2572	1830	3471	7671	19144	44819	51162	23695	7644	9381	171389	6.4	6.548045674	0.148045674	1.687412708
The Purge: Election Year	tt4094724	2016	2908	1989	3615	7485	18493	35988	27193	11314	3557	5400	117942	6	6.129623035	0.129623035	1.781637989
The Purple Rose of Cairo	tt0089853	1985	543	254	390	767	2201	5956	14750	18731	8579	6544	58715	7.6	7.626313548	0.026313548	1.559047435
The Pursuit of Happyness	tt0454921	2006	3629	1601	2425	4519	11695	34695	105500	204439	130424	112106	611033	8	8.130027347	0.130027347	1.45098354
The Pyramid	tt2799166	2014	1833	2073	3348	5070	6464	4838	2504	1090	390	1189	28799	4.7	4.836938783	0.136938783	2.09429646
The Queen	tt0436697	2006	1387	597	930	1911	5087	15687	37756	33890	12962	8935	119142	7.3	7.335717044	0.035717044	1.548536519
The Quest	tt0117420	1996	878	906	1603	3073	5975	7170	4740	2260	966	2226	29797	5.6	5.869718428	0.269718428	2.062295417
The Quick and the Dead	tt0114214	1995	1321	1208	2230	4913	12364	28418	33731	16545	5080	5639	111449	6.5	6.576945509	0.076945509	1.649399594
The Quiet American	tt0258068	2002	286	206	296	638	1765	4922	10407	7808	2786	1785	30899	7	7.143661607	0.143661607	1.529536227
The Quiet Earth	tt0089869	1985	453	271	487	977	2516	6004	8844	5693	2166	1746	29157	6.7	6.837946291	0.137946291	1.707854879
The Quiet Girl	tt15109082	2022	215	93	136	292	764	2219	6179	9506	4877	3381	27662	7.7	7.812703348	0.112703348	1.488864419
The Quiet Man	tt0045061	1952	757	414	487	865	1879	3877	7612	10543	6951	11939	45324	7.7	7.915011914	0.215011914	1.95046339
The Raid 2	tt2265171	2014	1400	507	744	1491	3547	9161	24601	39460	27950	29102	137963	7.9	8.072947095	0.172947095	1.628996086
The Raid: Redemption	tt1899353	2011	2048	1129	1719	3204	7592	19439	51523	71954	37260	32361	228229	7.6	7.764639901	0.164639901	1.603610345
The Railway Man	tt2058107	2013	414	237	361	858	2286	6799	14882	11074	4250	3106	44267	7.1	7.222151942	0.122151942	1.533621142
The Rainmaker	tt0119978	1997	479	232	477	1142	3807	12986	34582	23290	7425	5344	89764	7.2	7.26964039	0.06964039	1.350555078
The Raven	tt1486192	2012	1084	945	1850	4417	10644	23362	25852	12602	4223	5085	90064	6.4	6.55335095	0.15335095	1.683426108
The Reader	tt0976051	2008	2235	1065	1785	3452	9036	25889	69833	90536	41762	26792	272385	7.6	7.639697487	0.039697487	1.503826171
The Reaping	tt0444682	2007	1475	1380	2465	4486	9107	11766	7802	3755	1293	2327	45856	5.6	5.784760991	0.184760991	1.968886717
The Rebound	tt1205535	2009	778	667	1090	2541	6498	14341	13909	6461	2574	3204	52063	6.3	6.498645871	0.198645871	1.741151778
The Recruit	tt0292506	2003	966	712	1646	4155	13265	38570	52912	22784	6160	5506	146676	6.6	6.714452262	0.114452262	1.413262087
The Red Sea Diving Resort	tt4995776	2019	1131	304	434	970	2633	7699	11484	5469	1807	2666	34597	6.6	6.744602133	0.144602133	1.83628168
The Red Shoes	tt0040725	1948	630	275	390	620	1551	2860	6258	11130	8730	10368	42812	8.1	8.054774362	-0.045225638	1.822330491
The Red Turtle	tt3666024	2016	353	206	364	703	1741	4674	10753	12556	6011	4105	41466	7.5	7.531133941	0.031133941	1.579855599
The Red Violin	tt0120802	1998	503	233	311	550	1287	3093	7120	10137	6439	5837	35510	7.6	7.782371163	0.182371163	1.750352807
The Ref	tt0110955	1994	338	179	364	810	2102	5089	8284	5674	2646	3030	28516	6.9	7.138658998	0.238658998	1.739009398
The Relic	tt0120004	1997	792	824	1534	3016	6083	8416	6134	2896	876	1675	32246	5.8	5.915679464	0.115679464	1.905747259
The Remains of the Day	tt0107943	1993	753	355	579	1043	2725	7199	19757	30617	16094	12425	91547	7.8	7.826821196	0.026821196	1.539488958
The Rental	tt10003008	2020	1479	1205	2033	4068	8759	12473	8047	2991	746	1011	42812	5.7	5.652013454	-0.047986546	1.790841304
The Replacement Killers	tt0120008	1998	568	517	928	2021	4713	8875	7350	3696	1252	1840	31760	6.1	6.296316121	0.196316121	1.806767587
The Replacements	tt0191397	2000	720	659	1260	2810	7067	16339	21438	12218	4791	6428	73730	6.6	6.857941137	0.257941137	1.72817448
The Report	tt8236336	2019	626	232	282	635	2091	7597	21380	15861	4438	2720	55862	7.2	7.235741649	0.035741649	1.400159559
The Rescuers	tt0076618	1977	433	363	667	1717	5265	15586	26341	13337	4501	6229	74439	6.9	7.035975765	0.135975765	1.53213979
The Rescuers Down Under	tt0100477	1990	400	256	531	1331	4053	10888	16958	8707	3197	4269	50590	6.8	6.982545958	0.182545958	1.592369901
The Resident	tt1334102	2011	988	1097	1905	3916	7539	7705	3973	1616	511	1246	30496	5.3	5.452649528	0.152649528	1.885695985
The Return	tt0376968	2003	637	341	344	573	1242	3096	8539	15407	10619	8430	49228	7.9	7.969631104	0.069631104	1.672202794
The Return of the Living Dead	tt0089907	1985	851	529	835	1657	3725	9840	20299	18465	8264	11938	76403	7.3	7.490229441	0.190229441	1.763019037
The Return of the Pink Panther	tt0072081	1975	247	155	285	646	1928	5144	11582	6852	2475	2732	32046	7	7.176714723	0.176714723	1.543424231
The Revenant	tt1663202	2015	6853	3762	5631	9704	22548	62288	176825	313018	207649	127882	936160	8	7.953911724	-0.046088276	1.502493133
The Ridiculous 6	tt2479478	2015	5487	3653	4684	6942	10548	10786	7244	3550	1418	3497	57809	4.9	5.170630871	0.270630871	2.37651323
The Right Stuff	tt0086197	1983	866	343	478	835	2398	5476	13429	20807	12618	11263	68513	7.8	7.849940887	0.049940887	1.678983071
The Ring	tt0178868	1998	834	556	840	1780	4518	11686	26097	22201	9068	7215	84795	7.2	7.292187039	0.092187039	1.608227271
The Ring	tt0298130	2002	4423	2969	4884	9688	24003	61782	125807	94313	37830	32938	398637	7.1	7.17312994	0.07312994	1.651081178
The Ring Two	tt0377109	2005	3530	3579	6247	12657	24453	25748	14761	6548	2454	5250	105227	5.4	5.579433035	0.179433035	1.962443669
The Ringer	tt0267891	2005	1155	1045	1723	3235	6750	10303	7847	3985	1424	2945	40412	5.8	6.087226566	0.287226566	2.015796704
The Rite	tt1161864	2011	1823	1750	3518	7570	17166	29356	23263	11359	4122	5730	105657	6	6.210984601	0.210984601	1.808213666
The Ritual	tt5638642	2017	2002	1562	3033	6791	17299	37673	40821	19499	5754	5064	139498	6.4	6.437991943	0.037991943	1.632282136
The River Wild	tt0110997	1994	433	366	861	2059	6048	15940	16620	6997	1945	2287	53556	6.5	6.54557846	0.04557846	1.506081054
The Road	tt0898367	2009	3053	1981	3045	5870	13840	36908	79832	72490	30288	20714	268021	7.2	7.270900415	0.070900415	1.631770031
The Road to El Dorado	tt0138749	2000	778	489	1070	2767	8255	22477	37314	22917	9333	12294	117694	6.9	7.168096929	0.268096929	1.610660455
The Road Warrior	tt0082694	1981	1271	824	1367	2750	7261	20592	54733	67982	29083	25554	211417	7.6	7.672755739	0.072755739	1.508710418
The Rock	tt0117500	1996	2703	1892	3089	6149	15691	43696	108857	110357	46059	38402	376895	7.4	7.493829847	0.093829847	1.548838604
The Rocker	tt1031969	2008	855	543	1065	2351	5760	10950	10603	4780	1653	2539	41099	6.2	6.369206063	0.169206063	1.8086048
The Rocketeer	tt0102803	1991	696	617	1202	2882	7457	16077	17770	10017	3755	4663	65136	6.6	6.690033161	0.090033161	1.7182424
The Rocky Horror Picture Show	tt0073629	1975	4234	2433	3236	4892	9297	18614	36774	39711	23821	38661	181673	7.4	7.555608153	0.155608153	2.087569008
The Rookie	tt0265662	2002	397	191	339	791	2346	7217	13807	7955	3043	2864	38950	6.9	7.093915276	0.193915276	1.551618191
The Rookie	tt0100514	1990	525	534	1031	2391	6368	10326	6097	2197	679	1278	31426	5.9	5.956596449	0.056596449	1.675930951
The Room	tt8485364	2019	610	428	813	1621	3948	7809	6338	2687	830	1016	26100	6.1	6.148467433	0.048467433	1.751701495
The Room	tt0368226	2003	33305	12961	9164	5369	4808	2860	3021	3174	2398	22114	99174	3.6	4.423094763	0.823094763	3.611176423
The Room Next Door	tt29439114	2024	508	316	458	945	2098	5370	8256	5405	1871	1404	26631	6.8	6.793398671	-0.006601329	1.735097261
The Roommate	tt1265990	2011	2376	2522	4107	7039	10002	7790	4248	2080	862	2397	43423	4.8	5.129792967	0.329792967	2.149733758
The Roses	tt31973693	2025	706	448	720	1490	3783	10039	15562	8795	2604	2052	46199	6.7	6.756012035	0.056012035	1.622695062
The Rover	tt2345737	2014	1575	1039	1580	2959	6138	12351	14386	8401	2873	2622	53924	6.4	6.398115867	-0.001884133	1.903818468
The Royal Tenenbaums	tt0265666	2001	4194	2543	3643	6044	12715	29376	70815	94768	55459	50396	329953	7.6	7.701569617	0.101569617	1.754122288
The Ruins	tt0963794	2008	2461	2223	3990	7537	15391	23823	18916	8758	2875	4347	90321	5.9	5.986857984	0.086857984	1.905371528
The Rules of Attraction	tt0292644	2002	1863	1121	1502	2709	4965	8928	12736	10248	5147	5916	55135	6.6	6.79167498	0.19167498	2.14630292
The Rules of the Game	tt0031885	1939	934	254	333	604	1240	2673	5589	7928	6013	7564	33132	7.9	7.829258723	-0.070741277	2.023399357
The Rum Diary	tt0376136	2011	2857	1639	3132	6768	15984	29842	27058	12352	4070	6155	109857	6.1	6.262477584	0.162477584	1.842402728
The Runaways	tt1017451	2010	1065	554	910	2045	5065	12253	15226	7655	2951	4691	52415	6.5	6.738853382	0.238853382	1.831262005
The Rundown	tt0327850	2003	1088	786	1569	3937	10852	27908	50431	30172	8247	12433	147423	6.6	7.039396838	0.439396838	1.574570302
The Running Man	tt0093894	1987	1449	1333	2888	6773	17631	44039	60835	31434	9905	11070	187357	6.6	6.775418052	0.175418052	1.581242233
The Running Man	tt14107334	2025	1182	690	1215	2414	6183	14311	21529	8101	2261	2485	60371	6.4	6.5156118	0.1156118	1.655005488
The Sabarmati Report	tt30889755	2024	1478	139	122	155	347	578	1765	5165	7821	7888	25458	6.4	8.28380077	1.88380077	2.237767325
The Sacrifice	tt0091670	1986	590	424	519	672	1319	2387	5135	8614	6921	7856	34437	7.9	7.907367076	0.007367076	1.961593284
The Sadness	tt13872248	2021	836	444	679	1232	2768	5790	7017	3968	1389	1322	25445	6.5	6.439496954	-0.060503046	1.916325677
The Saint	tt0120053	1997	1379	1245	2203	4583	10047	19475	18836	10018	3845	5249	76880	6.2	6.438423517	0.238423517	1.857725482
The Salesman	tt5186714	2016	2162	442	417	816	1880	5024	14626	20931	10503	11421	68222	7.7	7.705315001	0.005315001	1.903691228
The Salt of the Earth	tt3674140	2014	165	63	93	116	310	921	2804	6929	7534	6155	25090	8.4	8.470546034	0.070546034	1.417489442
The Salton Sea	tt0235737	2002	398	203	372	810	1941	4679	9846	8326	3548	3075	33198	7	7.264021929	0.264021929	1.673457293
The Salvation	tt2720680	2014	416	237	467	1137	3436	10784	17194	7910	2127	2177	45885	6.7	6.82737278	0.12737278	1.459785666
The Sandlot	tt0108037	1993	655	344	601	1224	3436	9130	23280	33563	17504	23211	112948	7.8	7.978113822	0.178113822	1.57479409
The Santa Clause	tt0111070	1994	1693	1426	2799	6215	15302	33052	38112	23052	9490	15727	146868	6.6	6.853119808	0.253119808	1.828363284
The Santa Clause 2	tt0304669	2002	1544	1607	2915	6258	13909	17447	11993	6164	2478	5116	69431	5.8	6.041782489	0.241782489	1.972640858
The Santa Clause 3: The Escape Clause	tt0452681	2006	2919	2622	4472	7352	10072	7639	4532	2354	991	3421	46374	4.9	5.193988011	0.293988011	2.28503311
The Savages	tt0775529	2007	406	205	374	762	2079	6070	13284	10780	3564	2157	39681	7.1	7.174088355	0.074088355	1.507837368
The School for Good and Evil	tt2935622	2022	1789	1162	1909	3052	6184	9098	7733	4399	1912	4072	41310	5.9	6.168167514	0.268167514	2.229919745
The Science of Sleep	tt0354899	2006	1258	833	1013	1791	3699	8367	17355	18120	10247	9320	72003	7.2	7.412080052	0.212080052	1.872153999
The Score	tt0227445	2001	866	548	1148	2937	9462	30417	55317	27611	7664	6195	142165	6.8	6.935595962	0.135595962	1.381622999
The Scorpion King	tt0277296	2002	3707	4042	8140	16801	34393	40511	23170	9394	3139	7532	150829	5.5	5.697571422	0.197571422	1.870863637
The Sea Beast	tt9288046	2022	702	295	554	1086	3219	10464	22880	14598	4914	5588	64300	7	7.204152411	0.204152411	1.560065024
The Sea Inside	tt0369702	2004	1231	343	435	810	1858	5139	15140	29818	19122	14531	88427	7.9	8.012462257	0.112462257	1.599228359
The Searchers	tt0049730	1956	2163	693	932	1672	3928	8682	18762	26585	17110	22130	102657	7.8	7.832578392	0.032578392	1.905103123
The Second Best Exotic Marigold Hotel	tt2555736	2015	434	282	534	1318	3673	9608	11757	5658	2053	2174	37491	6.5	6.712677709	0.212677709	1.614492945
The Secret Garden	tt0108071	1993	372	303	420	942	2605	6445	13290	11087	5100	7323	47887	7.3	7.487564475	0.187564475	1.703986451
The Secret in Their Eyes	tt1305806	2009	2318	849	1076	1831	4303	11324	36157	75576	62089	43827	239350	8.2	8.183852099	-0.016147901	1.515646252
The Secret Life of Bees	tt0416212	2008	577	203	269	529	1389	3765	8150	7176	3396	4071	29525	7.2	7.423302286	0.223302286	1.806422179
The Secret Life of Pets	tt2709768	2016	1978	2078	3952	9056	24876	61540	70358	33570	11409	14066	232883	6.5	6.665325507	0.165325507	1.616654033
The Secret Life of Pets 2	tt5113040	2019	914	823	1441	3086	8853	21502	21972	9830	3405	5083	76909	6.4	6.584704001	0.184704001	1.680349433
The Secret Life of Walter Mitty	tt0359950	2013	2925	1832	3074	6395	16303	43352	96474	101998	50533	43506	366392	7.3	7.544315924	0.244315924	1.613226466
The Secret of Kells	tt0485601	2009	337	158	268	545	1454	3803	9880	12129	6264	5557	40395	7.5	7.720336675	0.220336675	1.582286424
The Secret of My Success	tt0093936	1987	379	293	594	1532	4198	10289	11263	5629	2034	2890	39101	6.5	6.717935603	0.217935603	1.662018246
The Secret of NIMH	tt0084649	1982	428	210	380	700	2190	5454	12046	13746	6318	7789	49261	7.5	7.663344228	0.163344228	1.653592041
The Secret World of Arrietty	tt1568921	2010	644	283	485	1001	3160	10666	32502	38087	15277	13103	115208	7.6	7.700836747	0.100836747	1.415609323
The Sentinel	tt0443632	2006	780	641	1285	3344	8682	19949	14866	5209	1330	1772	57858	6.1	6.184468872	0.084468872	1.541236894
The Serpent and the Rainbow	tt0096071	1988	432	366	845	1761	3522	7170	8098	4238	1364	1590	29386	6.4	6.470394065	0.070394065	1.76065504
The Sessions	tt1866249	2012	541	231	399	760	2065	6287	15266	12445	4283	2611	44888	7.2	7.226118339	0.026118339	1.520703168
The Seven Year Itch	tt0048605	1955	372	323	566	1166	2979	7373	15199	10366	3660	3770	45774	7	7.13230218	0.13230218	1.608592121
The Seventh Seal	tt0050976	1957	4111	1564	1915	2992	6857	13335	32141	55348	45494	50187	213944	8.1	8.031699884	-0.068300116	1.868216645
The Shack	tt2872518	2017	2569	1237	1615	2128	3620	5801	6768	5853	3768	8797	42156	6.3	6.817250213	0.517250213	2.610945164
The Shadow	tt0111143	1994	639	638	1048	2215	4397	6706	5978	3293	1332	2548	28794	6.1	6.313745919	0.213745919	2.02392198
The Shallows	tt4052882	2016	2507	2159	3891	7743	19020	42344	43501	18561	5625	6996	152347	6.3	6.38157627	0.08157627	1.700143376
The Shape of Water	tt5580390	2017	10262	5246	7498	12477	26639	62716	128223	124786	57974	35061	470882	7.3	7.158634223	-0.141365777	1.821603789
The Shawshank Redemption	tt0111161	1994	43913	5631	6121	8328	17753	34648	116522	370102	813623	1726690	3143331	9.3	9.1525455	-0.1474545	1.449085895
The Shining	tt0081505	1980	8839	4491	6501	11085	23752	58268	163075	334339	327750	270885	1208985	8.4	8.291971364	-0.108028636	1.536124714
The Shipping News	tt0120824	2001	469	294	540	1245	3077	6997	10496	6945	2618	1973	34654	6.7	6.849079471	0.149079471	1.679691286
The Shootist	tt0075213	1976	275	121	173	335	919	2684	6990	8968	4167	4324	28956	7.6	7.752866418	0.152866418	1.590069251
The Shop Around the Corner	tt0033045	1940	524	132	282	309	963	2629	8002	14522	8599	7730	43692	8	8.018401538	0.018401538	1.580296884
The Siege	tt0133952	1998	1221	881	1518	3661	10287	24247	23875	10483	3054	3073	82300	6.4	6.419234508	0.019234508	1.60199116
The Siege of Jadotville	tt3922798	2016	311	156	229	547	1712	6417	16935	13456	4369	3468	47600	7.2	7.368781513	0.168781513	1.394921424
The Signal	tt2910814	2014	1916	1564	2639	5256	11208	18906	17041	8185	2750	2814	72279	6	6.102989803	0.102989803	1.851210727
The Silence	tt7315484	2019	2453	2277	3762	6453	12024	13874	8280	3312	991	1731	55157	5.4	5.405551426	0.005551426	1.942419453
The Silence of the Lambs	tt0102926	1991	7500	3189	4161	7270	16853	47444	179191	473972	554517	400706	1694803	8.6	8.536801032	-0.063198968	1.306350576
The Silencing	tt7149730	2020	553	315	689	1521	4914	12443	11321	3991	1051	1336	38134	6.3	6.360623066	0.060623066	1.529650066
The Simpsons Movie	tt0462538	2007	5093	2030	3212	6587	17753	48212	105368	90674	36907	45785	361621	7.3	7.400441346	0.100441346	1.709161985
The Sisterhood of the Traveling Pants	tt0403508	2005	1410	862	1376	2960	6773	13914	18304	10117	4493	7656	67865	6.5	6.81517719	0.31517719	1.94468011
The Sisterhood of the Traveling Pants 2	tt1018785	2008	1027	517	833	1806	4175	8260	6809	3577	1611	3178	31793	6.2	6.44094612	0.24094612	2.046310343
The Sisters Brothers	tt4971344	2018	937	525	867	1777	4955	13738	27816	17362	4503	2416	74896	6.9	6.905495621	0.005495621	1.492035951
The Sitter	tt1366344	2011	2142	2028	3564	7024	14865	20708	13484	5565	1851	3300	74531	5.6	5.797936429	0.197936429	1.879200818
The Six Triple Eight	tt24458622	2024	2112	591	576	899	1979	4497	7458	5616	2624	4478	30830	6.7	6.844794032	0.144794032	2.39067856
The Sixth Sense	tt0167404	1999	6638	3333	4411	7986	19684	59992	187613	377616	281178	181537	1129988	8.2	8.139063424	-0.060936576	1.418442911
The Skeleton Key	tt0397101	2005	1507	1237	2440	5466	13785	30465	38723	21143	7666	8102	130534	6.5	6.703992829	0.203992829	1.688839764
The Skeleton Twins	tt1571249	2014	619	356	623	1358	3665	9234	15677	9492	3083	2497	46604	6.8	6.882520814	0.082520814	1.610813894
The Skin I Live In	tt1189073	2011	2177	1068	1562	2733	6342	16327	43601	59033	28623	17007	178473	7.6	7.590789643	-0.009210357	1.606575094
The Skulls	tt0192614	2000	1009	1009	1824	3499	7018	9132	6128	2702	973	1674	34968	5.6	5.787748799	0.187748799	1.92593633
The Smashing Machine	tt11214558	2025	974	382	601	1196	3440	8517	16206	13790	4851	4462	54419	6.4	7.142137856	0.742137856	1.712147332
The Smurfs	tt0472181	2011	4965	3968	6004	10328	20111	23921	15836	7530	2919	7715	103297	5.4	5.719614316	0.319614316	2.179365495
The Smurfs 2	tt2017020	2013	3056	2097	2935	5158	10484	11006	6674	3038	1358	4125	49931	5.3	5.600468647	0.300468647	2.266805848
The Snowman	tt1758810	2017	3499	3987	6347	9732	16840	18347	10720	3845	1191	1981	76489	5.2	5.230203036	0.030203036	1.938234713
The Social Dilemma	tt11464826	2020	918	473	690	1379	3460	8936	22062	28617	14523	12519	93577	7.6	7.690276457	0.090276457	1.621026859
The Social Network	tt1285016	2010	7699	3633	4387	8644	23649	72100	201478	261275	136192	91071	810128	7.8	7.715485701	-0.084514299	1.528873381
The Soloist	tt0821642	2009	819	471	781	1714	4827	12698	18370	9883	3425	3576	56564	6.7	6.815677816	0.115677816	1.655559588
The Sorcerer's Apprentice	tt0963966	2010	2882	2622	5226	11675	26424	48370	41870	19536	6836	10291	175732	6.1	6.297407416	0.197407416	1.792780474
The Sound of Music	tt0059742	1965	3428	1673	2283	3671	8109	18449	44655	77488	54031	73834	287621	8.1	8.124072999	0.024072999	1.74954903
The Space Between Us	tt3922818	2017	1031	871	1532	2793	6511	13538	15780	8501	3339	4527	58423	6.4	6.608921144	0.208921144	1.858480394
The Spanish Apartment	tt0283900	2002	450	250	380	774	1911	5406	12907	12471	5627	3684	43860	7.3	7.404856361	0.104856361	1.580017014
The Spanish Prisoner	tt0120176	1997	466	328	405	657	1773	3639	7435	7118	3319	2148	27288	7.1	7.18279097	0.08279097	1.784709641
The Specialist	tt0111255	1994	1786	1852	3679	8046	16814	19741	11816	4564	1515	3161	72974	5.6	5.696494642	0.096494642	1.828399351
The Spectacular Now	tt1714206	2013	1675	1170	1972	4172	10809	29156	54232	39096	14452	10833	167567	7	7.080093336	0.080093336	1.591396495
The Spiderwick Chronicles	tt0416236	2008	1167	777	1659	4047	11090	27493	33189	15898	5430	7342	108092	6.5	6.717342634	0.217342634	1.641678552
The Spirit	tt0831887	2008	5788	4691	6722	9659	12034	10638	6972	3494	1375	2722	64095	4.7	4.90398627	0.20398627	2.271838373
The SpongeBob Movie: Sponge on the Run	tt4823776	2020	814	581	1022	1911	4012	6648	4721	2097	784	2480	25070	5.9	6.155285201	0.255285201	2.092256434
The SpongeBob Movie: Sponge Out of Water	tt2279373	2015	2211	1409	2388	4624	10007	17811	13654	6231	2141	6261	66737	6	6.216866206	0.216866206	2.058171256
The SpongeBob SquarePants Movie	tt0345950	2004	1671	786	1243	2419	6298	15993	31903	23491	9954	17272	111030	7.2	7.364234891	0.164234891	1.817282408
The Spy Next Door	tt1273678	2010	1564	1464	2738	5161	11099	12674	7298	3002	1130	3027	49157	5.5	5.704802978	0.204802978	1.979086461
The Spy Who Dumped Me	tt6663582	2018	2199	1571	2645	5473	12831	23981	20102	9409	3271	5045	86527	6.1	6.230240272	0.130240272	1.868071929
The Spy Who Loved Me	tt0076752	1977	760	453	924	2259	6782	21090	46642	26412	8887	8968	123177	7	7.155369915	0.155369915	1.457647556
The Square	tt4995790	2017	1431	912	1211	2165	4876	11363	23621	22418	9553	4599	82149	7.1	7.118333759	0.018333759	1.726668274
The Squid and the Whale	tt0367089	2005	969	644	971	1811	4384	12152	27980	27451	11233	6680	94275	7.3	7.325494564	0.025494564	1.578912908
The Stanford Prison Experiment	tt0420293	2015	548	246	473	1189	3378	10082	17197	9630	2894	2214	47851	6.8	6.900629036	0.100629036	1.505132224
The Station Agent	tt0340377	2003	801	289	434	864	2334	6998	19522	26506	12509	8201	78458	7.6	7.686762344	0.086762344	1.516620351
The Stepfather	tt0814335	2009	1754	1119	2078	4185	8811	11330	7143	2843	968	1966	42197	5.6	5.690404531	0.090404531	1.951185527
The Stepford Wives	tt0327162	2004	2863	2720	4966	9175	16664	17425	10560	4468	1481	2756	73078	5.4	5.450669148	0.050669148	1.946777586
The Sting	tt0070735	1973	2594	1048	1216	2374	5109	13122	44578	94844	77304	55280	297469	8.2	8.207393039	0.007393039	1.491674942
The Story of Us	tt0160916	1999	744	637	1220	2255	4361	6552	4720	2607	1178	1670	25944	6	6.051996608	0.051996608	2.017088242
The Straight Story	tt0166896	1999	2071	538	766	1145	2961	6843	18847	34651	21918	17679	107419	8	7.904346531	-0.095653469	1.7336146
The Stranger	tt0038991	1946	181	84	185	415	1319	3748	10125	9486	2911	2038	30492	7.3	7.378623901	0.078623901	1.396169592
The Stranger	tt11897478	2022	590	368	588	1161	2743	6526	9657	5529	1655	1117	29934	6.6	6.631288835	0.031288835	1.694302897
The Strangers	tt0482606	2008	5452	3930	6126	10485	19887	34405	35050	21005	8565	10984	155889	6.1	6.28530557	0.18530557	2.081413421
The Strangers: Chapter 1	tt22050754	2024	2905	1995	2796	4557	5902	4460	2355	1008	342	1055	27375	4.7	4.67426484	-0.02573516	2.196512339
The Strangers: Prey at Night	tt1285009	2018	2297	1884	2978	4746	8094	8341	5554	2780	942	2020	39636	5.3	5.406574831	0.106574831	2.160245225
The Substance	tt17526714	2024	12818	6297	8326	11852	22126	45675	104970	96674	47758	35581	392077	7.2	7.080986643	-0.119013357	2.019035444
The Suicide Squad	tt6334354	2021	10689	5120	7166	11744	25923	60530	121480	117871	50087	41524	452134	7.2	7.16944313	-0.03055687	1.867199465
The Sum of All Fears	tt0164184	2002	1824	1208	2253	5423	14707	36457	41527	19058	5783	4902	133142	6.5	6.528278079	0.028278079	1.580741023
The Super Mario Bros. Movie	tt6718170	2023	2917	1529	2918	6134	16566	44106	84057	62524	25356	35513	281620	7	7.310049002	0.310049002	1.698030044
The Swan Princess	tt0111333	1994	465	373	702	1478	3374	6617	6594	3879	1676	3700	28858	6.4	6.759823966	0.359823966	1.978243411
The Sweet Hereafter	tt0120255	1997	896	393	520	907	2110	4191	7745	9197	6084	5933	37976	7.4	7.490072677	0.090072677	1.98084479
The Sweetest Thing	tt0253867	2002	4555	3443	5038	7652	12097	12097	8841	4959	2252	4476	65410	5.2	5.455083321	0.255083321	2.339983713
The Swimmers	tt8745676	2022	516	158	214	405	1184	4370	11627	11672	4906	4835	39887	7.4	7.583999799	0.183999799	1.582670695
The Switch	tt0889573	2010	1698	1559	2879	6633	18242	36220	27643	12046	4178	5670	116768	6.1	6.274715676	0.174715676	1.689790806
The Sword in the Stone	tt0057546	1963	641	526	965	2465	6815	18384	37087	25169	9808	11267	113127	7.1	7.254943559	0.154943559	1.567469625
The Tailor of Panama	tt0236784	2001	692	533	966	1929	4662	10059	8286	3430	987	1000	32544	6.1	6.156618732	0.056618732	1.690405896
The Take	tt2368619	2016	665	425	774	2102	6600	16845	16822	6543	1774	2055	54605	6.3	6.463309221	0.163309221	1.516143563
The Taking of Deborah Logan	tt3387648	2014	1020	859	1646	3271	7157	13207	11395	5823	1850	2174	48402	6	6.208958308	0.208958308	1.808515926
The Taking of Pelham 123	tt1111422	2009	1846	1511	3122	7921	23864	64231	70569	27868	7447	7674	216053	6.4	6.532258288	0.132258288	1.46644664
The Taking of Pelham One Two Three	tt0072251	1974	217	74	147	277	1007	3357	10956	14546	5816	3963	40360	7.6	7.73352329	0.13352329	1.350906057
The Tale of Despereaux	tt0420238	2008	1043	736	1338	2689	6482	11552	9088	4269	1528	2554	41279	6.1	6.203323724	0.103323724	1.882006212
The Tale of The Princess Kaguya	tt2576852	2013	443	186	305	587	1436	4025	10853	18559	13136	11187	60717	8	8.069321607	0.069321607	1.534080554
The Talented Mr. Ripley	tt0134119	1999	2327	1473	2230	4391	10546	30223	81766	82242	32251	20560	268009	7.4	7.424198441	0.024198441	1.516383054
The Tall Man	tt1658837	2012	1427	1150	1878	3478	7314	11227	9191	4864	1769	2445	44743	5.9	6.05290213	0.15290213	1.982026547
The Tashkent Files	tt8108268	2019	1370	260	155	187	365	686	1463	2778	4268	27173	38705	8.1	9.085415321	0.985415321	2.021801498
The Teachers' Lounge	tt26612950	2023	291	120	209	322	968	3270	9509	10102	2989	1236	29016	7.4	7.359594706	-0.040405294	1.392849824
The Ten Commandments	tt0049833	1956	1231	546	666	1115	2812	6227	14896	23092	13222	19258	83065	7.9	7.955083368	0.055083368	1.801791756
The Tenant	tt0074811	1976	630	288	547	929	2005	4849	11621	15809	7986	6159	50823	7.5	7.613973988	0.113973988	1.682618818
The Tender Bar	tt3108894	2021	437	262	426	912	2539	7471	12033	7350	2629	2831	36890	6.7	7.004879371	0.304879371	1.632216535
The Terminal	tt0362227	2004	2734	1988	3635	7554	20785	61812	161151	159372	64302	45879	529212	7.4	7.488811667	0.088811667	1.45624092
The Terminator	tt0088247	1984	5074	2446	3745	7200	19049	58975	196274	354481	198298	145816	991358	8.1	8.021021669	-0.078978331	1.395376105
The Texas Chain Saw Massacre	tt0072271	1974	3434	2234	3190	5279	10868	23593	49136	51785	26895	32397	208811	7.4	7.46485099	0.06485099	1.896345059
The Texas Chainsaw Massacre	tt0324216	2003	4160	3060	5042	9776	20655	39699	38319	20509	7745	11869	160834	6.2	6.383469913	0.183469913	1.954527254
The Texas Chainsaw Massacre 2	tt0092076	1986	2056	1921	2796	4397	6991	8263	6779	4289	1878	3556	42926	5.6	5.838745748	0.238745748	2.307193168
The Texas Chainsaw Massacre: The Beginning	tt0420294	2006	2794	2203	3593	6319	13856	20931	14778	7661	3020	6094	81249	5.8	6.042843604	0.242843604	2.065191044
The Theory of Everything	tt2980516	2014	2131	1017	1817	3947	12124	40710	134190	176051	79901	52855	504743	7.7	7.77758384	0.07758384	1.351623323
The Thin Blue Line	tt0096257	1988	268	119	171	267	893	2161	5451	8961	4976	4150	27417	7.9	7.865448444	-0.034551556	1.588442162
The Thin Man	tt0025878	1934	537	154	228	393	997	2455	6058	9983	6406	7565	34776	7.9	8.005233494	0.105233494	1.740630025
The Thin Red Line	tt0120863	1998	3894	2055	3051	4503	9578	20751	45528	55341	32481	33817	210999	7.6	7.580547775	-0.019452225	1.895962272
The Thing	tt0084787	1982	3926	1697	2581	4520	11185	29872	83943	153144	114151	113083	518102	8.2	8.182253687	-0.017746313	1.549341663
The Thing	tt0905372	2011	3199	2462	4378	8981	20143	39773	40506	19603	6452	7952	153449	6.2	6.350565986	0.150565986	1.805466109
The Thing from Another World	tt0044121	1951	329	260	418	889	2717	5843	10421	8014	3381	4087	36359	7	7.224071069	0.224071069	1.709397254
The Third Man	tt0041959	1949	2875	1006	1535	2607	5590	12692	32027	52896	41271	41159	193658	8.1	8.02656229	-0.07343771	1.754389307
The Thirteenth Floor	tt0139809	1999	753	597	1042	2043	5086	13026	26098	19413	7960	6000	82018	7	7.150393816	0.150393816	1.614777658
The Thomas Crown Affair	tt0063688	1968	248	195	367	838	2125	5813	10897	6264	2350	2158	31255	6.9	7.029755239	0.129755239	1.56541139
The Thomas Crown Affair	tt0155267	1999	1034	745	1464	3138	7863	20683	34279	21468	8713	7812	107199	6.9	7.006735137	0.106735137	1.634168961
The Three Burials of Melquiades Estrada	tt0419294	2005	507	264	411	726	1820	4905	11823	13716	5492	3395	43059	7.3	7.42165401	0.12165401	1.589090625
The Three Musketeers	tt0108333	1993	734	603	1358	2818	7513	17312	17050	8332	3155	4513	63388	6.4	6.598315139	0.198315139	1.718945793
The Three Musketeers	tt1509767	2011	4059	3477	6164	10314	19739	28079	21431	10635	4042	7257	115197	5.7	5.920076044	0.220076044	2.060963507
The Three Musketeers - Part I: D'Artagnan	tt12672536	2023	416	177	328	613	1711	5181	8798	4988	2308	1739	26259	6.7	6.988042195	0.288042195	1.65657468
The Three Stooges	tt0383010	2012	3319	1895	2491	3527	5477	6068	4706	2693	1155	3132	34463	5.2	5.47497316	0.27497316	2.536851396
The Thursday Murder Club	tt12001534	2025	760	612	1213	2663	7690	20084	24154	11314	3796	4697	76983	6.5	6.702168011	0.202168011	1.607077677
The Time Machine	tt0054387	1960	295	161	279	629	1972	5225	12512	14645	5924	6234	47876	7.5	7.635976272	0.135976272	1.536098578
The Time Machine	tt0268695	2002	2650	2736	5183	10698	22533	35928	29049	14048	5177	6976	134978	6	6.125264858	0.125264858	1.852743657
The Time Traveler's Wife	tt0452694	2009	1685	1240	2074	4170	10287	25036	49138	38123	16607	16162	164522	7.1	7.225483522	0.125483522	1.69056423
The Tin Drum	tt0078875	1979	584	313	432	699	1309	2663	6161	7777	4184	3409	27531	7.4	7.44302786	0.04302786	1.903419879
The Tinder Swindler	tt14992922	2022	626	288	501	1083	3594	12069	29607	19352	5495	4497	77112	7.1	7.183201058	0.083201058	1.409340115
The Titan	tt4986098	2018	2461	2243	3707	5797	8456	6642	3151	1225	419	873	34974	4.8	4.796305827	-0.003694173	1.983093287
The To Do List	tt1758795	2013	1273	1159	1787	3801	7736	11523	8570	4155	1513	2366	43883	5.8	5.981382312	0.181382312	1.945193816
The Tomorrow War	tt9777666	2021	4261	3516	5624	10353	23290	50597	70310	42346	16546	23001	249844	6.6	6.802128528	0.202128528	1.87031551
The Tourist	tt1243957	2010	5831	5134	9193	18130	39843	70591	62522	29421	10970	15670	267305	6	6.237859374	0.237859374	1.872814984
The Tournament	tt0471041	2009	818	646	1219	2501	5799	10693	8328	3768	1195	2028	36995	6	6.173780241	0.173780241	1.823760026
The Towering Inferno	tt0072308	1974	439	283	593	1416	3481	9311	17787	10728	3747	4129	51914	7	7.070636052	0.070636052	1.588319489
The Town	tt0840361	2010	2301	1174	1934	4208	12602	42518	130752	154237	58068	34391	442185	7.5	7.601078734	0.101078734	1.353610347
The Toxic Avenger	tt0090190	1984	1189	929	1631	2517	4497	7889	7530	4967	1857	3630	36636	6.2	6.367671143	0.167671143	2.160929983
The Tragedy of Macbeth	tt10095582	2021	1347	494	661	1194	2599	5883	11630	11262	5044	3482	43596	7.1	7.09030645	-0.00969355	1.920924814
The Transformers: The Movie	tt0092106	1986	1315	551	754	1208	2514	4782	8619	8328	4927	11296	44294	7.2	7.563846119	0.363846119	2.200660908
The Transporter	tt0293662	2002	2842	2487	4288	9275	24821	69491	119393	62279	19971	20985	335832	6.8	6.915371376	0.115371376	1.556837246
The Transporter Refueled	tt2938956	2015	2920	1914	3340	5832	11102	10380	6102	2340	912	2315	47157	5.2	5.315817376	0.115817376	2.093889639
The Treasure of the Sierra Madre	tt0040897	1948	2353	793	958	1754	3550	7883	22167	42300	31542	26940	140240	8.2	8.027124929	-0.172875071	1.732029846
The Tree of Life	tt0478304	2011	12435	5999	7118	9606	15341	24320	33028	31869	22870	28600	191186	6.8	6.720230561	-0.079769439	2.556417515
The Trial	tt0057427	1962	333	199	353	610	1174	2470	5264	7423	4333	4333	26492	7.6	7.680771554	0.080771554	1.809521508
The Trial of the Chicago 7	tt1070874	2020	1513	552	730	1420	4169	13996	50288	78667	34346	17905	203586	7.7	7.784543141	0.084543141	1.357716163
The Trip	tt13109952	2021	436	267	423	789	1971	5669	10858	6180	1938	1548	30079	6.9	6.902889059	0.002889059	1.603877489
The Triplets of Belleville	tt0286244	2003	812	424	575	932	2100	4725	11500	18154	10967	8874	59063	7.7	7.77369927	0.07369927	1.731519263
The Trouble with Harry	tt0048750	1955	273	277	515	1128	3068	7234	14444	10014	3693	3133	43779	7	7.113342013	0.113342013	1.563900727
The Truman Show	tt0120382	1998	5501	2885	4445	8240	21309	64627	222897	462434	331185	219956	1343479	8.2	8.181630677	-0.018369323	1.352137414
The Truth About Cats & Dogs	tt0117979	1996	425	372	745	1538	4003	7845	7587	4304	1494	1745	30058	6.3	6.490052565	0.190052565	1.75320965
The Tunnel	tt1735485	2011	835	676	1205	2113	4098	6277	5200	2601	961	1446	25412	5.8	6.009877223	0.209877223	2.008134659
The Tuxedo	tt0290095	2002	2223	2816	5558	11247	22517	24029	13563	5265	1773	3702	92693	5.4	5.570150928	0.170150928	1.831257788
The Twilight Saga: Breaking Dawn - Part 1	tt1324999	2011	35435	13525	17688	27538	39878	35713	28336	19734	11490	40865	270202	5	5.579725539	0.579725539	2.871723864
The Twilight Saga: Breaking Dawn - Part 2	tt1673434	2012	29221	10612	13457	20207	35292	42707	37090	26383	15470	48752	279191	5.6	6.095432876	0.495432876	2.80513879
The Twilight Saga: Eclipse	tt1325004	2010	34551	12244	17404	28210	45561	43121	33052	20829	10437	32810	278219	5.1	5.501604851	0.401604851	2.708412749
The Twilight Saga: New Moon	tt1259571	2009	47604	17798	23132	36949	49345	44055	32623	20312	10479	36331	318628	4.8	5.209601793	0.409601793	2.784592049
The Twilight Samurai	tt0351817	2002	374	86	106	166	458	1300	4242	8861	6309	4928	26830	8.1	8.134960865	0.034960865	1.566357548
The Two Faces of January	tt1976000	2014	418	372	708	1787	5120	11489	9833	3474	834	953	34988	6.2	6.248628101	0.048628101	1.506098768
The Two Popes	tt8404614	2019	1074	425	586	1336	3806	12395	41735	52848	20098	11007	145310	7.6	7.627190145	0.027190145	1.371807964
The Ugly Stepsister	tt29344903	2025	674	316	460	864	2109	5186	10943	7806	2761	2522	33641	7	7.042626557	0.042626557	1.744780508
The Ugly Truth	tt1142988	2009	3864	3440	5643	11404	26647	57215	65239	34509	14223	17779	239963	6.4	6.619170455	0.219170455	1.824106324
The Umbrellas of Cherbourg	tt0058450	1964	395	277	321	651	1320	3061	6548	9349	6062	6383	34367	7.8	7.81266913	0.01266913	1.779531824
The Unbearable Lightness of Being	tt0096332	1988	730	373	600	988	2085	4900	10022	10306	5608	4796	40408	7.2	7.376930311	0.176930311	1.844674934
The Unbearable Weight of Massive Talent	tt11291274	2022	1716	1088	1849	3637	10582	29484	59761	41341	14202	12960	176620	7	7.135511267	0.135511267	1.568741796
The Unborn	tt1139668	2009	3398	3501	5685	9316	12491	9380	5071	2315	943	2467	54567	4.7	4.959554309	0.259554309	2.119413412
The Unforgivable	tt11233960	2021	1080	620	1030	2203	5935	17937	40398	33759	12690	11108	126760	7.2	7.334072263	0.134072263	1.545334773
The Unholy	tt9419056	2021	1485	1326	2521	4205	7305	6882	3641	1479	480	1385	30709	5.1	5.26966036	0.16966036	2.016054672
The Uninvited	tt0815245	2009	1524	1153	2123	4654	10834	22017	23031	12269	4661	6473	88739	6.3	6.548811684	0.248811684	1.826383636
The Union	tt12610390	2024	1794	1636	2957	6108	13013	14986	7798	2736	828	5359	57215	5.5	5.782854147	0.282854147	2.066484105
The United States of Leland	tt0301976	2003	384	196	356	746	1589	3722	7125	5570	2658	2775	25121	6.9	7.213566339	0.313566339	1.798389413
The Untouchables	tt0094226	1987	2022	973	1521	3139	8663	24366	74848	131474	64533	39262	350801	7.8	7.866975864	0.066975864	1.400447303
The Upside	tt1987680	2017	2845	524	748	1206	3211	9272	20726	15799	6377	8396	69104	7.1	7.16999016	0.06999016	1.99608942
The Usual Suspects	tt0114814	1995	7918	3011	3883	6950	15938	42464	139578	326305	387292	291298	1224637	8.5	8.471046522	-0.028953478	1.411037935
The Vaccine War	tt23554840	2023	2059	191	94	81	145	258	619	1301	4650	15962	25360	7.1	8.735449527	1.635449527	2.582677073
The Vanishing	tt0096163	1988	828	376	437	813	2103	4999	12031	17540	8630	5938	53695	7.6	7.602923922	0.002923922	1.687549036
The Vanishing	tt0108473	1993	655	432	756	1548	3597	8289	8162	3804	1201	1503	29947	6.3	6.38137376	0.08137376	1.769448138
The Vast of Night	tt6803046	2019	1253	875	1202	2128	4389	9112	13869	10211	3790	2400	49229	6.7	6.675313332	-0.024686668	1.879053044
The Vault	tt9742794	2021	477	310	620	1352	3836	9756	10560	4632	1401	1818	34762	6.4	6.554456015	0.154456015	1.625147366
The Verdict	tt0084855	1982	259	131	208	481	1266	4055	12651	17642	7836	5395	49924	7.7	7.76972999	0.06972999	1.396330519
The Village	tt0368447	2004	7890	4941	7848	14327	29355	57977	78798	51821	21053	20506	294516	6.6	6.634451099	0.034451099	1.948965185
The Virgin Spring	tt0053976	1960	873	228	207	359	766	2166	5815	10621	6780	5658	33473	8	7.87156813	-0.12843187	1.830346808
The Virgin Suicides	tt0159097	1999	2041	1254	2066	4123	10011	25618	54064	47403	21062	16503	184145	7.2	7.294588504	0.094588504	1.655776561
The Visit	tt3567288	2015	4808	3667	5432	9450	19449	40705	47007	24764	7850	7865	170997	6.3	6.340310064	0.040310064	1.885265883
The Visitor	tt0857191	2007	400	170	253	536	1292	4015	11753	16369	6980	4121	45889	7.6	7.658610996	0.058610996	1.462706135
The Visitors	tt0108500	1993	514	374	615	1114	2551	6139	11832	8619	4018	4773	40549	7	7.221386471	0.221386471	1.788647666
The Voices	tt1567437	2014	1637	1117	1854	3466	7747	15774	18185	9962	3287	3311	66340	6.3	6.42689177	0.12689177	1.844088019
The Void	tt4255304	2016	1455	1294	2213	3840	7383	11123	9925	5479	1875	2016	46603	5.9	6.008990837	0.108990837	1.969180335
The Vow	tt1606389	2012	2332	1554	2894	6324	16583	41080	61477	39454	17618	23004	212320	6.8	7.080755463	0.280755463	1.748363461
The Voyeurs	tt11235772	2021	1316	902	1411	2796	6547	12333	11332	5396	1845	2499	46377	6.1	6.239234966	0.139234966	1.884017835
The Wackness	tt1082886	2008	635	314	437	864	2023	4841	9254	7164	3137	3024	31693	6.9	7.123150222	0.223150222	1.81897477
The Wages of Fear	tt0046268	1953	2839	626	624	865	2043	3956	11178	21711	15595	13272	72709	8.1	7.817230329	-0.282769671	2.040500737
The Wailing	tt5215952	2016	1350	634	1104	1922	4453	10110	23350	28872	14863	9665	96323	7.4	7.48923933	0.08923933	1.703712087
The Walk	tt3488710	2015	943	512	838	1950	5732	18853	48600	39649	13671	9983	140731	7.3	7.349624461	0.049624461	1.4267307
The Wall	tt4218696	2017	1146	508	782	1658	4409	10147	9626	3628	994	1403	34301	6.2	6.222821492	0.022821492	1.780080708
The Wandering Earth	tt7605074	2019	1945	1054	1634	2686	5021	8240	7084	4370	2557	4380	38971	5.9	6.302250391	0.402250391	2.321684287
The War of the Roses	tt0098621	1989	695	503	968	1904	4960	12700	20613	11984	4003	3837	62167	6.9	6.881158814	-0.018841186	1.626251291
The War of the Worlds	tt0046534	1953	417	208	486	1032	2691	6445	12585	9350	3746	4207	41167	7	7.219933442	0.219933442	1.669147859
The War with Grandpa	tt4532038	2020	1167	753	1276	2301	5454	7595	4844	1963	728	1534	27615	5.7	5.79572696	0.09572696	1.99590999
The Ward	tt1369706	2010	1991	1404	2680	5217	9668	12035	7503	3264	1088	2208	47058	5.5	5.62629096	0.12629096	1.988138492
The Warlords	tt0913968	2007	376	198	311	672	1747	4448	9577	6255	2526	2466	28576	7	7.148971165	0.148971165	1.661301914
The Warrior's Way	tt1032751	2010	692	524	819	1620	3277	6434	6702	3863	1544	2418	27893	6.3	6.509160004	0.209160004	1.988772711
The Warriors	tt0080120	1979	765	604	943	1828	4339	11096	27485	34647	16891	19529	118127	7.5	7.765074877	0.265074877	1.623783436
The Watch	tt1298649	2012	3698	3573	6526	13173	27437	37965	25234	10299	3348	5765	137018	5.7	5.801434848	0.101434848	1.855790092
The Watcher	tt0204626	2000	1007	1026	2003	3849	7228	7245	3984	1546	540	1053	29481	5.3	5.417726671	0.117726671	1.879355602
The Watchers	tt26736843	2024	1505	1509	3084	6280	13606	19162	12444	4870	1400	2312	66172	5.7	5.798298374	0.098298374	1.769008294
The Water Diviner	tt3007512	2014	1523	502	853	1708	4698	12396	23658	17209	7210	10729	80486	7	7.271351539	0.271351539	1.812033395
The Water Horse	tt0760329	2007	667	468	895	2020	5147	11496	12409	5887	2207	3313	44509	6.4	6.606102137	0.206102137	1.760345932
The Waterboy	tt0120484	1998	4570	3817	6220	11510	24786	46729	45075	25283	9553	12579	190122	6.2	6.368352952	0.168352952	1.932175998
The Wave	tt1063669	2008	624	370	602	1310	3458	11041	32901	43594	17754	9014	120668	7.6	7.631940531	0.031940531	1.367203921
The Wave	tt3616916	2015	555	354	638	1462	3868	10938	15922	7474	2318	2365	45894	6.6	6.749270057	0.149270057	1.57436712
The Way	tt1441912	2010	325	173	266	596	1493	4409	10342	10535	4896	4643	37678	7.3	7.562503318	0.262503318	1.596322983
The Way Back	tt1023114	2010	774	442	724	1456	4704	15906	41472	37126	13675	10503	126782	7.3	7.446064899	0.146064899	1.430541068
The Way Back	tt8544498	2020	589	288	527	1311	4173	14365	21498	8914	2343	2075	56083	6.7	6.752135228	0.052135228	1.420776361
The Way He Looks	tt1702014	2014	512	107	143	297	646	2158	5260	7730	5417	6978	29248	7.9	8.059149344	0.159149344	1.75615084
The Way of the Dragon	tt0068935	1972	301	261	466	903	2468	6303	14114	10064	3669	5578	44127	7.1	7.344754912	0.244754912	1.640932167
The Way of the Gun	tt0202677	2000	639	454	814	1488	3315	7392	9832	6693	3141	3157	36925	6.6	6.853757617	0.253757617	1.864072651
The Way Way Back	tt1727388	2013	1049	687	1070	2219	6250	19100	48363	49016	20096	15276	163126	7.4	7.507399188	0.107399188	1.487658695
The Way We Were	tt0070903	1973	478	278	418	817	1907	4556	8503	6134	3072	4216	30379	7	7.269100365	0.269100365	1.855156574
The Weather Man	tt0384680	2005	1517	1077	1856	3692	8399	19107	25434	14429	5220	4971	85702	6.5	6.660334648	0.160334648	1.766144805
The Wedding Date	tt0372532	2005	1156	1062	1846	3674	8265	14411	12494	7298	3250	5403	58859	6.1	6.463361593	0.363361593	1.977711183
The Wedding Planner	tt0209475	2001	3352	3256	5779	10904	20768	20190	13164	6801	2828	4949	91991	5.4	5.623321847	0.223321847	2.043772342
The Wedding Ringer	tt0884732	2015	1131	819	1541	2975	7541	19068	26263	13626	4975	6336	84275	6.6	6.791919312	0.191919312	1.718063416
The Wedding Singer	tt0120888	1998	1928	1435	2396	4959	12954	30919	51143	34469	14549	17083	171835	6.9	7.086041842	0.186041842	1.733096894
The Week Of	tt6821012	2018	1838	1319	1876	3145	5223	5630	3746	1728	597	1299	26401	5.2	5.340252263	0.140252263	2.193866397
The Weekend Away	tt14817272	2022	993	894	1575	3130	7239	10074	6674	2560	836	1346	35321	5.7	5.799580986	0.099580986	1.824849191
The Whale	tt13833688	2022	3918	1537	2096	3689	8673	23054	58206	96296	43550	34348	275367	7.6	7.709583937	0.109583937	1.644764714
The Whistleblower	tt0896872	2010	451	197	249	626	1816	5508	12479	9364	3248	3054	36992	7.1	7.251865268	0.151865268	1.568856729
The White Ribbon	tt1149362	2009	979	499	752	1346	2773	6723	15743	25220	16094	10853	80982	7.8	7.769096836	-0.030903164	1.681801953
The White Tiger	tt6571548	2021	2003	487	626	1044	3023	9599	23772	17992	5883	4487	68916	7.1	7.108610482	0.008610482	1.730940616
The Whole Nine Yards	tt0190138	2000	1072	961	1820	4142	11722	30481	45730	23945	8243	7254	135370	6.7	6.832496122	0.132496122	1.548962648
The Whole Ten Yards	tt0327247	2004	1760	1852	3560	6753	13872	15563	9142	3877	1412	2600	60391	5.5	5.623553178	0.123553178	1.895410035
The Whole Truth	tt3503406	2016	408	384	783	1754	5046	11721	10312	3789	1007	1193	36397	6.2	6.307827568	0.107827568	1.533799689
The Wicker Man	tt0070917	1973	1290	862	1155	1989	4654	10890	24707	30097	14766	13613	104023	7.5	7.554040933	0.054040933	1.736368972
The Wicker Man	tt0450345	2006	14427	9831	11334	11747	10273	7086	4252	1966	730	2663	74309	3.8	3.871025044	0.071025044	2.325123636
The Wife	tt3750872	2017	439	208	366	734	1945	6026	15626	12945	4074	2468	44831	7.2	7.250741674	0.050741674	1.462646763
The Wild	tt0405469	2006	1443	1270	2162	3754	6839	6357	3626	1530	624	1711	29316	5.2	5.395347251	0.195347251	2.103641778
The Wild Bunch	tt0065214	1969	1621	556	842	1363	3321	7604	17239	26706	17066	18300	94618	7.9	7.8616648	-0.0383352	1.805110602
The Wild Pear Tree	tt6628102	2018	550	157	206	350	753	1698	4476	8560	7137	6459	30346	8	8.089039742	0.089039742	1.761242302
The Wild Robot	tt29623480	2024	1095	430	639	1211	3231	9969	30943	60348	50717	52080	210663	8.2	8.360855964	0.160855964	1.438615415
The Wind Rises	tt2013293	2013	684	322	536	1106	3001	9049	25071	35573	19723	15822	110887	7.8	7.868072903	0.068072903	1.488131713
The Wind that Shakes the Barley	tt0460989	2006	709	214	345	687	1938	5593	15188	18501	8324	6763	58262	7.5	7.638563729	0.138563729	1.576662039
The Witch	tt4263482	2015	9862	5291	7702	12355	24282	48558	86428	81365	40777	29704	346324	7	7.004068445	0.004068445	1.995614359
The Witcher: Nightmare of the Wolf	tt11657662	2021	778	319	472	810	2175	6740	17117	15391	5691	5202	54695	7.2	7.378608648	0.178608648	1.61920322
The Witches	tt0100944	1990	587	385	724	1664	4367	11851	18965	10600	3927	5681	58751	6.8	7.026842096	0.226842096	1.670931299
The Witches	tt0805647	2020	3338	2020	3199	5806	11171	12125	7056	2893	984	2227	50819	5.4	5.361498652	-0.038501348	2.087059414
The Witches of Eastwick	tt0094332	1987	927	823	1450	3390	8874	21025	25019	12667	4231	5021	83427	6.6	6.661644312	0.061644312	1.658259612
The Wizard of Oz	tt0032138	1939	5868	2580	3599	6203	14748	35272	84418	125528	80645	104124	462985	8.1	7.979100835	-0.120899165	1.754267256
The Wolf Man	tt0034398	1941	226	128	273	681	1891	4951	10471	8293	3163	4007	34084	7.2	7.374838634	0.174838634	1.593703149
The Wolf of Snow Hollow	tt11140488	2020	857	599	975	1806	3623	6932	7481	3756	1329	1203	28561	6.2	6.243373831	0.043373831	1.895864847
The Wolf of Wall Street	tt0993846	2013	15843	7245	10234	15200	32439	84135	253187	528967	469613	335549	1752412	8.2	8.202918035	0.002918035	1.54027589
The Wolfman	tt0780653	2010	2531	2514	4935	10395	22046	32425	23156	10181	3366	5391	116940	5.9	5.955772191	0.055772191	1.830290252
The Wolverine	tt1430132	2013	5061	3941	7780	17633	47282	118620	166218	89201	29499	34826	520061	6.7	6.81810403	0.11810403	1.626056783
The Woman	tt1714208	2011	1460	856	1175	1945	3475	6174	5785	3626	1401	1463	27360	6	6.054020468	0.054020468	2.16512129
The Woman in Black	tt1596365	2012	3200	2543	4652	10176	23575	48870	54007	28881	10871	12042	198817	6.4	6.545702832	0.145702832	1.776807407
The Woman in Black 2: Angel of Death	tt2339741	2014	1483	1652	2934	5482	7523	5581	2847	1188	465	1240	30395	4.8	5.021746998	0.221746998	2.002668362
The Woman in Cabin 10	tt7130300	2025	1221	1136	2208	4885	12031	20290	12766	4236	1144	1653	61570	5.8	5.87344486	0.07344486	1.640078732
The Woman in the Window	tt6111574	2021	1768	1906	3841	8143	18131	26723	17708	6504	1785	2570	89079	5.7	5.819789176	0.119789176	1.701810586
The Woman King	tt8093700	2022	10673	1996	1364	1771	3733	9797	18489	14917	6697	12461	81898	6.9	6.556081956	-0.343918044	2.783077574
The Wonder	tt9288822	2022	701	472	725	1699	4414	11701	16348	8358	2404	1879	48701	6.6	6.665530482	0.065530482	1.587430259
The Woodsman	tt0361127	2004	417	230	282	669	1870	5378	12182	9732	3446	2398	36604	7.1	7.21617856	0.11617856	1.546485564
The Words	tt1840417	2012	773	517	974	1952	5093	13639	26591	19011	8005	7604	84159	7	7.202390713	0.202390713	1.631225282
The World According to Garp	tt0084917	1982	554	274	397	802	1915	4323	8704	7435	3441	2847	30692	7.1	7.196044572	0.096044572	1.786833266
The World Is Not Enough	tt0143145	1999	2220	2001	4180	9537	25842	63907	66218	27294	7969	9247	218415	6.4	6.481381773	0.081381773	1.563002062
The World's End	tt1213663	2013	3345	2450	4407	9034	22645	56897	100319	67186	25256	19367	310906	6.9	6.988941995	0.088941995	1.627429268
The World's Fastest Indian	tt0412080	2005	381	156	220	437	1361	4415	13661	21653	11087	9832	63203	7.8	7.964020695	0.164020695	1.437935667
The Worst Person in the World	tt10370710	2021	1208	649	952	1608	3846	10769	28146	39609	22035	12191	121013	7.7	7.68311669	-0.01688331	1.565480063
The Wrestler	tt1125849	2008	3325	1260	1737	3199	7969	23145	68170	114545	66309	39928	329587	7.9	7.864927925	-0.035072075	1.513896939
The Wrong Man	tt0051207	1956	168	107	205	479	1371	4145	11026	10421	3679	2652	34253	7.4	7.439319184	0.039319184	1.412490007
The Wrong Missy	tt9619798	2020	2116	1569	2418	3952	7964	12451	9822	4937	1760	2879	49868	5.8	5.930095452	0.130095452	2.075288511
The X Files	tt0120902	1998	889	668	1242	2685	7439	19587	35374	23263	9798	13041	113986	7	7.226519046	0.226519046	1.665177064
The X Files: I Want to Believe	tt0443701	2008	2634	2046	3658	7584	16573	25985	19053	8466	3051	7111	96161	5.9	6.09892784	0.19892784	1.965879654
The Young Victoria	tt0962736	2009	476	250	407	961	2990	9623	21602	17423	7542	7618	68892	7.2	7.45202636	0.25202636	1.534450247
The Zero Theorem	tt2333804	2013	1670	1239	2011	3722	7473	12181	11445	6616	2620	2487	51464	6	6.159898181	0.159898181	1.981195225
The Zone of Interest	tt7160372	2023	2824	1597	2308	3743	8370	18789	52323	39294	20331	11854	161433	7.3	7.214324209	-0.085675791	1.732168105
The Zookeeper's Wife	tt1730768	2017	1391	558	418	879	2476	7526	16801	11162	4147	3533	48891	7	7.043607208	0.043607208	1.783478124
Thelma	tt23778968	2024	300	197	305	583	1788	4630	8829	6023	2058	2223	26936	7	7.105732106	0.105732106	1.630356118
Thelma	tt6304046	2017	779	360	530	1028	2652	6849	12794	8950	3144	2062	39148	6.9	6.938515378	0.038515378	1.692728061
Thelma & Louise	tt0103074	1991	1582	781	1331	2495	6607	19372	51895	58728	26780	20584	190155	7.6	7.606073992	0.006073992	1.533693415
Them	tt0465203	2006	848	590	1007	1759	3811	7847	9162	4961	1803	1857	33645	6.3	6.444969535	0.144969535	1.879383364
Them!	tt0047573	1954	214	131	213	513	1403	3915	7810	6521	2598	3048	26366	7.2	7.37207009	0.17207009	1.620394302
There Will Be Blood	tt0469494	2007	8357	3931	5078	8249	16976	40759	103862	188600	166493	155406	697711	8.2	8.144079712	-0.055920288	1.694458729
There's Something About Mary	tt0129387	1998	4594	3355	4981	9165	21476	54240	107509	81558	33502	25353	345733	7.1	7.103174993	0.003174993	1.693591573
Theri	tt5440700	2016	1727	214	250	362	783	1575	3316	3458	2796	11534	26015	7.4	8.037593696	0.637593696	2.555806235
Thesis	tt0117883	1996	480	280	315	762	1742	5023	12618	14112	6118	4291	45741	7.4	7.500382589	0.100382589	1.578157944
They Call Me Trinity	tt0067355	1970	168	102	161	395	1047	3199	7815	7453	3106	4196	27642	7.4	7.637182548	0.237182548	1.574624945
They Came Together	tt2398249	2014	1595	1194	1621	2665	4179	5433	4430	2600	994	1555	26266	5.6	5.68434478	0.08434478	2.262481741
They Cloned Tyrone	tt9873892	2023	1176	501	775	1457	3747	9569	14255	8893	2965	3623	46961	6.6	6.821064287	0.221064287	1.827222942
They Live	tt0096256	1988	1303	895	1692	3276	8543	22338	46588	41367	17139	18128	161269	7.2	7.382689792	0.182689792	1.636327369
They Shall Not Grow Old	tt7905466	2018	220	87	116	206	606	1836	5922	13044	10513	7891	40441	8.2	8.282312505	0.082312505	1.385971096
Thief	tt0083190	1981	379	203	324	734	1992	5710	14005	14077	5821	4332	47577	7.4	7.467326649	0.067326649	1.521560889
Things Heard & Seen	tt10962368	2021	1596	1473	2684	5328	9536	9597	5627	2187	667	1075	39770	5.3	5.350917777	0.050917777	1.871521375
Things to Do in Denver When You're Dead	tt0114660	1995	426	328	513	1075	2578	6121	9217	6132	2530	2420	31340	6.7	6.926675175	0.226675175	1.747626285
Things We Lost in the Fire	tt0469623	2007	397	192	317	626	1569	4279	9287	7809	3204	2826	30506	7.1	7.288140038	0.188140038	1.658218485
Think Like a Man	tt1621045	2012	1702	696	1028	2033	4941	10810	13312	7628	3462	6829	52441	6.5	6.817776168	0.317776168	2.072239735
Thinner	tt0117894	1996	818	880	1579	3281	7284	10207	6856	2846	910	1861	36522	5.8	5.904961393	0.104961393	1.850236787
Thir13en Ghosts	tt0245674	2001	3136	3355	5908	10013	18150	23281	17358	9153	3504	6086	99944	5.6	5.855118867	0.255118867	2.060291423
Third Person	tt2343793	2013	732	488	858	1668	3597	7218	7688	4451	1672	1798	30170	6.3	6.453397415	0.153397415	1.885067978
Thirst	tt0762073	2009	955	475	743	1446	3228	7608	16049	14079	6066	3690	54339	7.1	7.143580117	0.043580117	1.727240426
Thirteen	tt0328538	2003	2161	1237	1801	3447	8341	19311	30422	19926	8487	11569	106702	6.8	6.989859609	0.189859609	1.885214692
Thirteen Days	tt0146309	2000	549	328	449	976	2961	8351	21185	19348	7418	4621	66186	7.3	7.364367087	0.064367087	1.484980194
Thirteen Lives	tt12262116	2022	432	131	194	362	1105	4486	17675	29685	13323	10135	77528	7.8	7.966502425	0.166502425	1.323819934
This Boy's Life	tt0108330	1993	478	223	357	742	2528	8232	22014	17035	5577	5047	62233	7.3	7.360017997	0.060017997	1.446527268
This Film Is Not Yet Rated	tt0493459	2006	403	207	195	382	1055	3254	7921	8603	3619	3312	28951	7.4	7.519291216	0.119291216	1.649775992
This Is 40	tt1758830	2012	3597	2702	4464	9359	21466	43686	40100	19273	6429	7600	158676	6.2	6.289672036	0.089672036	1.802565464
This Is England	tt0480025	2006	928	464	668	1307	3425	10586	31825	46961	23372	14587	134123	7.7	7.786956749	0.086956749	1.445939842
This Is It	tt1477715	2009	2012	550	588	967	2177	4783	9722	7965	3999	10194	42957	7.2	7.40349652	0.20349652	2.296251732
This Is Spinal Tap	tt0088258	1984	2049	934	1267	2131	5035	11813	26940	42205	26999	39545	158918	7.9	8.03531381	0.13531381	1.781362631
This Is the End	tt1245492	2013	14629	8721	12763	21589	43848	85511	115837	78375	34035	36621	451929	6.6	6.636896504	0.036896504	2.044256844
This Is Where I Leave You	tt1371150	2014	1130	746	1315	3142	8194	21012	30002	16618	5888	5780	93827	6.7	6.820286272	0.120286272	1.637532687
This Means War	tt1596350	2012	3257	2848	5243	10415	24223	50281	52881	26671	10190	13793	199802	6.3	6.518042862	0.218042862	1.815297801
This Must Be the Place	tt1440345	2011	974	504	752	1417	3326	7036	10861	7815	3284	2426	38395	6.7	6.800755307	0.100755307	1.868535569
Thor	tt0800369	2011	8816	5816	11222	24146	63180	169224	323517	202637	70382	76240	955180	7	7.080859105	0.080859105	1.600133349
Thor: Love and Thunder	tt10648342	2022	24335	13397	19756	33091	62323	101692	97743	50744	18385	30584	452050	6.1	6.030275412	-0.069724588	2.181021603
Thor: Ragnarok	tt3501632	2017	8876	3448	4953	8923	21230	60449	171293	289052	175865	138131	882220	7.9	7.946690168	0.046690168	1.563163932
Thor: The Dark World	tt1981115	2013	8930	7438	14277	30407	69568	156757	231895	140567	50273	58856	768968	6.7	6.847443587	0.147443587	1.728713779
Thoroughbreds	tt5649108	2017	817	512	860	1900	4554	10855	15704	8832	2593	1849	48476	6.6	6.649310999	0.049310999	1.650331906
Those Who Wish Me Dead	tt3215824	2021	1998	1406	2448	5016	12635	24495	17524	6873	2065	3375	77835	6	6.068606668	0.068606668	1.772051208
Three Amigos!	tt0092086	1986	1045	1058	2111	4333	10266	21280	24057	13696	5494	7788	91128	6.5	6.706270301	0.206270301	1.805591732
Three Billboards Outside Ebbing, Missouri	tt5027774	2017	4007	1980	2839	4481	10081	29659	99794	207778	158853	79121	598593	8.1	8.093038175	-0.006961825	1.409732066
Three Colors: Blue	tt0108394	1993	1170	567	805	1452	3564	8729	23231	37247	22413	18542	117720	7.8	7.886943595	0.086943595	1.613317767
Three Colors: Red	tt0111495	1994	2508	682	787	1311	3020	6838	18869	35356	24828	21747	115946	8.1	7.964552464	-0.135447536	1.794011415
Three Colors: White	tt0111507	1994	677	357	458	947	2774	8099	22408	28899	12382	7756	84757	7.6	7.622532652	0.022532652	1.47231554
Three Days of the Condor	tt0073802	1975	358	213	422	807	2561	8109	21595	22076	7923	5195	69259	7.4	7.475808198	0.075808198	1.398341327
Three Identical Strangers	tt7664504	2018	194	78	150	324	1061	4091	13226	16417	5845	3277	44663	7.6	7.640328684	0.040328684	1.283389226
Three Kings	tt0120188	1999	2106	1173	2117	4157	11007	29873	62021	45706	16697	11624	186481	7.1	7.121433283	0.021433283	1.578571284
Three Men and a Baby	tt0094137	1987	877	926	1823	3939	9980	17960	14004	6122	2113	3314	61058	6.1	6.236283534	0.136283534	1.74541314
Three Men and a Little Lady	tt0098966	1990	738	825	1665	3388	6481	6593	4015	2059	831	1787	28382	5.5	5.736875484	0.236875484	1.99559949
Three Steps Above Heaven	tt1648216	2010	1323	648	809	1143	2221	3710	5563	4705	2866	7812	30800	6.7	7.255779221	0.555779221	2.444985255
Three Thousand Years of Longing	tt9198364	2022	1563	725	1122	2308	6104	15204	21357	13192	4905	5073	71553	6.7	6.809847246	0.109847246	1.787495941
Throne of Blood	tt0050613	1957	1831	448	493	723	1533	3280	9522	18651	12774	10291	59546	8	7.862509656	-0.137490344	1.917744947
Through a Glass Darkly	tt0055499	1961	522	195	250	358	751	2000	5360	9147	5769	4744	29096	7.9	7.867266978	-0.032733022	1.748270302
Throw Momma from the Train	tt0094142	1987	620	589	1136	2589	5912	12637	11064	5079	1698	2187	43511	6.3	6.347268507	0.047268507	1.713995098
Thunder Force	tt10121392	2021	6419	4041	5173	7220	8782	7151	4097	2070	830	2279	48062	4.6	4.602700678	0.002700678	2.378188941
Thunderball	tt0059800	1965	749	484	1067	2774	8758	26441	52613	25550	8147	8454	135037	6.9	7.02773314	0.12773314	1.43144934
Thunderbolt and Lightfoot	tt0072288	1974	305	132	249	648	1854	5612	11899	7145	2320	2196	32360	7	7.111959209	0.111959209	1.501025863
Thunderbolts*	tt20969586	2025	3947	1744	2534	4990	13179	36455	75456	67562	25600	25409	256876	7.1	7.290677214	0.190677214	1.694135542
Thunivu	tt15163652	2023	5579	567	569	701	1339	1838	1962	1496	1295	15299	30645	6.1	7.155947137	1.055947137	3.527206658
Thuppakki	tt2187153	2012	2584	246	211	317	601	1116	2854	5568	5668	21736	40901	8.1	8.497885137	0.397885137	2.427526874
THX 1138	tt0066434	1971	1009	729	1245	2521	5099	11071	16334	10552	4402	4082	57044	6.6	6.79123133	0.19123133	1.830026206
tick, tick... BOOM!	tt8721424	2021	1227	678	1041	1929	4471	12009	30364	38669	19874	17096	127358	7.5	7.69136607	0.19136607	1.624718388
Ticket to Paradise	tt14109724	2022	1614	1168	2091	4663	11992	24787	19758	8148	2448	3577	80246	6.1	6.216496772	0.116496772	1.716217418
Tideland	tt0410764	2005	1335	971	1357	2078	3507	5998	7598	6128	3271	3537	35780	6.3	6.601509223	0.301509223	2.23133396
Tie Me Up! Tie Me Down!	tt0101026	1989	463	273	389	838	2321	6069	11412	7660	2679	2109	34213	7	7.012305264	0.012305264	1.621603642
Tiger 3	tt18411490	2023	5416	1021	1008	1248	2333	3172	2808	4544	9534	25085	56169	5.6	7.812761488	2.212761488	2.958749456
Tiger Zinda Hai	tt5956100	2017	6001	888	860	1282	2668	3964	4021	2898	3693	10097	36372	5.9	6.547536567	0.647536567	3.229198916
Tigerland	tt0170691	2000	539	320	456	945	3062	8236	15413	10258	3357	2587	45173	6.9	7.019480663	0.119480663	1.565031582
Till Death	tt11804152	2021	984	632	1179	2259	5411	9082	6348	2619	714	1372	30600	5.9	5.944509804	0.044509804	1.851348256
Time Bandits	tt0081633	1981	871	723	1247	2395	5363	12118	21311	15853	6951	6625	73457	6.9	7.078576582	0.178576582	1.759223043
Time Lapse	tt2669336	2014	860	568	1073	2273	5493	12637	16072	8240	2722	2488	52426	6.5	6.588257735	0.088257735	1.691664501
Time of the Gypsies	tt0097223	1988	736	256	247	398	818	1760	4570	9339	7865	8235	34224	8.1	8.124941561	0.024941561	1.849506607
Time Trap	tt4815122	2017	1383	1042	1677	2861	6009	11196	12765	6929	2546	2873	49281	6.2	6.363385483	0.163385483	1.946152615
Timecop	tt0111438	1994	1146	1193	2494	5501	12878	19803	13925	6167	1942	3792	68841	5.9	6.078281838	0.178281838	1.793311623
Timecrimes	tt0480669	2007	1090	602	993	1791	4120	10969	23400	19432	7379	4437	74213	7.1	7.12662202	0.02662202	1.647527596
Timeline	tt0300556	2003	1909	1929	3634	6959	13572	17496	12160	5738	2043	3391	68831	5.6	5.820952768	0.220952768	1.937012735
Tin Cup	tt0117918	1996	814	689	1123	2548	6627	14737	15726	7880	2773	2776	55693	6.4	6.520550159	0.120550159	1.694063397
Tinker Tailor Soldier Spy	tt1340800	2011	3575	2428	3777	6753	15069	33464	64152	54961	24535	15783	224497	7	7.08383631	0.08383631	1.763186466
Titan A.E.	tt0120913	2000	883	683	1209	2857	6726	14337	18858	11297	4448	4964	66262	6.6	6.776282032	0.176282032	1.761540799
Titane	tt10944760	2021	3031	1718	2356	3674	6749	11865	15558	11738	4947	3477	65113	6.5	6.377666518	-0.122333482	2.143953897
Titanic	tt0120338	1997	27241	9990	14126	21794	46839	104941	254456	349397	230295	315453	1374532	7.9	7.889353613	-0.010646387	1.901013705
TMNT	tt0453556	2007	1758	1051	1908	4044	8803	16958	17500	9187	3640	6993	71842	6.2	6.545043289	0.345043289	1.975866489
To All the Boys I've Loved Before	tt3846674	2018	1835	1151	1964	3838	9278	22689	38480	28679	12602	16981	137497	7	7.199611628	0.199611628	1.803133564
To All the Boys: Always and Forever	tt10676012	2021	871	618	918	2153	4915	10040	9090	4843	1879	3182	38509	6.3	6.476226337	0.176226337	1.913548359
To All the Boys: P.S. I Still Love You	tt9354842	2020	1069	852	1599	3371	8329	14708	11456	5605	2073	3390	52452	6.1	6.263555251	0.163555251	1.850912157
To Be or Not to Be	tt0035446	1942	1363	338	532	584	1288	2671	7266	14663	10611	9763	49079	8.1	7.940911592	-0.159088408	1.91846858
To Catch a Killer	tt10275534	2023	954	561	897	1860	4860	12858	18788	9388	2654	2625	55445	6.6	6.680692578	0.080692578	1.643366233
To Catch a Thief	tt0048728	1955	305	220	422	1066	3214	10282	27412	26099	9609	7142	85771	7.4	7.49220599	0.09220599	1.382773224
To Die For	tt0114681	1995	755	530	935	1928	4727	11723	18309	11483	4166	3709	58265	6.8	6.880906204	0.080906204	1.67811044
To Have and Have Not	tt0037382	1944	356	130	205	412	1023	3166	8498	13321	7073	6583	40767	7.8	7.911570633	0.111570633	1.544894818
To Kill a Mockingbird	tt0056592	1962	4146	1401	1839	3373	7818	18593	52580	100124	83153	76088	349115	8.3	8.177574725	-0.122425275	1.629808835
To Live and Die in L.A.	tt0090180	1985	485	272	473	953	2378	6002	13109	12147	5540	4734	46093	7.3	7.382921485	0.082921485	1.653861044
To Rome with Love	tt1859650	2012	1789	1271	2251	5042	11848	24260	26053	12698	4126	3618	92956	6.3	6.382815526	0.082815526	1.72182049
To Strike	tt1821700	2013	1827	224	189	283	427	606	897	1314	2631	21694	30092	7.4	8.877940981	1.477940981	2.447254742
To the Bone	tt5541240	2017	558	408	704	1616	4674	12789	19415	10700	3786	3840	58490	6.7	6.907727817	0.207727817	1.587960821
To the Wonder	tt1595656	2012	2206	1291	1608	2669	4137	5459	5118	3720	2180	2376	30764	5.8	5.93853205	0.13853205	2.436388079
To Wong Foo, Thanks for Everything! Julie Newmar	tt0114682	1995	1111	633	917	1606	3401	6590	9064	6811	3427	6956	40516	6.8	7.069700859	0.269700859	2.154510262
Together	tt0203166	2000	337	215	227	422	1285	2861	6144	7594	3790	2542	25417	7.4	7.475980643	0.075980643	1.692570024
Together	tt31184028	2025	1190	639	951	1861	4986	13574	21065	10997	3005	2804	61072	6.7	6.707738407	0.007738407	1.655293956
Togo	tt5116302	2019	399	108	161	366	1050	3756	12120	19028	11231	12726	60945	7.9	8.134399869	0.234399869	1.465831917
Toilet: A Love Story	tt5785170	2017	1773	239	253	420	1100	2637	5948	5237	2433	5636	25676	7.2	7.314262346	0.114262346	2.39949051
Tokyo Godfathers	tt0388473	2003	553	152	213	452	1180	3593	11811	19488	9831	6638	53911	7.8	7.868561147	0.068561147	1.475582655
Tokyo Story	tt0046438	1953	2204	663	769	1158	2384	4518	11149	20323	14499	18973	76640	8.1	7.963791754	-0.136208246	2.013098336
Tolkien	tt3361792	2019	450	252	487	1247	3887	10564	16911	9931	3632	3418	50779	6.8	6.989405069	0.189405069	1.555378795
Tom & Jerry	tt1361336	2021	2341	1890	2791	4538	8176	8915	5711	2713	1092	4565	42732	5.3	5.714101844	0.414101844	2.350837524
Tomb Raider	tt1365519	2018	3871	2921	5445	11888	30403	65720	67044	28435	8871	14720	239318	6.3	6.450672327	0.150672327	1.732118581
Tombstone	tt0108358	1993	1071	582	978	1980	5415	14463	36814	54712	33468	39214	188697	7.8	8.032390552	0.232390552	1.566572253
Tommy Boy	tt0114694	1995	1286	880	1436	2876	6676	14982	27912	21932	11083	14873	103936	7.1	7.326114147	0.226114147	1.829583129
Tomorrow Never Dies	tt0120347	1997	1805	1511	3078	7653	22790	61517	70338	28015	8096	8865	213668	6.5	6.579015108	0.079015108	1.492370998
Tomorrow, When the War Began	tt1456941	2010	1249	804	1184	2112	3930	6546	6893	4530	2031	3377	32656	6.1	6.440562224	0.340562224	2.200406633
Tomorrowland	tt1964418	2015	3163	2340	4126	9353	23704	51762	55427	27316	9943	11337	198471	6.4	6.530420061	0.130420061	1.730721011
Toni Erdmann	tt4048272	2016	990	631	915	1436	2976	6249	13153	14944	8465	4845	54604	7.3	7.313987986	0.013987986	1.836481935
Toofaan	tt11045422	2021	12917	732	528	605	1054	1362	2301	3682	7416	22598	53195	6.1	6.957683993	0.857683993	3.728318648
Tooth Fairy	tt0808510	2010	2978	2442	4058	7431	12610	10664	5884	2639	1040	2988	52734	5.1	5.278074866	0.178074866	2.126694243
Tootsie	tt0084805	1982	972	607	1044	2047	5179	14359	35643	34977	14288	11978	121094	7.4	7.459031827	0.059031827	1.560244368
Top Five	tt2784678	2014	1143	560	811	1387	3246	6331	7599	4321	1436	1453	28287	6.4	6.351857744	-0.048142256	1.982574158
Top Gun	tt0092099	1986	5321	3866	6522	13790	34745	92530	167487	116270	47092	56317	543940	7	7.181400522	0.181400522	1.683583653
Top Gun: Maverick	tt1745960	2022	6575	2540	3569	5770	13941	39304	115855	236735	209198	205048	838535	8.2	8.334891209	0.134891209	1.516739553
Top Secret!	tt0088286	1984	657	501	997	1894	4543	11198	22871	19057	9091	9918	80727	7.2	7.378956235	0.178956235	1.69392956
Tora! Tora! Tora!	tt0066473	1970	313	163	244	520	1364	3842	10812	12986	5257	3970	39471	7.5	7.59818601	0.09818601	1.500318606
Torn Curtain	tt0061107	1966	293	219	450	1169	3109	8013	10684	4716	1371	1421	31445	6.6	6.660677373	0.060677373	1.529523594
Torque	tt0329691	2004	5135	3098	3852	4604	4512	3380	2138	1144	585	1937	30385	4.2	4.373737041	0.173737041	2.55372655
Tosun Pasha	tt0253828	1976	668	81	70	116	253	602	1621	3290	5270	14142	26113	8.9	8.918852679	0.018852679	1.807941453
Total Recall	tt0100802	1990	1786	1249	2172	4757	13172	40712	108260	124248	47046	33990	377392	7.5	7.565284903	0.065284903	1.423040528
Total Recall	tt1386703	2012	5226	4205	7891	16493	36687	73040	74211	34291	10775	12387	275206	6.2	6.321104918	0.121104918	1.757209526
Totally Killer	tt11426232	2023	1080	574	1116	2340	6389	16537	21454	10356	3478	4088	67412	6.5	6.694816947	0.194816947	1.674514966
Touch of Evil	tt0052311	1958	2066	729	1118	1673	3661	7984	19993	32917	23327	20697	114165	7.9	7.88314282	-0.01685718	1.804225427
Touching the Void	tt0379557	2003	289	149	143	242	615	2125	7099	14602	8565	5800	39629	7.9	8.059829923	0.159829923	1.418428574
Tower Heist	tt0471042	2011	1646	1556	3277	8051	22657	50972	42690	15514	4336	5818	156517	6.2	6.299992972	0.099992972	1.544099316
Toy Soldiers	tt0103112	1991	321	328	698	1323	2934	6151	7287	4279	1574	2252	27147	6.6	6.69930379	0.09930379	1.811763757
Toy Story	tt0114709	1995	6216	2692	3987	7388	19284	52898	174648	370469	281078	238514	1157174	8.3	8.268463515	-0.031536485	1.419264882
Toy Story 2	tt0120363	1999	4922	2018	2769	5557	15826	47648	146196	229140	111355	95691	661122	7.9	7.895831632	-0.004168368	1.474886556
Toy Story 3	tt0435761	2010	8461	3367	4698	8432	20526	54647	156268	275279	223047	202883	957608	8.3	8.172331476	-0.127668524	1.567832586
Toy Story 4	tt1979376	2019	3203	1427	2263	4990	11620	32670	79825	93893	44442	34259	308592	7.6	7.580925623	-0.019074377	1.597068767
Toys	tt0105629	1992	1852	1839	2912	4913	7260	6221	4220	2437	1071	2222	34947	5.1	5.392136664	0.292136664	2.238371319
Tracks	tt2167266	2013	331	165	293	522	1662	4888	11201	8687	2971	2131	32851	7.1	7.221028279	0.121028279	1.512083382
Trading Places	tt0086465	1983	744	459	867	2045	6090	19782	52734	57141	22143	18481	180486	7.5	7.601409528	0.101409528	1.415132778
Traffic	tt0181865	2000	2639	1323	1886	3350	8128	21266	58364	75737	35114	21067	228874	7.5	7.574993228	0.074993228	1.581314039
Train Dreams	tt29768334	2025	434	243	359	682	1806	4909	11766	15454	7798	4970	48421	7.6	7.622415894	0.022415894	1.563284531
Train to Busan	tt5700672	2016	1753	961	1547	3206	8404	25606	75437	97881	46094	38638	299527	7.6	7.77602353	0.17602353	1.4726496
Training Day	tt0139654	2001	2512	1319	2078	4200	11642	37534	121960	185147	87670	56143	510205	7.8	7.834015739	0.034015739	1.375126161
Trainspotting	tt0117951	1996	6965	3303	4126	6796	15205	40167	122124	246095	187812	130357	762950	8.1	8.110185464	0.010185464	1.532442057
Trainwreck	tt3152624	2015	7636	3283	4767	8700	18388	35282	37057	18884	6273	6379	146649	6.2	6.121098678	-0.078901322	2.036976137
Traitor	tt0988047	2008	639	328	491	1124	3443	10747	23096	13595	3984	3091	60538	6.9	7.039528891	0.139528891	1.47076396
Trance	tt1924429	2013	1285	969	1763	3617	8723	22271	39549	26245	9541	6556	120519	6.9	6.957019225	0.057019225	1.607949186
Transamerica	tt0407265	2005	982	276	350	749	1581	4765	11420	12477	5632	4957	43189	7.3	7.457662831	0.157662831	1.776203917
Transcendence	tt2209764	2014	4061	3633	7075	14822	32828	61819	61714	32429	12524	14810	245715	6.2	6.426713876	0.226713876	1.817657251
Transformers	tt0418279	2007	16443	9227	13435	21579	42947	90105	185942	159626	76603	95066	710973	7.1	7.223301025	0.123301025	1.977360252
Transformers One	tt8864596	2024	694	227	299	498	1416	4581	13784	19649	9348	11062	61558	7.6	7.911806751	0.311806751	1.589836249
Transformers: Age of Extinction	tt2109248	2014	18693	13083	19708	31069	55596	74475	58396	32107	14102	29446	346675	5.6	5.884747963	0.284747963	2.287590937
Transformers: Dark of the Moon	tt1399103	2011	14979	10031	15866	26524	51594	96884	103341	61704	27356	43750	452029	6.2	6.479079882	0.279079882	2.118158844
Transformers: Revenge of the Fallen	tt1055369	2009	21121	14305	19041	29824	55554	98708	94471	54036	23787	39211	450058	6	6.212412622	0.212412622	2.228406869
Transformers: Rise of the Beasts	tt5090568	2023	4811	2992	4778	8588	18456	31649	27444	13324	4975	11777	128794	6	6.233986055	0.233986055	2.105309066
Transformers: The Last Knight	tt3371366	2017	13251	9380	13180	20096	34981	36674	24870	12672	5066	13186	183356	5.2	5.452802199	0.252802199	2.326662761
Transporter 2	tt0388482	2005	3062	2672	4821	10535	27906	66134	61533	26460	8718	12694	224535	6.3	6.454031665	0.154031665	1.682204877
Transporter 3	tt1129442	2008	3174	2798	5260	11047	28095	55665	42540	18399	6443	10943	184364	6.1	6.267991582	0.167991582	1.773245696
Transsiberian	tt0800241	2008	582	458	835	1845	4932	13552	20070	9683	2456	1877	56290	6.6	6.682945461	0.082945461	1.498449326
Trap	tt26753003	2024	6614	5191	8204	13924	26065	40337	32632	13890	4344	6497	157698	5.8	5.791202171	-0.008797829	1.996159705
Trapped	tt0280380	2002	442	357	815	1609	3842	8389	6559	2800	845	1285	26943	6.1	6.248339086	0.148339086	1.708439309
Treasure Planet	tt0133240	2002	845	586	1109	2626	7365	20736	42461	34439	16244	19526	145937	7.2	7.477774656	0.277774656	1.610424397
Tremors	tt0100814	1990	1097	929	1715	3320	8812	24343	52704	39443	14918	16673	163954	7.2	7.300596509	0.100596509	1.589032682
Trespass	tt1674784	2011	1938	1877	3214	5841	11066	11923	6319	2409	809	1845	47241	5.3	5.393662285	0.093662285	1.936907362
Triangle	tt1187064	2009	2406	1519	2505	4735	10520	25380	44364	30947	12561	11104	146041	6.9	6.977437843	0.077437843	1.76665037
Triangle of Sadness	tt7322224	2022	3648	2124	3188	5196	10810	26790	58220	61226	26559	14094	211855	7.2	7.223586887	0.023586887	1.73257552
Trick 'r Treat	tt0862856	2007	2432	1664	2702	4747	9857	19740	29289	21271	9726	12328	113756	6.7	6.914659447	0.214659447	1.976908393
Triple 9	tt1712261	2016	1413	783	1659	3853	10918	24718	23673	9013	2352	2592	80974	6.3	6.312754711	0.012754711	1.585530103
Triple Frontier	tt1488606	2019	1889	1407	2825	6283	17431	45626	51560	20740	5180	6046	158987	6.5	6.498273444	-0.001726556	1.538114089
Tristan + Isolde	tt0375154	2006	733	452	813	1893	4608	10299	15477	9827	4538	7148	55788	6.8	7.093980784	0.293980784	1.837122838
Troll	tt11116912	2022	1590	1392	2482	4815	10608	16952	11465	4454	1336	2480	57574	5.8	5.880136867	0.080136867	1.837481035
Troll 2	tt0105643	1990	16388	4939	3142	1763	1510	1268	1126	1146	646	4283	36211	3	3.413216978	0.413216978	3.167565684
Troll Hunter	tt1740707	2010	1305	842	1347	2438	5432	13369	25555	19300	7252	5968	82808	6.9	7.033004058	0.133004058	1.732503247
Trolls	tt1679335	2016	2221	1627	2513	4848	11016	22763	25367	14268	5717	8978	99318	6.4	6.615215772	0.215215772	1.941923595
Trolls World Tour	tt6587640	2020	1275	691	1002	1936	4487	8131	6743	3510	1493	3004	32272	6.1	6.302243431	0.202243431	2.108840941
Tron	tt0084827	1982	1604	1427	2567	5297	12593	29192	43118	26408	10245	11389	143840	6.7	6.887159344	0.187159344	1.728572278
Tron: Ares	tt6604188	2025	2038	1142	1808	3384	7065	12975	14534	8154	3102	4754	58956	6.2	6.426572359	0.226572359	2.044783703
Tron: Legacy	tt1104001	2010	4715	3755	6747	14020	33664	72987	108292	71908	31685	35653	383426	6.8	6.962988947	0.162988947	1.786979762
Tropic Thunder	tt0942385	2008	7113	4834	7714	13824	30541	69373	136274	115615	51470	46334	483092	7.1	7.18200674	0.08200674	1.784742683
Trouble with the Curve	tt2083383	2012	656	384	742	1687	4727	14877	26506	13616	4342	4102	71639	6.8	6.949608453	0.149608453	1.502745501
Troy	tt0332452	2004	5765	3694	6682	13025	30504	77300	168340	160919	74230	68158	608617	7.3	7.421746353	0.121746353	1.664570087
True Crime	tt0139668	1999	463	323	589	1283	3867	11377	14260	5697	1562	1544	40965	6.6	6.603173441	0.003173441	1.498210268
True Grit	tt1403865	2010	2277	1062	1744	3674	10200	34402	103607	134064	54040	28601	373671	7.6	7.63203995	0.03203995	1.371672791
True Grit	tt0065126	1969	409	249	372	763	2282	6107	16285	15531	6276	6180	54454	7.4	7.522936791	0.122936791	1.547293437
True Lies	tt0111503	1994	2381	1549	2677	5592	14754	40777	92273	79462	31792	27452	298709	7.3	7.353528016	0.053528016	1.567303903
True Memoirs of an International Assassin	tt1542768	2016	593	482	895	1798	4490	7923	5680	2106	651	1022	25640	5.9	6.01049142	0.11049142	1.750743579
True Romance	tt0108399	1993	1668	799	1244	2333	6292	17927	51493	84801	49343	42404	258304	7.9	7.984150458	0.084150458	1.495431685
True Story	tt2273657	2015	809	625	1266	3441	10508	23849	22503	8378	2091	1976	75446	6.3	6.340680752	0.040680752	1.472501755
Trumbo	tt3203606	2015	687	260	344	831	2376	9083	27790	30378	9713	5709	87171	7.4	7.502518039	0.102518039	1.360719184
Trust	tt1529572	2010	595	386	548	1242	3341	9092	15407	9034	3226	3090	45961	6.9	6.946998542	0.046998542	1.636526127
Truth or Dare	tt6772950	2018	3366	3417	5256	8843	15036	16696	10517	4755	1689	3364	72939	5.2	5.445591522	0.245591522	2.070479452
Tsotsi	tt0468565	2005	497	296	321	540	1372	3936	9144	8409	3458	4251	32224	7.2	7.435451837	0.235451837	1.753709497
Tu Jhoothi Main Makkaar	tt8672856	2023	3041	743	800	1162	2271	3623	4308	4415	3185	6718	30266	6	6.805953876	0.805953876	2.818910013
Tu Meri Main Tera Main Tera Tu Meri	tt35146696	2025	3668	1089	1209	57	98	87	58	540	3436	16088	26330	5.5	7.870983669	2.370983669	3.479214153
Tuck Everlasting	tt0283084	2002	424	287	511	1116	2884	5866	6739	4016	1734	3089	26666	6.6	6.840471012	0.240471012	1.898763142
Tucker and Dale vs Evil	tt1465522	2010	1248	660	1221	2473	6810	20695	55008	66006	28608	24369	207098	7.5	7.670808023	0.170808023	1.486671782
Tully	tt5610554	2018	905	458	682	1498	4102	12161	24311	14885	4108	2758	65868	6.9	6.940304852	0.040304852	1.523582361
Tumbbad	tt8239946	2018	1295	309	318	538	1114	2485	6244	13031	17633	29949	72916	8.2	8.662598058	0.462598058	1.747886872
Turbo	tt1860353	2013	1765	1449	2759	5964	14697	32685	33569	15931	5493	8473	122785	6.4	6.539797206	0.139797206	1.752761748
Turbo Kid	tt3672742	2015	938	469	744	1372	2606	5550	8439	5761	2425	2654	30958	6.7	6.765682538	0.065682538	1.996267644
Turistas	tt0454970	2006	2301	1608	2632	4687	9166	9904	6194	2672	897	2071	42132	5.4	5.481154467	0.081154467	2.076164999
Turner & Hooch	tt0098536	1989	859	893	1823	4558	12406	24993	20010	8313	2672	3674	80201	6.2	6.305357789	0.105357789	1.623639994
Turning Red	tt8097030	2022	6436	2255	2934	5136	11593	27891	49290	35443	14414	15581	170973	6.9	6.899995906	-0.000004094	2.004720539
Tusk	tt3099498	2014	6106	3609	4913	7327	11999	14795	11412	5802	1884	3495	71342	5.4	5.387317429	-0.012682571	2.297682202
Twilight	tt1099212	2008	60570	23480	30746	44130	72160	82185	69623	43902	22380	71018	520194	5.4	5.729352895	0.329352895	2.759142001
Twilight Zone: The Movie	tt0086491	1983	608	418	743	1813	5348	11882	12998	5947	1796	2569	44122	6.5	6.558474231	0.058474231	1.659233918
Twin Peaks: Fire Walk with Me	tt0105665	1992	1704	1177	1812	3057	6402	14189	28372	27401	15079	17963	117156	7.3	7.44322954	0.14322954	1.878561974
Twins	tt0096320	1988	1490	1863	3793	8961	22810	44565	35688	15287	4715	6796	145968	6.2	6.277992437	0.077992437	1.648297752
Twister	tt0117998	1996	3177	3045	5245	11234	27640	60754	69058	37420	13532	18393	249498	6.6	6.65795317	0.05795317	1.762150534
Twisters	tt12584954	2024	3041	2339	4052	7933	19794	45403	57334	28868	9340	11571	189675	6.5	6.616828786	0.116828786	1.735480761
Two Days in Paris	tt0841044	2007	566	412	605	1148	2600	6076	10322	6540	2424	1899	32592	6.7	6.830909426	0.130909426	1.747799976
Two Days, One Night	tt2737050	2014	524	300	499	924	2525	6994	16055	15177	6151	2884	52033	7.3	7.282032556	-0.017967444	1.527199155
Two for the Money	tt0417217	2005	725	600	1095	2653	7183	16471	15197	6065	1675	2166	53830	6.2	6.356994241	0.156994241	1.599421685
Two Is a Family	tt5078204	2016	290	152	249	490	1231	3445	8113	8869	3961	3239	30039	7.3	7.52049003	0.22049003	1.598249783
Two Lovers	tt1103275	2008	562	344	582	1186	3056	7880	14456	10496	3942	2950	45454	7	7.049720597	0.049720597	1.635790595
Two Mules for Sister Sara	tt0065134	1970	228	146	249	483	2025	5974	13085	7055	2020	2116	33381	7	7.086156796	0.086156796	1.4293237
Two Night Stand	tt2140619	2014	848	775	1384	3476	9424	21037	22022	9748	3460	3981	76155	6.3	6.524640536	0.224640536	1.63779147
Two Weeks Notice	tt0313737	2002	2531	2351	3960	8397	20090	37045	31270	15171	5660	6992	133467	6.2	6.267759072	0.067759072	1.806183744
Tyrannosaur	tt1204340	2011	397	155	213	402	1041	3326	9273	12277	5228	2789	35101	7.5	7.583373693	0.083373693	1.500496185
U Turn	tt0120399	1997	1312	716	1173	2145	4792	10820	16888	11281	4338	3724	57189	6.7	6.792722377	0.092722377	1.836524371
U-571	tt0141926	2000	2339	1035	1639	3023	7894	19996	30510	15819	4893	4200	91348	6.6	6.645170119	0.045170119	1.740659611
U.S. Marshals	tt0120873	1998	846	626	1399	3791	11309	33335	41363	17276	4635	5121	119701	6.6	6.672358627	0.072358627	1.445863032
Udaan	tt1639426	2010	1320	287	307	439	870	1830	5332	12104	13671	13329	49489	8.1	8.292469034	0.192469034	1.869417561
Udta Punjab	tt4434004	2016	1336	241	281	460	1106	2242	6010	9636	6517	6016	33845	7.7	7.725040626	0.025040626	2.044586541
Ugetsu	tt0046478	1953	725	165	177	243	651	1692	4364	7903	6035	5952	27907	8.1	8.011323324	-0.088676676	1.860624344
Uglies	tt13186604	2024	3222	2662	3718	5223	7019	5930	3495	1790	697	2301	36057	4.7	4.973652827	0.273652827	2.356821731
UHF	tt0098546	1989	536	406	681	1196	2511	5101	8340	6322	3177	5609	33879	6.9	7.230880486	0.330880486	1.988484862
Ulajh	tt19838634	2024	873	212	208	306	588	1500	1537	3503	6840	9972	25539	6	8.424292259	2.424292259	2.126329439
Ultraviolet	tt0370032	2006	9616	8014	10790	14178	15142	11604	7077	3753	1538	4432	86144	4.4	4.617675056	0.217675056	2.360105939
Umberto D.	tt0045274	1952	979	215	237	352	783	1779	4312	8657	6585	6394	30293	8.1	7.947776714	-0.152223286	1.972186963
Unbreakable	tt0217869	2000	3896	2802	4485	8958	22100	62827	143953	128528	51093	35629	464271	7.3	7.319584898	0.019584898	1.553226988
Unbroken	tt1809398	2014	1853	946	1526	3190	8897	26037	61223	53144	21354	18770	196940	7.2	7.390012186	0.190012186	1.5654779
Uncharted	tt1464335	2022	6134	3400	6588	14248	35623	79057	83516	36534	11322	18047	294469	6.3	6.457043016	0.157043016	1.766071171
Uncle Buck	tt0098554	1989	697	565	1101	2429	7041	19506	37347	26502	10923	13798	119909	7.1	7.312370214	0.212370214	1.605399674
Uncut Gems	tt5727208	2019	7226	4057	5491	8435	16273	36096	83100	106094	53951	26743	347466	7.4	7.330026535	-0.069973465	1.820250463
Under Paris	tt13964390	2024	2432	2024	3011	5056	8135	8484	5142	2130	728	1729	38871	5.2	5.25306784	0.05306784	2.120826516
Under Siege	tt0105690	1992	1570	1207	2180	4454	11053	25179	29919	14901	4903	6093	101459	6.5	6.587656098	0.087656098	1.728568058
Under Siege 2: Dark Territory	tt0114781	1995	1693	1592	3026	5878	11702	12906	8293	3737	1341	2671	52839	5.6	5.680255115	0.080255115	1.959548285
Under Suspicion	tt0164212	2000	431	321	649	1357	3443	7826	9189	4345	1355	1225	30141	6.4	6.507647391	0.107647391	1.641566564
Under the Shadow	tt4273292	2016	770	375	598	1131	2736	6249	9976	6719	2225	1449	32228	6.8	6.736719623	-0.063280377	1.765586305
Under the Silver Lake	tt5691670	2018	2017	1353	1974	3274	6117	10948	14070	10896	4805	3509	58963	6.5	6.512677442	0.012677442	2.061588902
Under the Skin	tt1441395	2013	9236	5669	7347	10833	18047	28129	34127	28717	14946	11766	168817	6.3	6.313078659	0.013078659	2.31448937
Under the Tuscan Sun	tt0328589	2003	790	541	953	2098	5275	12907	18381	11444	5300	6823	64512	6.8	7.023328993	0.223328993	1.778785776
Undercover Brother	tt0279493	2002	1442	1067	1613	2975	5450	8308	7675	4441	1716	3036	37723	5.9	6.162553349	0.262553349	2.144328549
Underground	tt0114787	1995	1638	530	636	971	1881	3443	7945	15531	13744	17476	63795	8	8.102076965	0.102076965	1.98912015
Underwater	tt5774060	2020	2422	2292	4038	8393	19465	30196	23277	9781	2813	4170	106847	5.9	5.984229787	0.084229787	1.786512128
Underworld	tt0320691	2003	3106	2323	4333	8218	18730	46883	96016	64062	25253	29552	298476	7	7.156273871	0.156273871	1.696196048
Underworld: Awakening	tt1496025	2012	2687	2266	4315	8806	20276	41204	41757	20831	8575	15875	166592	6.3	6.59613907	0.29613907	1.889584727
Underworld: Blood Wars	tt3717252	2016	1844	1887	3616	6960	15536	22942	15770	7228	2910	6696	85389	5.8	6.101511904	0.301511904	1.963920405
Underworld: Evolution	tt0401855	2006	2527	1981	3640	7615	18483	45673	67112	35089	13883	20649	216652	6.7	6.906259808	0.206259808	1.747283246
Underworld: Rise of the Lycans	tt0834001	2009	2146	1696	3183	6866	17184	40590	51566	26377	10078	14392	174078	6.5	6.770591344	0.270591344	1.742843623
Undisputed	tt0281322	2002	620	475	1142	2279	5518	11097	8506	3518	1119	2190	36464	6.1	6.251124397	0.151124397	1.763531058
Unfaithful	tt0250797	2002	1273	854	1415	3209	8694	23852	34133	18409	6763	7473	106075	6.7	6.867254301	0.167254301	1.648254562
Unfinished Business	tt2358925	2015	1214	1182	2121	4176	8524	10219	5495	1980	621	1206	36738	5.4	5.512902172	0.112902172	1.830995175
Unforgiven	tt0105695	1992	4003	1509	2053	4002	9102	24636	75658	146170	114327	82810	464270	8.2	8.138632692	-0.061367308	1.51000887
Unfriended	tt3713166	2014	5172	3874	5201	8218	15231	20667	15079	6892	2256	3947	86537	5.6	5.570045183	-0.029954817	2.140003795
Unfriended: Dark Web	tt4761916	2018	1603	1067	1577	2734	5915	10560	9602	5160	1784	2318	42320	6	6.145297732	0.145297732	2.008297989
Unfrosted	tt14914430	2024	3039	1679	2114	3196	5600	7240	6113	3379	1430	2534	36324	5.5	5.64354146	0.14354146	2.39687836
Unhinged	tt10059518	2020	3338	2104	3223	5796	12286	23694	19900	8757	2730	3839	85667	6	6.026929856	0.026929856	1.940115271
United 93	tt0475276	2006	4142	961	1200	1975	4223	10771	25922	31320	17345	17096	114955	7.6	7.501926841	-0.098073159	2.007732333
Universal Soldier	tt0105698	1992	1865	1825	3431	6960	15699	27880	22452	10516	3526	6780	100934	6.1	6.244169457	0.144169457	1.859381039
Universal Soldier: Regeneration	tt1288403	2009	1474	1172	1958	3428	5967	5254	3400	1737	729	2125	27244	5.3	5.515709881	0.215709881	2.245955275
Universal Soldier: The Return	tt0176269	1999	3248	3031	4496	6164	5774	3691	1978	926	423	2141	31872	4.2	4.547596637	0.347596637	2.357293385
Unknown	tt1401152	2011	1400	1186	2484	6273	19003	57949	102599	53190	16607	14901	275592	6.8	6.971214694	0.171214694	1.430196145
Unknown	tt0450340	2006	384	259	602	1370	3624	8667	10162	4457	1300	1455	32280	6.4	6.54739777	0.14739777	1.589599954
Unleashed	tt0342258	2005	879	666	1252	2567	7142	18933	37020	24246	9165	9547	111417	7	7.149770681	0.149770681	1.594478519
Unlocked	tt1734493	2017	645	368	754	1941	5058	12269	12008	4970	1350	1427	40790	6.3	6.387521451	0.087521451	1.58418234
Unsane	tt7153766	2018	1252	779	1292	2582	6026	14016	16235	7377	1921	1693	53173	6.4	6.358866342	-0.041133658	1.707456799
Unstoppable	tt0477080	2010	1834	1424	2531	5616	16264	47678	77854	39309	12469	12420	217399	6.8	6.890546875	0.090546875	1.522241117
Unthinkable	tt0914863	2010	1924	831	1294	2365	5693	15154	31331	24040	9587	7078	99297	7	7.100083588	0.100083588	1.723778535
Until Dawn	tt30955489	2025	1585	1376	2521	5120	11394	17080	11542	4830	1570	3141	60159	5.7	5.931016141	0.231016141	1.873548806
Untraceable	tt0880578	2008	1122	830	1488	3044	7357	15441	14285	6245	2040	2640	54492	6.2	6.304925494	0.104925494	1.761365607
Up	tt1049413	2009	6212	2915	4155	8222	20744	61506	190848	373659	310525	239665	1218451	8.3	8.245496947	-0.054503053	1.422076538
Up in Smoke	tt0078446	1978	730	478	697	1408	3251	6946	11907	7943	3613	6148	43121	6.9	7.148025324	0.248025324	1.918964494
Up in the Air	tt1193138	2009	2355	1462	2478	5379	14948	45801	112163	108573	43265	22594	359018	7.4	7.389114195	-0.010885805	1.44110646
Upgrade	tt6499752	2018	1023	604	1063	2270	6942	23659	66250	77748	30874	19946	230379	7.5	7.614513476	0.114513476	1.373413243
Upgraded	tt21830902	2024	644	448	767	1816	4801	9799	7622	3425	1267	1816	32405	6.1	6.302144731	0.202144731	1.765987169
Upside Down	tt1374992	2012	1243	1165	2096	4264	9298	17955	19210	10628	4200	5506	75565	6.3	6.530682194	0.230682194	1.859462384
Upstream Color	tt2084989	2013	1531	1026	1274	1972	3163	5253	7649	7117	3957	3017	35959	6.5	6.643343808	0.143343808	2.251788471
Uptown Girls	tt0263757	2003	873	760	1391	2873	6619	11986	10971	6933	3070	5377	50853	6.3	6.621634908	0.321634908	1.969886951
Urban Legend	tt0146336	1998	1851	2116	3997	8172	16560	20082	12708	5794	2060	4263	77603	5.6	5.805600299	0.205600299	1.916571586
Uri: The Surgical Strike	tt8291224	2019	3154	401	419	531	1128	2453	6520	12423	14226	39239	80494	8.2	8.611113872	0.411113872	2.101725462
Us	tt6857112	2019	12352	6055	8765	14647	30790	67923	107311	80640	32289	23946	384718	6.8	6.750895461	-0.049104539	1.9484956
V for Vendetta	tt0434409	2005	11482	5059	7244	12141	27774	72024	192829	342747	299246	266016	1236562	8.1	8.174327692	0.074327692	1.602808643
V/H/S	tt2105044	2012	3416	2441	3629	6016	11575	17685	15122	8144	2939	3863	74830	5.8	5.924375251	0.124375251	2.094549243
V/H/S/2	tt2450186	2013	1718	1285	1980	3370	6685	11741	10518	5928	2209	2782	48216	6	6.145885183	0.145885183	2.032055889
Vacancy	tt0452702	2007	1867	1639	3062	6346	15437	31799	29062	12989	4242	5959	112402	6.2	6.341595345	0.141595345	1.746116831
Vacation	tt1524930	2015	3304	2599	4351	7686	17333	33491	31346	16339	6182	8223	130854	6.2	6.326990386	0.126990386	1.917929601
Vacation Friends	tt3626476	2021	611	355	591	1357	4031	9676	9171	4235	1237	2199	33463	6.3	6.512655769	0.212655769	1.723232232
Valentine	tt0242998	2001	1803	1916	3052	4769	6370	5302	3280	1688	701	2482	31363	4.9	5.264866244	0.364866244	2.312745151
Valentine's Day	tt0817230	2010	4434	3572	5770	11057	23934	33379	23604	11587	4634	7177	129148	5.8	5.919255428	0.119255428	1.994483157
Valerian and the City of a Thousand Planets	tt2239822	2017	4070	3488	5699	10910	22960	44655	55637	32683	12848	14826	207776	6.4	6.590405052	0.190405052	1.890059529
Valhalla Rising	tt0862467	2009	3520	2396	3210	4826	8097	12295	13588	9589	4280	4384	66185	6	6.129621515	0.129621515	2.273602905
Valiant	tt0361089	2005	625	694	1314	2733	5929	7294	3853	1528	512	1146	25628	5.5	5.679686281	0.179686281	1.828648514
Valkyrie	tt0985699	2008	2546	1085	1815	4009	12305	41261	100192	71279	22036	15884	272412	7.1	7.209770495	0.109770495	1.439876898
Vampire Academy	tt1686821	2014	3289	2415	3435	5427	8721	10336	8267	5131	2743	8614	58378	5.4	6.089571414	0.689571414	2.527891016
Vampire Hunter D: Bloodlust	tt0216651	2000	487	193	290	487	1276	3279	8529	12493	6587	6729	40350	7.7	7.830607187	0.130607187	1.661055928
Vampire in Brooklyn	tt0114825	1995	1506	1719	3162	5258	5672	4308	2381	1067	400	1179	26652	4.7	4.887550653	0.187550653	2.090285042
Vampires	tt0120877	1998	1581	1364	2376	4606	9790	17720	15980	7998	2608	3830	67853	6.1	6.230336168	0.130336168	1.880999122
Vampires Suck	tt1666186	2010	12625	7205	7214	6664	5946	4259	2876	1856	1204	4576	54425	3.5	4.082553973	0.582553973	2.78685098
Van Helsing	tt0338526	2004	7339	6897	11898	20857	41684	71814	69110	36993	14352	23303	304247	6.1	6.315496948	0.215496948	1.998233184
Van Wilder	tt0283111	2002	2221	1899	3262	5987	13254	28018	31953	17304	6774	9405	120077	6.4	6.589521724	0.189521724	1.877686925
Vanilla Sky	tt0259711	2001	6320	3775	5627	10581	22388	48494	82502	64970	31584	29079	305320	6.9	7.036221014	0.136221014	1.896218343
Vanishing on 7th Street	tt1452628	2010	1926	1767	2629	4525	6357	5079	2854	1318	522	1223	28200	4.9	5.005531915	0.105531915	2.13919612
Vanishing Point	tt0067927	1971	316	202	363	685	1705	4214	9001	8189	3500	4023	32198	7.2	7.410615566	0.210615566	1.694060332
Vantage Point	tt0443274	2008	2264	1588	2949	6334	15021	35893	50605	26256	8674	7777	157361	6.6	6.673858199	0.073858199	1.663740813
Varisu	tt11998558	2023	6795	885	943	1227	2171	2421	2217	1791	1715	20849	41014	5.9	7.203759692	1.303759692	3.486602047
Varsity Blues	tt0139699	1999	981	658	1174	2274	5474	11676	14364	8352	3122	4033	52108	6.6	6.680989483	0.080989483	1.840045
Veer-Zaara	tt0420332	2004	2188	443	528	772	1730	3466	7763	11671	9054	28407	66022	7.8	8.337478416	0.537478416	2.135471981
Vegas Vacation	tt0120434	1997	930	1157	2233	4399	9466	14651	11392	5705	2170	3823	55926	5.9	6.18529843	0.28529843	1.900101178
Velvet Buzzsaw	tt7043012	2019	1953	1972	3766	7298	13923	18918	12739	4964	1388	1638	68559	5.7	5.648667571	-0.051332429	1.792246689
Velvet Goldmine	tt0120879	1998	870	520	787	1380	2843	6103	9708	7641	4038	6210	40100	6.9	7.185785536	0.285785536	2.029151729
Vengeance	tt11976532	2022	752	363	494	959	2539	7125	12204	8160	2823	5825	41244	6.8	7.19149452	0.39149452	1.844575296
Venom	tt1270797	2018	6989	5968	11520	22607	51756	119695	178896	106262	38704	55640	598037	6.6	6.90252777	0.30252777	1.768996036
Venom: Let There Be Carnage	tt7097896	2021	6646	6080	11459	22906	51109	83374	62074	26333	9242	19561	298784	5.9	6.10663891	0.20663891	1.89192351
Venom: The Last Dance	tt16366836	2024	3392	2822	5082	9733	21274	39769	33419	15222	5278	12420	148411	6	6.304175567	0.304175567	1.947172405
Vera Drake	tt0383694	2004	383	160	180	300	841	2485	6954	9667	4457	2997	28424	7.6	7.657437377	0.057437377	1.584938918
Veronica	tt5862312	2017	1131	827	1598	3286	7382	14328	13584	6095	1732	2326	52289	6.2	6.240260858	0.040260858	1.77189811
Veronica Mars	tt2771372	2014	1136	611	1005	2015	4668	10150	13766	9504	5105	8337	56297	6.7	7.094196849	0.394196849	1.993245104
Vertical Limit	tt0190865	2000	1591	1537	2768	5173	11691	19374	14777	6571	2076	2847	68405	6	6.015949127	0.015949127	1.821446026
Vertigo	tt0052357	1958	3996	1642	2527	4506	10444	25129	70214	128343	107710	100896	455407	8.2	8.195901688	-0.004098312	1.588215893
Very Bad Things	tt0124198	1998	2111	1326	1729	2758	5494	10819	12661	7837	3096	2935	50766	6.3	6.340917149	0.040917149	2.077067058
Vesper	tt20225374	2022	791	595	916	1732	3711	6354	5390	3136	1691	2418	26734	6	6.379628937	0.379628937	2.084567398
Vettaiyan	tt26936666	2024	2917	202	197	355	809	1821	3056	2414	1244	28025	41040	6.9	8.588036062	1.688036062	2.600750986
Vice	tt6266538	2018	2453	1219	1632	3233	8133	23393	57627	49450	17056	8910	173106	7.2	7.194060287	-0.005939713	1.559988159
Vicky Cristina Barcelona	tt0497465	2008	3601	2228	3568	6712	16250	41891	87114	71895	27969	17792	279020	7.1	7.142154684	0.042154684	1.637303319
Vicky Donor	tt2317337	2012	810	203	220	427	1010	3079	10053	15628	8554	7730	47714	7.7	7.896822735	0.196822735	1.64908783
Victor Frankenstein	tt1976009	2015	1012	1001	1988	4556	11041	19501	13833	5763	1817	2748	63260	6	6.104663294	0.104663294	1.710047989
Victor/Victoria	tt0084865	1982	305	180	252	401	1092	2599	5453	6886	3792	4434	25394	7.6	7.710719067	0.110719067	1.766294007
Victoria	tt4226388	2015	905	523	782	1234	2595	5753	14018	20838	12126	7804	66578	7.6	7.64111268	0.04111268	1.72286782
Victoria & Abdul	tt5816682	2017	664	217	419	942	2788	8420	13721	7532	2512	2571	39786	6.8	6.91710652	0.11710652	1.620906342
Victory	tt0083284	1981	399	256	489	1135	3135	8397	11539	5563	1815	2593	35321	6.7	6.809461793	0.109461793	1.636725298
Videodrome	tt0086541	1983	1407	970	1574	3058	6790	15975	30288	27500	12699	11325	111586	7.2	7.25591024	0.05591024	1.754927583
View from the Top	tt0264150	2003	1126	1232	2055	3731	7146	6925	4093	1668	633	1367	29976	5.3	5.448392047	0.148392047	1.981062659
Vikram	tt9179430	2022	2840	424	352	525	1140	2343	6039	13461	16794	44210	88128	8.3	8.735123911	0.435123911	1.973717251
Vikram Vedha	tt6148156	2017	1537	204	200	316	698	1448	4410	10985	13664	21431	54893	8.2	8.59896526	0.39896526	1.855033768
Vikram Vedha	tt13131350	2022	4653	462	320	361	787	1602	3725	3841	2480	8961	27192	7.1	6.996947632	-0.103052368	3.246500404
Vikrant Rona	tt12015102	2022	1794	292	330	443	941	1706	2742	2599	4650	14007	29504	6.9	8.201837039	1.301837039	2.546167685
Village of the Damned	tt0114852	1995	849	769	1746	3698	8251	10227	6223	2360	752	1642	36517	5.7	5.768902155	0.068902155	1.805521264
Vini Jr.	tt34682248	2025	8713	184	72	61	119	147	162	137	150	19741	29486	4	7.190124127	3.190124127	4.109457793
Violent Night	tt12003946	2022	1819	1220	2005	3933	10108	25332	37191	21375	7614	9656	120253	6.7	6.860211388	0.160211388	1.743664678
Viridiana	tt0055601	1961	304	172	162	313	686	1833	4622	8475	5828	5433	27828	8	8.040462843	0.040462843	1.65032047
Virtuosity	tt0114857	1995	967	929	1879	3721	7863	9181	5548	2252	682	1464	34486	5.5	5.665400452	0.165400452	1.857267726
Virus	tt0120458	1999	1635	1769	3076	4859	7035	6255	3691	1624	487	1125	31556	5.1	5.102167575	0.002167575	2.033366198
Vishwaroopam	tt2199711	2013	1814	242	255	348	690	1241	2444	3674	5163	27192	43063	7.9	8.829807491	0.929807491	2.194808852
Vivarium	tt8368406	2019	5029	2754	4074	7176	14060	21819	18674	8821	2845	2941	88193	5.9	5.771183654	-0.128816346	2.051641011
Vivre sa vie	tt0056663	1962	480	194	307	554	1119	2988	7076	11312	6748	6528	37306	7.8	7.869189943	0.069189943	1.704348035
Vizontele	tt0270053	2001	1010	187	235	366	806	2095	6689	12949	7519	9014	40870	8	8.034719843	0.034719843	1.809396987
Volcano	tt0120461	1997	2010	2394	4687	9623	20201	22956	13824	5475	1799	3296	86265	5.6	5.654796267	0.054796267	1.813812125
Volver	tt0441909	2006	966	464	641	1317	3448	10368	28293	37698	17444	11378	112017	7.6	7.667978967	0.067978967	1.501497472
Voyagers	tt9664108	2021	1236	1022	1801	3374	6409	7686	4742	1792	545	1027	29634	5.5	5.501957211	0.001957211	1.920204709
W.	tt1175491	2008	2509	805	1149	2269	5828	12875	14358	6944	1990	2524	51251	6.3	6.287487073	-0.012512927	1.960797078
Wag the Dog	tt0120885	1997	1014	672	1104	2195	5495	14244	28840	22504	9477	6900	92445	7.1	7.178257342	0.078257342	1.633006953
Wait Until Dark	tt0062467	1967	219	132	167	313	950	2915	7989	12780	5891	4775	36131	7.7	7.843901359	0.143901359	1.459629294
Waiting for Guffman	tt0118111	1996	412	217	277	545	1253	3297	8020	8514	4726	5104	32365	7.4	7.654256141	0.254256141	1.734823721
Waiting...	tt0348333	2005	2051	1439	2318	4054	9222	20048	31854	20598	8779	11407	111770	6.7	6.93692404	0.23692404	1.887639327
Waitress	tt0473308	2007	808	560	750	1471	3309	7537	14041	11440	5536	5501	50953	7	7.192314486	0.192314486	1.828258315
Wake Up Dead Man	tt14364480	2025	1274	653	1064	2118	6117	20904	55832	56854	19462	10466	174744	7.4	7.415001373	0.015001373	1.39990033
Wake Up Sid	tt1324059	2009	783	173	239	377	1070	2940	8429	11459	5850	5516	36836	7.6	7.732354219	0.132354219	1.74136182
Waking Life	tt0243017	2001	1482	771	935	1381	2604	5071	11041	17055	13271	15552	69163	7.6	7.858031028	0.258031028	1.992913498
Waking Ned Devine	tt0166396	1998	280	145	244	496	1242	3400	8143	7930	4184	3446	29510	7.3	7.538224331	0.238224331	1.621348299
Walk Hard: The Dewey Cox Story	tt0841046	2007	1972	1051	1661	2917	6137	13451	21488	16157	7532	8535	80901	6.9	6.982929754	0.082929754	1.961216752
Walk of Shame	tt2463288	2014	1245	1143	2059	4180	9267	16793	13191	5717	2045	3267	58907	6	6.156636732	0.156636732	1.83902896
Walk the Line	tt0358273	2005	2244	663	968	2091	5856	18606	60185	98843	48551	40667	278674	7.8	7.935516051	0.135516051	1.453637379
Walkabout	tt0067959	1971	410	185	273	537	1240	2962	6730	8457	4669	3847	29310	7.6	7.607505971	0.007505971	1.727314159
Walking Tall	tt0351977	2004	1066	876	1932	4366	11441	24668	31099	19903	8386	8839	112576	6.2	6.858229107	0.658229107	1.716400327
Wall Street	tt0094291	1987	941	493	779	2003	6039	20972	60064	52851	17512	11602	173256	7.3	7.417849887	0.117849887	1.356673537
Wall Street: Money Never Sleeps	tt1027718	2010	1736	1283	2383	5760	15206	33546	30325	11738	3378	4112	109467	6.2	6.298683622	0.098683622	1.620123124
Wallace & Gromit: The Curse of the Were-Rabbit	tt0312004	2005	1718	771	1180	2366	6340	17766	42411	46757	19508	17531	156348	7.5	7.524080896	0.024080896	1.607577373
Wallace & Gromit: Vengeance Most Fowl	tt17163970	2024	225	96	146	316	1077	4195	11644	13076	5031	4368	40174	7.5	7.66040225	0.16040225	1.403859996
WALL·E	tt0910970	2008	11866	4358	6046	9880	21413	55606	167016	352423	353322	320222	1302152	8.4	8.362737223	-0.037262777	1.541097381
Waltz with Bashir	tt1185616	2008	1108	296	388	628	1323	3640	10220	21129	14419	9201	62352	8	7.957788042	-0.042211958	1.663284022
Wanderlust	tt1655460	2012	2611	2239	3863	8221	17341	22292	14399	6065	2188	3397	82616	5.6	5.749418999	0.149418999	1.885182323
Wanted	tt1084972	2009	2613	534	556	888	1924	3630	5319	3831	2518	7469	29282	6.6	7.019124377	0.419124377	2.720707679
Wanted	tt0493464	2008	7918	5684	8816	16948	37420	85500	126536	77148	29692	30281	425943	6.7	6.776963115	0.076963115	1.815015191
War	tt7430722	2019	2963	734	840	1328	2808	5347	7523	5595	2946	9396	39480	6.6	6.997973658	0.397973658	2.609985161
War	tt0499556	2007	1645	1340	2590	5857	13828	29170	25331	11143	3736	6252	100892	6.2	6.366094438	0.166094438	1.761823634
War 2	tt27425164	2025	3102	798	761	996	1682	1703	1391	958	4680	17077	33148	5.3	7.840111017	2.540111017	3.063908283
War Dogs	tt2005151	2016	1429	884	1680	3449	11101	43340	115634	80027	20986	12603	291133	7.1	7.220534945	0.120534945	1.287300928
War for the Planet of the Apes	tt3450958	2017	3287	1611	2643	5136	12909	36304	89610	98924	41832	31256	323512	7.4	7.496046515	0.096046515	1.575492013
War Horse	tt1568911	2011	2338	1431	2205	4097	9272	21604	48165	43451	19941	19358	171862	7.2	7.343095041	0.143095041	1.752774278
War Machine	tt4758646	2017	1316	940	1647	3575	8817	15324	12252	5145	1500	1805	52321	6	6.057605933	0.057605933	1.753755122
War of the Worlds	tt0407304	2005	11215	6698	11719	22844	53498	117335	144488	78652	27427	28508	502384	6.6	6.559124096	-0.040875904	1.808373256
War of the Worlds	tt13186306	2025	15475	5119	2996	2061	1727	1223	829	509	261	1436	31636	2.5	2.702680491	0.202680491	2.450376235
Warcraft	tt0803096	2016	4418	3259	6181	11457	24332	49310	73165	52265	24834	43718	292939	6.7	7.113385381	0.413385381	1.96445041
Warfare	tt31434639	2025	1760	781	1102	2022	5355	13994	29887	27513	10180	7998	100592	7.2	7.220932082	0.020932082	1.696270911
WarGames	tt0086567	1983	632	376	781	1894	6031	18658	42638	29538	10675	8902	120125	7.1	7.269685744	0.169685744	1.437124328
Warm Bodies	tt1588173	2013	3649	2330	3940	7851	18640	45766	77659	49420	19402	24902	253559	6.8	7.027713471	0.227713471	1.770243299
Warrior	tt1291584	2011	3671	1533	1798	3461	8692	26088	85366	163783	130802	99166	524360	8.1	8.205559158	0.105559158	1.454060755
Wasabi	tt0281364	2001	484	411	835	1613	4092	10100	14058	7493	2804	3407	45297	6.6	6.821180211	0.221180211	1.693899174
Watcher	tt12004038	2022	983	721	1293	2650	7404	17078	17811	7829	2196	2225	60190	6.3	6.408290414	0.108290414	1.631493123
Watchmen	tt0409459	2009	11068	5345	7505	12663	26107	56654	118569	166803	108803	93519	607036	7.6	7.650630276	0.050630276	1.866109691
Water for Elephants	tt1067583	2011	1513	936	1476	3224	8411	22273	38520	25119	10138	11967	123577	6.9	7.104121317	0.204121317	1.703130771
Watership Down	tt0078480	1978	583	248	325	620	1589	4154	10184	12614	6003	6441	42761	7.5	7.671476345	0.171476345	1.701488506
Waterworld	tt0114898	1995	5003	4470	7717	14116	29052	52611	56830	30339	10131	12177	222446	6.3	6.32942377	0.02942377	1.886459004
Waves	tt8652728	2019	727	272	411	745	1529	3599	8230	11105	6066	4306	36990	7.5	7.537902136	0.037902136	1.796572304
Wayne's World	tt0105793	1992	2014	1505	2485	4852	11856	29553	57099	38713	15837	16846	180760	7	7.130310909	0.130310909	1.697958385
Wayne's World 2	tt0108525	1993	1468	1274	2298	5518	13688	26267	21907	10200	3622	5314	91556	6.2	6.331764166	0.131764166	1.760548813
We Are Marshall	tt0758794	2006	715	300	495	1138	3532	10479	23729	15225	5752	5995	67360	7.1	7.237336698	0.137336698	1.562272021
We Are Your Friends	tt3787590	2015	1058	649	1086	2380	5763	10597	10066	5141	2010	3505	42255	6.2	6.443284818	0.243284818	1.93609647
We Bought a Zoo	tt1389137	2011	1156	789	1429	3207	9230	26523	51488	37162	14141	14008	159133	7	7.227903703	0.227903703	1.561570195
We Have a Ghost	tt7798604	2023	1260	794	1214	2184	4855	9248	8309	4333	1520	2732	36449	6.1	6.277703092	0.177703092	2.021498054
We Live in Time	tt27131358	2024	843	447	693	1550	4096	11755	22495	15472	5736	5645	68732	7	7.134100565	0.134100565	1.630328451
We Need to Talk About Kevin	tt1242460	2011	2106	1184	1732	3189	6933	18650	48439	57315	25566	14094	179208	7.4	7.464052944	0.064052944	1.595240227
We Own the Night	tt0498399	2007	1453	596	1023	2320	6933	19383	34066	18672	6111	5435	95992	6.8	6.908325694	0.108325694	1.590394442
We Were Soldiers	tt0277434	2002	2298	1252	1830	3456	7868	20979	47211	39094	17681	16737	158406	7.2	7.317008194	0.117008194	1.725075458
We're No Angels	tt0098625	1989	574	392	726	1684	4199	7502	6051	2744	864	1251	25987	6.1	6.190556817	0.090556817	1.776021073
We're the Millers	tt1723121	2013	3377	2919	5047	11394	30565	86731	172619	117928	44891	43272	518743	7	7.193618034	0.193618034	1.554998926
Weapons	tt26581740	2025	3913	2090	3173	5291	12232	32354	76641	90412	37144	23132	286382	7.5	7.400810805	-0.099189195	1.643940201
Weathering with You	tt9426210	2019	434	197	378	778	2211	6421	17333	19783	9685	10682	67902	7.5	7.779373214	0.279373214	1.545945337
Wedding Crashers	tt0396269	2005	3833	2906	5127	10366	26841	67691	123436	83948	35918	34386	394452	7	7.122790606	0.122790606	1.663978549
Weekend	tt1714210	2011	967	254	339	579	1252	2957	6718	9540	5917	5790	34313	7.6	7.673738816	0.073738816	1.942761209
Weekend at Bernie's	tt0098627	1989	1095	841	1664	3166	7907	16987	17632	9291	3442	5419	67444	6.4	6.595249392	0.195249392	1.826347271
Weird Science	tt0090305	1985	1028	1103	2029	4216	10438	23300	29696	17307	6514	9105	104736	6.6	6.818849297	0.218849297	1.753170008
Weird: The Al Yankovic Story	tt17076046	2022	693	497	741	1487	3513	8498	14757	9320	3514	4582	47602	6.8	7.010545775	0.210545775	1.773803062
Welcome	tt0488798	2007	637	306	459	806	1522	3141	5936	5905	3750	6594	29056	7.2	7.598705947	0.398705947	2.06789682
Welcome to Marwen	tt3289724	2018	726	511	845	1610	3470	7009	7098	3683	1204	1237	27393	6.2	6.296608623	0.096608623	1.85138019
Welcome to the Dollhouse	tt0114906	1995	629	294	395	783	1799	4734	10561	11120	5022	4643	39980	7.3	7.43991996	0.13991996	1.736461985
Welcome to the Punch	tt1684233	2013	546	418	920	2213	5680	11429	8862	3300	884	1285	35537	6.1	6.168444157	0.068444157	1.615294531
Welcome to the Rileys	tt1183923	2010	417	152	217	527	1483	4471	8939	5253	1817	2597	25873	6.9	7.136435667	0.236435667	1.677942478
Welcome to the Sticks	tt1064932	2008	562	416	605	1060	2443	6725	15133	12004	4867	3370	47185	7.1	7.19465932	0.09465932	1.636487451
Werewolves Within	tt9288692	2021	803	515	931	1917	4408	8496	6725	3036	828	1125	28784	6	6.092794608	0.092794608	1.796002324
West Side Story	tt0055614	1961	1724	995	1594	2725	5898	13156	27720	32597	18264	22091	126764	7.6	7.635637878	0.035637878	1.835282209
West Side Story	tt3581652	2021	4445	1565	1871	3058	6674	14090	41111	22911	12771	12722	121218	7.1	7.066227788	-0.033772212	2.000994505
Westworld	tt0070909	1973	387	282	647	1510	4160	12290	24546	14519	4283	3770	66394	6.9	7.044205802	0.144205802	1.448513693
Wet Hot American Summer	tt0243655	2001	1689	1182	1824	3138	6015	10982	14651	10674	5204	8006	63365	6.5	6.831673637	0.331673637	2.119208786
Whale Rider	tt0298228	2002	852	367	487	867	2061	4509	9460	12224	7331	7198	45356	7.5	7.625121263	0.125121263	1.859352538
What a Girl Wants	tt0286788	2003	1690	1593	2844	5808	12049	16853	12565	7148	3153	6428	70131	5.8	6.21407081	0.41407081	2.060621107
What About Bob?	tt0103241	1991	820	630	1012	2038	5003	12614	23782	16604	7448	8304	78255	7	7.198837135	0.198837135	1.716137701
What Dreams May Come	tt0120889	1998	2071	1454	2377	4328	8674	17263	28390	23360	13473	18242	119632	7	7.235998729	0.235998729	1.991816578
What Ever Happened to Baby Jane?	tt0056687	1962	714	294	376	677	1560	3974	11286	21868	13553	12568	66870	8	8.051218783	0.051218783	1.597609849
What Happened to Monday	tt1536537	2017	1412	1175	2137	4214	10698	26700	45670	29284	10996	10921	143207	6.8	7.002835057	0.202835057	1.657378052
What Happens in Vegas	tt1033643	2008	4000	3090	5738	12173	29289	54899	44746	21083	7815	11402	194235	6.1	6.271609133	0.171609133	1.824518061
What If	tt1486834	2013	737	482	946	2065	6380	18011	28987	16047	5412	4965	84032	6.8	6.930788271	0.130788271	1.534284732
What Is a Woman?	tt20256528	2022	5769	365	218	213	362	755	1881	4475	6590	26613	47241	8.1	8.229123008	0.129123008	2.993784036
What Just Happened	tt0486674	2008	1256	780	1453	2869	5921	8028	5029	1816	567	1459	29178	5.6	5.6840085	0.0840085	1.9608234
What Lies Beneath	tt0161081	2000	1448	1257	2614	5638	14467	34248	44683	23686	8066	7893	144000	6.6	6.708138889	0.108138889	1.630776742
What Maisie Knew	tt1932767	2012	270	150	189	430	1074	3083	8570	9250	3664	2596	29276	7.4	7.502766771	0.102766771	1.519728232
What Men Want	tt7634968	2019	2507	1192	1841	3479	7269	8506	5087	2163	800	1640	34484	5.4	5.458299501	0.058299501	2.130783477
What the Health	tt5541848	2017	2205	482	466	521	853	1543	3170	4122	3196	14457	31015	7.2	8.017862325	0.817862325	2.683974257
What to Expect When You're Expecting	tt1586265	2012	2073	1844	3234	6835	15489	20714	13923	6646	2525	4464	77747	5.7	5.949117008	0.249117008	1.923734009
What We Did on Our Holiday	tt2725962	2014	266	164	295	634	1779	4691	8400	5541	2165	1970	25905	6.9	7.078517661	0.178517661	1.616395773
What We Do in the Shadows	tt3416742	2014	1618	959	1440	2504	5964	16943	48580	69879	35565	28423	211875	7.6	7.800623009	0.200623009	1.537319555
What Women Want	tt0207201	2000	2777	2583	4637	10552	26930	63199	72316	33228	10058	10498	236778	6.5	6.526974634	0.026974634	1.617639774
What's Eating Gilbert Grape	tt0108550	1993	1290	749	1174	2387	6809	20252	63597	92974	43331	34409	266972	7.7	7.845223469	0.145223469	1.41980631
What's Love Got to Do with It	tt0108551	1993	232	143	163	371	1311	3373	7944	6519	2697	3713	26466	7.4	7.498186352	0.098186352	1.633838436
What's Up, Doc?	tt0069495	1972	313	220	303	515	1346	3061	6075	7814	4268	5972	29887	7.6	7.762137384	0.162137384	1.791983183
What's Your Number?	tt0770703	2011	1624	1479	2773	5971	13998	24894	19509	10307	4207	6549	91311	6.1	6.335611263	0.235611263	1.872634324
Whatever Works	tt1178663	2009	1216	648	915	1836	4422	11339	23663	20413	8414	6061	78927	7.1	7.196852788	0.096852788	1.691146478
When a Stranger Calls	tt0455857	2006	3638	2819	4135	6215	10346	9882	6411	3232	1313	3407	51398	5.1	5.334507179	0.234507179	2.297840546
When Evil Lurks	tt16300962	2023	1137	607	1020	1991	4255	9953	17122	13504	5251	4181	59021	6.9	6.969095746	0.069095746	1.79138924
When Harry Met Sally...	tt0098635	1989	1659	995	1569	3315	8914	25550	66435	82881	41050	35421	267789	7.7	7.734593281	0.034593281	1.524183477
When in Rome	tt1185416	2010	2180	2215	3658	6793	13500	15954	10489	5414	2359	4314	66876	5.5	5.818021413	0.318021413	2.059740735
When Marnie Was There	tt3398268	2014	322	150	291	602	1685	5059	13372	16336	8556	7692	54065	7.6	7.78503653	0.18503653	1.512523523
When We First Met	tt5783956	2018	625	540	1081	2470	6435	15346	16941	7681	2486	3044	56649	6.4	6.56548218	0.16548218	1.632322853
Where Eagles Dare	tt0065207	1968	484	261	426	789	2340	6165	15963	21873	9822	8993	67116	7.6	7.735607009	0.135607009	1.540006832
Where the Crawdads Sing	tt9411972	2022	1174	855	1503	3190	7453	19388	44021	41632	18675	17252	155143	7.2	7.448250968	0.248250968	1.617749637
Where the Heart Is	tt0198021	2000	721	354	692	1472	3133	6849	9629	6661	3295	5367	38173	6.7	7.077463128	0.377463128	1.95853178
Where the Wild Things Are	tt0386117	2009	3245	2171	2941	5078	9715	19164	27474	20684	10527	10491	111490	6.7	6.796340479	0.096340479	2.062934737
Where to Invade Next	tt4897822	2015	893	175	175	346	916	2634	6357	7669	3704	3532	26401	7.5	7.501344646	0.001344646	1.910618279
Where'd You Go, Bernadette	tt2365580	2019	443	274	497	1109	2795	6333	8193	4489	1661	1564	27358	6.5	6.679691498	0.179691498	1.716949606
While We're Young	tt1791682	2014	876	631	1275	2755	7354	16260	16503	7121	1618	1200	55593	6.3	6.302304247	0.002304247	1.561295441
While You Were Sleeping	tt0114924	1995	1134	868	1683	3844	10639	26184	35364	21185	9999	14339	125239	6.8	7.058528094	0.258528094	1.747830473
Whip It	tt1172233	2009	879	514	886	1840	5179	13658	23108	14845	5573	5643	72125	6.9	7.027674177	0.127674177	1.654678783
Whiplash	tt2582802	2014	5987	2761	3778	6748	13795	37750	128606	307513	362811	259258	1129007	8.5	8.470749074	-0.029250926	1.37952134
Whiskey Tango Foxtrot	tt3553442	2016	931	485	816	1891	5334	14535	20280	9533	2647	2308	58760	6.6	6.652825051	0.052825051	1.573046161
Whisper of the Heart	tt0113824	1995	660	238	356	712	1954	5934	16740	25486	14727	14815	81622	7.8	7.990333489	0.190333489	1.538682809
White Bird in a Blizzard	tt2238050	2014	699	443	751	1521	3702	7898	8858	4107	1369	1704	31052	6.4	6.44219374	0.04219374	1.793744904
White Boy Rick	tt4537896	2018	555	296	556	1465	4653	14191	16927	6419	1433	1583	48078	6.5	6.565456134	0.065456134	1.43921287
White Chicks	tt0381707	2004	9521	6476	8778	13914	23694	33891	33893	22969	10923	24550	188609	5.9	6.31512282	0.41512282	2.412952298
White Christmas	tt0047673	1954	563	354	501	930	2699	5718	11407	12985	7931	14834	57922	7.5	7.902783053	0.402783053	1.825531779
White Heat	tt0042041	1949	1000	299	143	280	817	2197	6401	12297	8019	6570	38023	8.1	7.92856955	-0.17143045	1.809288733
White House Down	tt2334879	2013	5508	3626	6055	12087	28542	61564	67008	33924	12485	16450	247249	6.3	6.506315496	0.206315496	1.845381412
White Men Can't Jump	tt0105812	1992	968	653	1235	2794	8357	22555	35504	19042	6165	6719	103992	6.8	6.90254058	0.10254058	1.566688507
White Noise	tt6160448	2022	2819	1895	2746	4606	8419	10643	8625	4499	1512	1512	47276	5.7	5.590976394	-0.109023606	2.101917789
White Noise	tt0375210	2005	1774	1821	3302	6045	11704	13485	8205	3372	1098	1955	52761	5.5	5.549079813	0.049079813	1.903744952
White Oleander	tt0283139	2002	358	239	383	778	2292	5469	10365	7967	3666	4126	35643	7.1	7.292203238	0.192203238	1.70285546
White Squall	tt0118158	1996	400	250	484	990	2726	6336	7856	4420	1575	1917	26954	6.6	6.73944498	0.13944498	1.730208962
Whiteout	tt0365929	2009	1155	1170	2182	4651	9819	12081	6563	2332	745	1541	42239	5.5	5.609460451	0.109460451	1.797463236
Whitney Houston: I Wanna Dance with Somebody	tt12193804	2022	561	298	451	951	2635	6044	7821	4290	1426	2164	26641	6.6	6.730002628	0.130002628	1.812669262
Who Am I	tt3042408	2014	498	256	441	905	2173	6376	17039	21057	9422	8025	66192	7.4	7.672392434	0.272392434	1.533424147
Who Am I?	tt0127357	1998	480	280	568	1111	3179	9119	15556	7972	2871	4227	45363	6.8	7.022771863	0.222771863	1.644509248
Who Framed Roger Rabbit	tt0096438	1988	1223	929	1519	3149	8573	22718	55639	73290	32859	31318	231217	7.7	7.716175714	0.016175714	1.535149481
Who's Afraid of Virginia Woolf?	tt0061184	1966	1896	728	926	1469	3060	5883	13020	22375	16904	17399	83660	8	7.875567774	-0.124432226	1.940627286
Why Him?	tt4501244	2016	2155	1924	3544	7424	17765	36593	35084	16334	5757	7483	134063	6.2	6.397119265	0.197119265	1.7590765
Wicked	tt1262426	2024	10463	2888	3280	4836	9805	20401	55570	45641	29026	39668	221578	7.3	7.351298414	0.051298414	2.223945302
Wicked Little Letters	tt20234774	2023	558	218	350	690	2046	6735	15747	9871	3194	2946	42355	7	7.150206587	0.150206587	1.540196532
Wicked: For Good	tt19847976	2025	2654	776	1009	1866	4137	8842	12657	9177	4377	6158	51653	6.8	6.803515769	0.003515769	2.214862541
Wicker Park	tt0324554	2004	909	662	1046	1891	4383	9473	16211	12641	6156	7331	60703	6.9	7.166153238	0.266153238	1.867061257
Widows	tt4218572	2018	1808	949	1610	3363	8822	23017	36384	22014	6489	3908	108364	6.8	6.759449633	-0.040550367	1.607501395
Wild	tt2305051	2014	1405	768	1251	2577	7214	21864	50612	37545	13317	8704	145257	7.1	7.199604838	0.099604838	1.500561334
Wild at Heart	tt0100935	1990	1508	1104	1676	2999	6533	14809	30250	28002	13275	10876	111032	7.2	7.261510195	0.061510195	1.770457313
Wild Card	tt2231253	2015	1508	1392	2836	6261	14492	19009	10695	3806	1163	2698	63860	5.6	5.748794237	0.148794237	1.772176377
Wild Child	tt1024255	2008	1436	1139	2002	4212	9024	15863	14069	8460	3989	7651	67845	6.1	6.565553836	0.465553836	2.0407228
Wild Hogs	tt0486946	2007	3462	3129	5480	10415	21307	33413	25798	12153	4476	7503	127136	5.9	6.040437012	0.140437012	1.950008624
Wild Strawberries	tt0050986	1957	2770	904	989	1500	3435	7420	18824	35083	26258	26182	123365	8.1	7.991034734	-0.108965266	1.861315663
Wild Tales	tt3011894	2014	1831	672	928	1606	3783	11123	39116	81688	57806	36868	235421	8.1	8.13133068	0.03133068	1.430399706
Wild Target	tt1235189	2010	447	346	566	1263	3320	8724	14032	7691	2870	2976	42235	6.7	6.917840653	0.217840653	1.634550443
Wild Things	tt0120890	1998	1691	1456	2816	5944	15093	33006	41880	22638	7565	7403	139492	6.6	6.643441918	0.043441918	1.674223937
Wild Wild West	tt0120891	1999	11077	10904	17014	26646	37476	33097	19989	8306	2753	5272	172534	4.9	4.986501211	0.086501211	2.062154817
Wildlife	tt5929754	2018	458	253	414	1005	2745	7047	10993	6912	1983	1349	33159	6.8	6.810126964	0.010126964	1.575440308
Willow	tt0096446	1988	1208	823	1434	2883	7499	18620	38966	33967	14915	17842	138157	7.2	7.419501002	0.219501002	1.683293782
Willy Wonka & the Chocolate Factory	tt0067992	1971	2127	953	1497	2935	7383	20179	54261	74834	37408	41084	242661	7.8	7.847425009	0.047425009	1.599002233
Willy's Wonderland	tt8114980	2021	2007	1708	2668	4151	7198	9703	7123	3742	1459	3763	43522	5.5	5.854441432	0.354441432	2.247444604
Wimbledon	tt0360201	2004	920	824	1545	3413	8665	18360	18888	9116	3217	3900	68848	6.4	6.498910644	0.098910644	1.712794009
Win a Date with Tad Hamilton!	tt0335559	2004	835	744	1442	2958	6527	7999	4989	2295	893	1807	30489	5.6	5.854570501	0.254570501	1.93868527
Win Win	tt1606392	2011	508	240	421	915	2671	8554	20082	15302	4775	2704	56172	7.1	7.184985402	0.084985402	1.432790563
Winchester	tt1072748	2018	1122	1366	2372	4416	8596	9732	6210	2731	879	1636	39060	5.5	5.621991807	0.121991807	1.914435515
Wind Chill	tt0486051	2007	727	629	1200	2305	5028	7113	5036	2332	795	1704	26869	5.8	5.981837806	0.181837806	1.949003105
Wind River	tt5362988	2017	1135	608	992	1994	6256	22271	80227	118825	49246	27832	309386	7.7	7.795866652	0.095866652	1.280766627
Windfall	tt15033192	2022	923	701	1252	2514	5782	8184	5663	2059	522	650	28250	5.7	5.715469027	0.015469027	1.766052134
Windtalkers	tt0245562	2002	1992	1418	2501	5064	11697	21757	18288	8113	2580	3306	76716	6.1	6.137103081	0.037103081	1.813733662
Wings of Desire	tt0093191	1987	1579	804	904	1441	2696	5555	12019	21316	17222	19435	82971	7.9	7.984500609	0.084500609	1.918604221
Winnie the Pooh	tt1449283	2011	494	225	334	654	1741	4385	9343	6667	2660	3942	30445	7.1	7.281129906	0.181129906	1.779151302
Winnie-the-Pooh: Blood and Honey	tt19623240	2023	9352	5648	4607	3276	2250	1484	1267	1363	952	6136	36335	2.9	4.332681987	1.432681987	3.290651149
Winter Light	tt0057358	1963	809	194	239	362	728	1898	4962	8737	5675	5469	29073	8	7.869328931	-0.130671069	1.896399898
Winter Sleep	tt2758880	2014	1351	522	466	714	1439	3122	7755	14575	13048	15463	58455	8	8.134855872	0.134855872	1.918266666
Winter's Bone	tt1399683	2010	1960	1325	2215	4119	9676	23450	46759	40527	16615	9965	156611	7.1	7.135673739	0.035673739	1.661124139
Winter's Tale	tt1837709	2014	1701	1372	2270	3806	7238	12666	12600	7816	3594	5770	58833	6.1	6.449424643	0.349424643	2.118400754
Wish	tt11304740	2023	4198	2036	2924	4892	8941	10835	7174	3467	1468	3407	49342	5.6	5.503648008	-0.096351992	2.334750921
Wish Dragon	tt5562070	2021	443	167	267	560	1748	5610	12269	9092	3494	4536	38186	7.2	7.375556487	0.175556487	1.622668607
Wish I Was Here	tt2870708	2014	781	426	640	1575	3608	8197	11533	7024	2909	2954	39647	6.6	6.803011577	0.203011577	1.807442843
Wish Upon	tt5322012	2017	1546	1610	2101	3044	5440	5490	3252	1369	505	1121	25478	5.1	5.214538033	0.114538033	2.137714016
Wishmaster	tt0120524	1997	780	752	1257	2276	5060	7451	5491	2645	883	1909	28504	5.9	6.027189166	0.127189166	1.978287293
Withnail and I	tt0094336	1987	733	462	677	1078	2275	4748	9646	12145	8483	11143	51390	7.5	7.7898813	0.2898813	1.905659629
Without a Paddle	tt0364751	2004	1154	1189	2212	4210	9035	13813	10643	5279	2083	4039	53657	5.9	6.16752707	0.26752707	1.965489395
Without Remorse	tt0499097	2021	3492	1940	2859	5425	12360	18753	13221	5560	2025	4294	69929	5.8	5.86536344	0.06536344	2.068683215
Witness	tt0090329	1985	568	316	534	1397	4348	13750	36036	34194	12398	8936	112477	7.3	7.462645696	0.162645696	1.400918453
Witness for the Prosecution	tt0051201	1957	2372	724	698	1436	2903	5679	18993	51273	43275	32166	159519	8.4	8.240504266	-0.159495734	1.609570555
Wolf	tt0111742	1994	791	718	1572	3815	9185	18691	16212	7551	2237	3132	63904	6.3	6.347317852	0.047317852	1.672758285
Wolf Children	tt2140203	2012	407	144	205	390	1000	3022	8913	16759	12314	10776	53930	8.1	8.178212498	0.078212498	1.492924337
Wolf Creek	tt0416315	2005	2693	1704	2654	4932	10668	20211	20628	11154	4042	4871	83557	6.2	6.308424189	0.108424189	1.958448033
Wolf Man	tt4216984	2025	1190	1154	2179	4513	9531	11409	7008	2621	710	1543	41858	5.6	5.639065412	0.039065412	1.819198255
Wolfs	tt14257582	2024	1449	1002	1661	3652	10181	28006	33514	13012	3287	3606	99370	6.5	6.504196438	0.004196438	1.552726847
Wolfwalkers	tt5198068	2020	314	89	150	284	761	2429	7853	14965	9507	7596	43948	8	8.115750432	0.115750432	1.435851395
Woman in Gold	tt2404425	2015	673	215	364	729	2324	7701	19970	19359	7827	6487	65649	7.3	7.50829411	0.20829411	1.516993541
Woman in the Dunes	tt0058625	1964	654	129	125	190	400	1013	2856	6582	6621	6448	25018	8.4	8.267727236	-0.132272764	1.832219348
Woman of the Hour	tt7737800	2023	809	492	971	2269	6855	19981	24672	10362	2642	2753	71806	6.6	6.612971061	0.012971061	1.491489114
Women on the Verge of a Nervous Breakdown	tt0095675	1988	445	237	344	651	1776	5178	12520	15970	7197	5696	50014	7.5	7.630583437	0.130583437	1.560083455
Women Talking	tt13669038	2022	2044	710	977	1674	3624	7569	27421	10396	4662	3760	62837	6.9	6.863758614	-0.036241386	1.809813668
Won't You Be My Neighbor?	tt7681902	2018	219	64	80	128	431	1193	4003	8065	7244	6524	27951	8.3	8.349933813	0.049933813	1.460931863
Wonder	tt2543472	2017	931	391	666	1456	3648	12181	38393	64883	36839	34550	193938	7.9	8.073337871	0.173337871	1.424588512
Wonder Boys	tt0185014	2000	725	475	709	1363	3519	8829	18303	18554	9086	7117	68680	7.2	7.415841584	0.215841584	1.670116398
Wonder Wheel	tt5825380	2017	840	401	813	1829	4500	9037	8628	3992	1152	1391	32583	6.2	6.283307246	0.083307246	1.76198502
Wonder Woman	tt0451279	2017	16578	5976	8849	15836	36091	86806	182846	187928	94803	95177	730890	7.3	7.399273488	0.099273488	1.874696919
Wonder Woman 1984	tt7126948	2020	29377	16781	23689	34844	56596	61516	39682	19318	7873	18821	308497	5.3	5.241033138	-0.058966862	2.363525923
Wonka	tt6166392	2023	3760	1890	2939	5391	12568	31412	57795	41147	15901	16047	188850	6.9	7.024373842	0.124373842	1.795623237
Working Girl	tt0096463	1988	654	403	859	2024	5671	14617	21508	12214	4586	4551	67087	6.8	6.905093386	0.105093386	1.609532881
World Trade Center	tt0469641	2006	4096	2088	3321	6203	13651	25006	18982	9023	3441	5575	91386	6	6.052513514	0.052513514	2.036894979
World War Z	tt0816711	2013	8312	5624	10105	19880	49317	128498	252720	179297	65422	55005	774180	7	7.090382082	0.090382082	1.621653006
World's Greatest Dad	tt1262981	2009	726	479	727	1412	3270	7403	12719	8649	3528	3120	42033	6.8	6.934028026	0.134028026	1.782790434
Would You Rather	tt1999995	2012	1499	1486	2446	4463	8875	12995	9442	4292	1508	2268	49274	5.7	5.858830215	0.158830215	1.940189134
Wrath of Man	tt11083552	2021	1593	1052	1872	3892	11766	36947	80714	57903	19369	19320	234428	7.1	7.256539321	0.156539321	1.498590193
Wrath of the Titans	tt1646987	2012	4988	4585	8870	18462	40094	55753	37083	15959	5614	10859	202267	5.7	5.912842925	0.212842925	1.880782929
Wreck-It Ralph	tt1772341	2012	2032	1128	2009	4726	14154	45993	127051	162451	72903	59518	491965	7.7	7.757094509	0.057094509	1.415969984
Wristcutters: A Love Story	tt0477139	2006	659	424	653	1152	2750	7190	15223	15929	7998	7412	59390	7.2	7.493837346	0.293837346	1.709093206
Wrong Turn	tt0295700	2003	2985	2680	5060	9285	20627	38622	32023	15967	5892	10957	144098	6.1	6.315334009	0.215334009	1.919123938
Wrong Turn	tt9110170	2021	2676	1653	2328	3930	7469	9913	7078	3159	1079	2146	41431	5.6	5.587555212	-0.012444788	2.165058038
Wrongfully Accused	tt0120901	1998	651	658	1218	2261	4675	8157	6416	3532	1462	2460	31490	6.1	6.284788822	0.184788822	1.968277219
Wyatt Earp	tt0111756	1994	784	440	862	1941	5356	13315	18726	9856	3445	3979	58704	6.7	6.803778277	0.103778277	1.663325327
X	tt13560574	2022	5948	3450	5224	9634	21860	48508	64483	36960	11791	12390	220248	6.5	6.558443209	0.058443209	1.856752027
X-Men	tt0120903	2000	3479	1899	3392	7718	24140	85903	241810	204362	60819	52128	685650	7.3	7.40999052	0.10999052	1.366567202
X-Men Origins: Wolverine	tt0458525	2009	8645	8612	15218	28193	55381	116474	162977	94526	34447	39009	563482	6.5	6.667833223	0.167833223	1.828022936
X-Men: Apocalypse	tt3385516	2016	5339	3730	7827	17406	41676	96943	150609	95169	34419	34913	488031	6.8	6.906237514	0.106237514	1.677768128
X-Men: Dark Phoenix	tt6565702	2019	9070	6608	11650	21924	44213	60351	40470	16126	5253	9161	224826	5.7	5.690124808	-0.009875192	1.940371668
X-Men: Days of Future Past	tt1877832	2014	4586	1827	2806	5657	15783	50826	158273	267408	161066	114197	782429	7.9	8.003149168	0.103149168	1.417716724
X-Men: First Class	tt1270798	2011	4289	1980	3095	6633	18880	63492	193098	272255	116437	78379	758538	7.7	7.75289702	0.05289702	1.389998777
X-Men: The Last Stand	tt0376994	2006	7744	5366	11111	23299	55137	128023	175647	91244	31581	39017	568169	6.6	6.728117866	0.128117866	1.717350628
X2: X-Men United	tt0290334	2003	3682	1766	3111	7230	22506	75207	193048	183102	64138	53305	607095	7.4	7.471125606	0.071125606	1.429989101
xXx	tt0295701	2002	6136	4808	8367	15356	33381	51252	39242	17908	6067	10098	192615	5.9	5.971679257	0.071679257	1.943214684
xXx: Return of Xander Cage	tt1293847	2017	6746	4627	6977	11909	21543	21738	13016	5746	2373	6448	101123	5.2	5.395676552	0.195676552	2.219729427
xXx: State of the Union	tt0329774	2005	6083	5927	9806	14944	16405	11013	5785	2610	951	2694	76218	4.5	4.619748616	0.119748616	2.093462673
Y tu mamá también	tt0245574	2001	1753	855	1109	1941	4639	12077	31374	43683	24134	17679	139244	7.7	7.707973054	0.007973054	1.651690619
Yahsi Bati - The Ottoman Cowboys	tt1567448	2009	1159	277	411	632	1591	4202	9589	10152	4948	7815	40776	7.4	7.594222091	0.194222091	1.964491648
Year One	tt1045778	2009	6513	6527	10094	15528	22121	21014	13066	6160	2298	4753	108074	5	5.159464811	0.159464811	2.151829038
Yeh Jawaani Hai Deewani	tt2178470	2013	2423	633	796	1240	2762	5980	11811	11971	7341	12080	57037	7.3	7.46955485	0.16955485	2.221421752
Yellow Submarine	tt0063823	1968	477	269	494	725	1513	3502	6841	6786	3643	5313	29563	7.4	7.511619254	0.111619254	1.922987525
Yes Day	tt8521876	2021	1142	938	1400	2802	6643	9539	6126	2637	972	2030	34229	5.7	5.898536329	0.198536329	1.960509213
Yes Man	tt1068680	2008	2614	2228	4323	10657	30889	84782	139544	74883	26256	25757	401933	6.8	6.955263688	0.155263688	1.524506801
Yesterday	tt8079248	2019	1802	1243	2362	5319	14306	38109	61134	35699	12897	9871	182742	6.8	6.901243283	0.101243283	1.571477932
Yi Yi	tt0244316	2000	417	224	296	395	916	2038	4647	8121	7698	8265	33017	8.1	8.164581882	0.064581882	1.767327094
Yojimbo	tt0055630	1961	3423	946	933	1710	3284	6889	19963	43297	34435	26687	141567	8.2	8.0217141	-0.1782859	1.82336586
You Again	tt1414382	2010	1423	1418	2456	4843	10254	14261	10098	5397	2244	4104	56498	5.8	6.069825481	0.269825481	2.005636333
You Are So Not Invited to My Bat Mitzvah	tt21276878	2023	1500	750	1050	1907	3914	6780	5708	2832	1099	1973	27513	5.9	6.042997856	0.142997856	2.164842174
You Can Count on Me	tt0203230	2000	485	220	267	580	1211	3342	7902	9387	5426	4277	33097	7.5	7.619028915	0.119028915	1.716730577
You Can't Take It with You	tt0030993	1938	336	172	230	421	968	2314	5533	8895	5261	5914	30044	7.8	7.926973772	0.126973772	1.705624878
You Don't Mess with the Zohan	tt0960144	2008	13488	9191	12762	21048	36128	47127	40042	21744	8884	15157	225571	5.6	5.778765887	0.178765887	2.265640601
You Got Served	tt0365957	2004	10995	2469	2321	2251	2351	2064	1621	1057	617	3567	29313	3.9	3.993620578	0.093620578	3.183651602
You Only Live Twice	tt0062512	1967	731	497	1060	2752	8997	27677	48431	21325	6501	6996	124967	6.8	6.92219546	0.12219546	1.424751273
You People	tt14826022	2023	5906	3001	4032	6393	11981	15367	10521	4760	1601	3113	66675	5.5	5.383562055	-0.116437945	2.251371628
You Should Have Left	tt8201852	2020	951	904	1783	3559	7593	8086	4584	1733	546	907	30646	5.4	5.506787183	0.106787183	1.802828476
You Were Never Really Here	tt5742374	2017	3131	2039	3255	5833	12251	25550	37602	27814	10688	6304	134467	6.7	6.69174593	-0.00825407	1.844236496
You Will Meet a Tall Dark Stranger	tt1182350	2010	868	587	1105	2533	6612	14498	13875	5538	1532	1504	48652	6.3	6.285332566	-0.014667434	1.620122618
You, Me and Dupree	tt0463034	2006	2045	2005	4095	8680	20001	25287	14556	5394	1588	2811	86462	5.6	5.693055909	0.093055909	1.740882797
You're Cordially Invited	tt21227864	2025	1507	1159	1682	3010	6378	7543	4392	1789	550	1437	29447	5.5	5.516181614	0.016181614	2.038580873
You're Next	tt1853739	2011	2156	1643	2770	5199	11695	25599	34798	19807	7056	7296	118019	6.6	6.652513578	0.052513578	1.798227415
You're Not You	tt1198156	2014	265	118	179	438	1198	3360	7900	7496	3323	3702	27979	7.3	7.546195361	0.246195361	1.617588677
You've Got Mail	tt0128853	1998	2472	2207	4003	8977	22244	52811	68648	41326	18209	22240	243137	6.7	6.910976116	0.210976116	1.748337681
Young & Beautiful	tt2752200	2013	588	344	618	1235	3373	9164	13875	7132	2153	1945	40427	6.7	6.751106933	0.051106933	1.605256217
Young Adult	tt1625346	2011	2230	1843	2882	5846	12528	23392	23296	11110	3438	3171	89736	6.3	6.190848712	-0.109151288	1.807697998
Young Frankenstein	tt0072431	1974	2011	804	1219	2087	5061	12185	29314	51322	35419	40124	179546	8	8.074944582	0.074944582	1.685150213
Young Guns	tt0096487	1988	683	434	965	2037	5608	14171	23102	14082	5270	6601	72953	6.8	7.038367168	0.238367168	1.656904964
Young Guns II	tt0100994	1990	466	430	921	1991	4678	10271	10831	5969	2284	3524	41365	6.5	6.682799468	0.182799468	1.785189609
Your Highness	tt1240982	2011	4780	4346	6681	10985	18912	23393	17905	9482	3772	6972	107228	5.5	5.756257694	0.256257694	2.174418546
Your Name.	tt5311514	2016	4444	1110	1464	2584	5904	15642	46110	92006	95940	116097	381301	8.4	8.465784249	0.065784249	1.599138286
Your Place or Mine	tt12823454	2023	1256	1141	1942	4036	8999	12461	7942	3179	1077	1901	43934	5.7	5.804115264	0.104115264	1.856126494
Your Sister's Sister	tt1742336	2011	535	302	524	1059	2600	6373	9568	5202	1708	1176	29047	6.7	6.675698007	-0.024301993	1.670563597
Yours, Mine & Ours	tt0443295	2005	1520	1098	1799	3377	6527	6886	4551	2389	1063	2866	32076	5.5	5.791495199	0.291495199	2.23296021
Youth	tt3312830	2015	1202	724	1093	1924	4493	10692	22677	24244	12355	8276	87680	7.3	7.377828467	0.077828467	1.723582769
Youth in Revolt	tt0403702	2009	1254	858	1687	3563	8642	19485	23640	11455	3735	3476	77795	6.4	6.528671508	0.128671508	1.682053212
Z	tt0065234	1969	1289	189	223	382	817	1736	4699	9627	7664	6919	33545	8.1	7.942763452	-0.157236548	2.012645643
Z for Zachariah	tt1598642	2015	1038	673	1110	2409	5851	10846	7798	2872	702	1023	34322	6	5.937620185	-0.062379815	1.741031076
Zack and Miri Make a Porno	tt1007028	2008	3546	2354	3926	8187	19468	42129	53767	30087	11046	11556	186066	6.5	6.637069642	0.137069642	1.790903237
Zack Snyder's Justice League	tt12361974	2021	11645	3497	4396	6840	13023	27431	59880	98196	85182	158418	468508	7.9	8.205695527	0.305695527	2.014700885
Zardoz	tt0070948	1974	1176	970	1826	2556	3948	5047	4599	3094	1379	2049	26644	5.8	5.955787419	0.155787419	2.272934654
Zathura: A Space Adventure	tt0406375	2005	1631	1470	2714	6556	16937	35456	32714	14520	4618	7794	124410	6.3	6.43853388	0.13853388	1.712893376
Zelig	tt0086637	1983	554	233	372	692	1688	4013	10067	14357	7731	6037	45744	7.6	7.710213361	0.110213361	1.65475804
Zero	tt6527426	2018	6772	1172	1270	1590	2431	2558	2261	1785	1998	11310	33147	5.2	6.274413974	1.074413974	3.534658844
Zero Dark Thirty	tt1790885	2012	7175	2142	3001	5306	13267	35376	94727	104288	45667	27029	337978	7.4	7.393862914	-0.006137086	1.697472384
Zindagi Na Milegi Dobara	tt1562872	2011	2093	482	558	834	1745	4234	11316	23166	22206	27840	94474	8.2	8.309058577	0.109058577	1.828036603
Zodiac	tt0443706	2007	3547	1960	3241	6686	18167	56356	170034	232330	104410	64322	661053	7.7	7.722063133	0.022063133	1.403397092
Zombie	tt0080057	1979	684	481	735	1378	2760	5627	8423	6192	2708	3970	32958	6.8	6.963225924	0.163225924	1.987516261
Zombieland	tt1156398	2009	4309	2409	3958	7926	21621	65831	179241	216881	90661	67508	660345	7.5	7.627164588	0.127164588	1.471415079
Zombieland: Double Tap	tt1560220	2019	2208	1680	3198	6998	20023	54354	76402	35864	10599	10833	222159	6.7	6.728694314	0.028694314	1.543822355
Zookeeper	tt1222817	2011	3619	2947	4538	8185	15899	15556	8944	3991	1441	3900	69020	5.2	5.436148942	0.236148942	2.103680434
Zoolander	tt0196229	2001	6491	5092	7883	14588	30678	64304	84849	53745	21866	23545	313041	6.5	6.689337818	0.189337818	1.898519625
Zoolander 2	tt1608290	2016	6068	5600	8699	13733	18054	14446	7413	3115	1062	2603	80793	4.7	4.79796517	0.09796517	2.072191937
Zootopia	tt2948356	2016	2700	1139	1701	3583	10630	37552	123386	214662	125086	95437	615876	8	8.060091642	0.060091642	1.36471292
Zootopia 2	tt26443597	2025	434	138	187	475	1478	5066	15135	18771	7662	7789	57135	7.5	7.769633325	0.269633325	1.46722942
Zorba the Greek	tt0057831	1964	312	178	224	469	963	2086	5263	7162	3962	4820	25439	7.6	7.804630685	0.204630685	1.766112403
Zulu	tt0058777	1964	503	202	265	541	1402	3711	9477	13974	7557	8031	45663	7.7	7.874997263	0.174997263	1.641961613
