title,year,rating,votes
The Birth of a Nation,1915,6.1,28042
The Cabinet of Dr. Caligari,1920,8,75418
The Kid,1921,8.2,144358
Nosferatu: A Symphony of Horror,1922,7.8,122247
Sherlock Jr.,1924,8.1,64642
Battleship Potemkin,1925,7.9,64585
The Gold Rush,1925,8.1,127105
The General,1926,8.1,105181
Metropolis,1927,8.2,199200
Sunrise,1927,8.1,56271
The Circus,1928,8.1,38202
The Passion of Joan of Arc,1928,8.1,67306
Man with a Movie Camera,1929,8.3,29948
All Quiet on the Western Front,1930,8.1,71398
City Lights,1931,8.5,214706
Dracula,1931,7.3,64118
Frankenstein,1931,7.7,86882
M,1931,8.3,181234
Freaks,1932,7.8,54217
Scarface,1932,7.7,32945
The Mummy,1932,6.9,32924
Duck Soup,1933,7.7,65043
King Kong,1933,7.9,95171
The Invisible Man,1933,7.6,43595
It Happened One Night,1934,8.1,118789
The Thin Man,1934,7.9,34776
A Night at the Opera,1935,7.8,36243
Bride of Frankenstein,1935,7.8,58173
Mutiny on the Bounty,1935,7.6,26377
The 39 Steps,1935,7.6,65441
Modern Times,1936,8.5,282959
My Man Godfrey,1936,7.9,28272
La grande illusion,1937,8.1,40776
Snow White and the Seven Dwarfs,1937,7.6,236290
Bringing Up Baby,1938,7.8,69872
The Adventures of Robin Hood,1938,7.9,57333
The Lady Vanishes,1938,7.7,60763
You Can't Take It with You,1938,7.8,30044
Gone with the Wind,1939,8.2,353563
Mr. Smith Goes to Washington,1939,8.1,128575
Stagecoach,1939,7.8,58039
The Rules of the Game,1939,7.9,33132
The Wizard of Oz,1939,8.1,462985
Fantasia,1940,7.7,110216
Foreign Correspondent,1940,7.4,25692
His Girl Friday,1940,7.8,67255
Pinocchio,1940,7.5,170739
Rebecca,1940,8.1,161504
The Grapes of Wrath,1940,8.1,107498
The Great Dictator,1940,8.4,257296
The Philadelphia Story,1940,7.8,77903
The Shop Around the Corner,1940,8,43692
Citizen Kane,1941,8.2,490263
Dumbo,1941,7.2,150150
How Green Was My Valley,1941,7.7,28690
Sullivan's Travels,1941,7.9,30421
Suspicion,1941,7.2,45943
The Lady Eve,1941,7.7,25173
The Maltese Falcon,1941,7.9,173208
The Wolf Man,1941,7.2,34084
Bambi,1942,7.3,163529
Casablanca,1942,8.5,649546
Cat People,1942,7.2,28273
Saboteur,1942,7.1,29445
The Magnificent Ambersons,1942,7.6,28473
To Be or Not to Be,1942,8.1,49079
Shadow of a Doubt,1943,7.8,74671
The Ox-Bow Incident,1943,8,26884
Arsenic and Old Lace,1944,7.9,78292
Double Indemnity,1944,8.3,179485
Gaslight,1944,7.8,37206
Laura,1944,7.9,55232
Lifeboat,1944,7.6,33255
Meet Me in St. Louis,1944,7.5,30797
To Have and Have Not,1944,7.8,40767
Brief Encounter,1945,8,47966
Mildred Pierce,1945,7.9,30905
"Rome, Open City",1945,8,33596
Spellbound,1945,7.5,56019
The Lost Weekend,1945,7.9,42858
A Matter of Life and Death,1946,8,27497
Beauty and the Beast,1946,7.9,29638
Gilda,1946,7.6,38192
Great Expectations,1946,7.8,28029
It's a Wonderful Life,1946,8.6,549492
My Darling Clementine,1946,7.7,28045
Notorious,1946,7.9,113006
The Best Years of Our Lives,1946,8.1,76706
The Big Sleep,1946,7.9,94789
The Killers,1946,7.7,25676
The Stranger,1946,7.3,30492
Black Narcissus,1947,7.7,30821
Miracle on 34th Street,1947,7.9,60709
Out of the Past,1947,7.9,43829
The Lady from Shanghai,1947,7.5,36214
Bicycle Thieves,1948,8.2,190805
Key Largo,1948,7.7,46615
Red River,1948,7.7,37402
Rope,1948,7.9,163584
The Red Shoes,1948,8.1,42812
The Treasure of the Sierra Madre,1948,8.2,140240
Kind Hearts and Coronets,1949,8,41583
The Third Man,1949,8.1,193658
White Heat,1949,8.1,38023
All About Eve,1950,8.2,147914
Cinderella,1950,7.3,185176
Harvey,1950,7.9,60569
In a Lonely Place,1950,7.9,38658
Rashomon,1950,8.1,194435
Sunset Boulevard,1950,8.4,258550
The Asphalt Jungle,1950,7.8,32426
A Christmas Carol,1951,8.1,28960
A Place in the Sun,1951,7.7,26591
A Streetcar Named Desire,1951,7.9,119235
Ace in the Hole,1951,8.1,41888
Alice in Wonderland,1951,7.3,164650
An American in Paris,1951,7.1,38958
Strangers on a Train,1951,7.9,148049
The African Queen,1951,7.7,88226
The Day the Earth Stood Still,1951,7.7,89328
The Thing from Another World,1951,7,36359
High Noon,1952,7.9,115509
Ikiru,1952,8.3,100746
Singin' in the Rain,1952,8.3,279658
The Quiet Man,1952,7.7,45324
Umberto D.,1952,8.1,30293
From Here to Eternity,1953,7.6,53764
Gentlemen Prefer Blondes,1953,7.1,46679
How to Marry a Millionaire,1953,6.8,26404
I Confess,1953,7.2,25027
Peter Pan,1953,7.3,163678
Roman Holiday,1953,8,157029
Shane,1953,7.6,47134
Stalag 17,1953,7.9,61111
The Big Heat,1953,7.9,32068
The Wages of Fear,1953,8.1,72709
The War of the Worlds,1953,7,41167
Tokyo Story,1953,8.1,76640
Ugetsu,1953,8.1,27907
"20,000 Leagues Under the Sea",1954,7.2,39985
Creature from the Black Lagoon,1954,6.9,37963
Dial M for Murder,1954,8.2,202819
Godzilla,1954,7.6,44673
La Strada,1954,8,69410
On the Waterfront,1954,8.1,176290
Rear Window,1954,8.5,563969
Sabrina,1954,7.6,75079
Seven Brides for Seven Brothers,1954,7.3,28999
Seven Samurai,1954,8.6,398063
The Caine Mutiny,1954,7.7,31898
Them!,1954,7.2,26366
White Christmas,1954,7.5,57922
Bad Day at Black Rock,1955,7.7,26163
Diabolique,1955,8.1,72722
East of Eden,1955,7.8,51397
Killer's Kiss,1955,6.5,27855
Lady and the Tramp,1955,7.3,159758
Marty,1955,7.6,29835
Pather Panchali,1955,8.2,41162
Rebel Without a Cause,1955,7.6,102497
Rififi,1955,8.1,39085
The Ladykillers,1955,7.6,33688
The Night of the Hunter,1955,8,106430
The Seven Year Itch,1955,7,45774
The Trouble with Harry,1955,7,43779
To Catch a Thief,1955,7.4,85771
A Man Escaped,1956,8.1,30285
Around the World in 80 Days,1956,6.7,31573
Forbidden Planet,1956,7.5,56660
Giant,1956,7.6,44742
Invasion of the Body Snatchers,1956,7.7,59055
The Killing,1956,7.9,104687
The King and I,1956,7.4,29279
The Man Who Knew Too Much,1956,7.4,75269
The Searchers,1956,7.8,102657
The Ten Commandments,1956,7.9,83065
The Wrong Man,1956,7.4,34253
12 Angry Men,1957,9,968232
An Affair to Remember,1957,7.4,35436
Funny Face,1957,7,35245
Nights of Cabiria,1957,8.1,56598
Paths of Glory,1957,8.4,236238
Sweet Smell of Success,1957,8,39205
The Bridge on the River Kwai,1957,8.1,246817
The Seventh Seal,1957,8.1,213944
Throne of Blood,1957,8,59546
Wild Strawberries,1957,8.1,123365
Witness for the Prosecution,1957,8.4,159519
Cat on a Hot Tin Roof,1958,7.9,56434
Elevator to the Gallows,1958,7.9,31141
Gigi,1958,6.6,25889
Horror of Dracula,1958,7.2,30822
My Uncle,1958,7.6,25815
Plan 9 from Outer Space,1958,3.9,42197
The Blob,1958,6.3,31902
The Fly,1958,7.1,27636
The Hidden Fortress,1958,8,45236
Touch of Evil,1958,7.9,114165
Vertigo,1958,8.2,455407
Anatomy of a Murder,1959,8,77009
Ben-Hur,1959,8.1,268900
Hiroshima Mon Amour,1959,7.8,38868
House on Haunted Hill,1959,6.7,34158
North by Northwest,1959,8.3,367118
Pickpocket,1959,7.5,27210
Rio Bravo,1959,8,72734
Sleeping Beauty,1959,7.2,170561
Some Like It Hot,1959,8.2,302262
The 400 Blows,1959,8,133405
Breathless,1960,7.7,93859
Eyes Without a Face,1960,7.6,38550
Inherit the Wind,1960,8.1,35082
L'Avventura,1960,7.7,36647
La Dolce Vita,1960,8,85147
Ocean's Eleven,1960,6.5,27003
Peeping Tom,1960,7.6,43262
Psycho,1960,8.5,777543
Rocco and His Brothers,1960,8.2,25404
Spartacus,1960,7.9,150820
The Apartment,1960,8.3,216278
The Magnificent Seven,1960,7.7,109354
The Time Machine,1960,7.5,47876
The Virgin Spring,1960,8,33473
Breakfast at Tiffany's,1961,7.5,202737
Judgment at Nuremberg,1961,8.3,95252
La Notte,1961,7.9,26119
Last Year at Marienbad,1961,7.6,26672
One Hundred and One Dalmatians,1961,7.3,194432
The Guns of Navarone,1961,7.5,59096
The Hustler,1961,7.9,90469
The Innocents,1961,7.7,35702
The Misfits,1961,7.2,25187
The Parent Trap,1961,7.2,26027
Through a Glass Darkly,1961,7.9,29096
Viridiana,1961,8,27828
West Side Story,1961,7.6,126764
Yojimbo,1961,8.2,141567
Cape Fear,1962,7.7,34352
Carnival of Souls,1962,7,30779
Cléo from 5 to 7,1962,7.8,30852
Dr. No,1962,7.2,191260
Harakiri,1962,8.6,88625
How the West Was Won,1962,7.1,25161
Ivan's Childhood,1962,8,42855
Jules and Jim,1962,7.6,46577
Lawrence of Arabia,1962,8.3,337826
Lolita,1962,7.5,114924
Sanjuro,1962,8,43893
The Exterminating Angel,1962,8,37743
The Longest Day,1962,7.7,62260
The Man Who Shot Liberty Valance,1962,8.1,87703
The Manchurian Candidate,1962,7.9,84128
The Trial,1962,7.6,26492
To Kill a Mockingbird,1962,8.3,349115
Vivre sa vie,1962,7.8,37306
What Ever Happened to Baby Jane?,1962,8,66870
8½,1963,8,131728
Charade,1963,7.8,92196
Cleopatra,1963,7,40587
Contempt,1963,7.4,38589
From Russia with Love,1963,7.3,155324
High and Low,1963,8.4,69667
Hud,1963,7.8,25612
It's a Mad Mad Mad Mad World,1963,7.5,50351
Jason and the Argonauts,1963,7.3,33860
The Birds,1963,7.6,217990
The Great Escape,1963,8.2,275021
The Haunting,1963,7.4,45370
The Leopard,1963,7.9,34124
The Pink Panther,1963,7,61032
The Sword in the Stone,1963,7.1,113127
Winter Light,1963,8,29073
A Fistful of Dollars,1964,7.9,250549
A Hard Day's Night,1964,7.5,50692
A Shot in the Dark,1964,7.3,33565
Band of Outsiders,1964,7.6,28626
Dr. Strangelove or: How I Learned to Stop Worrying and Love the Bomb,1964,8.3,547632
Fail Safe,1964,8.1,27407
Goldfinger,1964,7.7,214081
Marnie,1964,7.1,57193
Mary Poppins,1964,7.8,196971
My Fair Lady,1964,7.7,106850
Onibaba,1964,7.8,25185
The Umbrellas of Cherbourg,1964,7.8,34367
Woman in the Dunes,1964,8.4,25018
Zorba the Greek,1964,7.6,25439
Zulu,1964,7.7,45663
Alphaville,1965,7,29789
Doctor Zhivago,1965,7.9,86327
For a Few Dollars More,1965,8.2,296637
Pierrot le fou,1965,7.4,39724
Repulsion,1965,7.6,60866
The Sound of Music,1965,8.1,287621
Thunderball,1965,6.9,135037
A Man for All Seasons,1966,7.7,39697
Andrei Rublev,1966,8,59991
Batman: The Movie,1966,6.5,37681
Blow-Up,1966,7.4,71972
Django,1966,7.2,33602
El Dorado,1966,7.5,32988
Fahrenheit 451,1966,7.2,47180
How to Steal a Million,1966,7.5,31892
Manos: The Hands of Fate,1966,1.7,38378
Persona,1966,8,139114
The Battle of Algiers,1966,8.1,74421
"The Good, the Bad and the Ugly",1966,8.8,881373
Torn Curtain,1966,6.6,31445
Who's Afraid of Virginia Woolf?,1966,8,83660
Belle de Jour,1967,7.6,52802
Bonnie and Clyde,1967,7.7,127025
Casino Royale,1967,5,34512
Cool Hand Luke,1967,8,196446
Guess Who's Coming to Dinner,1967,7.8,52270
In Cold Blood,1967,7.9,31389
In the Heat of the Night,1967,7.9,89996
Le Samouraï,1967,8,64765
Playtime,1967,7.8,28870
Point Blank,1967,7.3,25730
The Dirty Dozen,1967,7.7,83335
The Fearless Vampire Killers,1967,7,35759
The Graduate,1967,8,301034
The Jungle Book,1967,7.6,211051
The Producers,1967,7.5,64127
Wait Until Dark,1967,7.7,36131
You Only Live Twice,1967,6.8,124967
2001: A Space Odyssey,1968,8.3,773577
Barbarella,1968,5.9,40288
Bullitt,1968,7.4,80832
Chitty Chitty Bang Bang,1968,7,54485
Funny Girl,1968,7.4,27059
Hang 'Em High,1968,7,47544
If....,1968,7.4,26309
Night of the Living Dead,1968,7.8,149430
Oliver!,1968,7.4,43993
Once Upon a Time in the West,1968,8.5,380788
Planet of the Apes,1968,8,208959
Romeo and Juliet,1968,7.6,36972
Rosemary's Baby,1968,8,255163
The Lion in Winter,1968,7.8,36392
The Odd Couple,1968,7.6,39608
The Party,1968,7.4,46492
The Thomas Crown Affair,1968,6.9,31255
Where Eagles Dare,1968,7.6,67116
Yellow Submarine,1968,7.4,29563
Army of Shadows,1969,8.1,28715
Battle of Britain,1969,7,26480
Butch Cassidy and the Sundance Kid,1969,8,237774
Easy Rider,1969,7.2,122579
Kes,1969,7.9,25163
Midnight Cowboy,1969,7.8,130050
On Her Majesty's Secret Service,1969,6.7,106432
Take the Money and Run,1969,7.2,32728
The Italian Job,1969,7.2,53694
The Wild Bunch,1969,7.9,94618
True Grit,1969,7.4,54454
Z,1969,8.1,33545
Beneath the Planet of the Apes,1970,6,57130
Catch-22,1970,7.1,28075
El Topo,1970,7.2,33032
Five Easy Pieces,1970,7.4,43798
Kelly's Heroes,1970,7.6,57768
Le cercle rouge,1970,7.9,31275
Little Big Man,1970,7.5,39972
Love Story,1970,6.9,39803
M*A*S*H,1970,7.3,81791
Patton,1970,7.9,113490
The Aristocats,1970,7.1,123448
The Bird with the Crystal Plumage,1970,7.1,26742
The Conformist,1970,7.9,38406
They Call Me Trinity,1970,7.4,27642
Tora! Tora! Tora!,1970,7.5,39471
Two Mules for Sister Sara,1970,7,33381
A Clockwork Orange,1971,8.2,928938
Anand,1971,8.1,37197
Bananas,1971,6.9,39799
Bedknobs and Broomsticks,1971,7.1,42990
Diamonds Are Forever,1971,6.5,121037
Dirty Harry,1971,7.7,179116
"Duck, You Sucker!",1971,7.5,40785
Escape from the Planet of the Apes,1971,6.3,44174
Fiddler on the Roof,1971,8,51509
Get Carter,1971,7.3,39391
Harold and Maude,1971,7.8,85347
Klute,1971,7.1,33119
McCabe & Mrs. Miller,1971,7.6,30023
Monty Python's and Now for Something Completely Different,1971,7.5,32509
Play Misty for Me,1971,6.9,34514
Straw Dogs,1971,7.4,67738
The Andromeda Strain,1971,7.2,43370
The Big Boss,1971,6.9,31471
The French Connection,1971,7.7,148839
The Last Picture Show,1971,8,56357
The Omega Man,1971,6.4,35834
THX 1138,1971,6.6,57044
Vanishing Point,1971,7.2,32198
Walkabout,1971,7.6,29310
Willy Wonka & the Chocolate Factory,1971,7.8,242661
"Aguirre, the Wrath of God",1972,7.8,67027
Cabaret,1972,7.8,63832
Conquest of the Planet of the Apes,1972,6.1,40104
Cries & Whispers,1972,7.9,39354
Deliverance,1972,7.6,127407
Everything You Always Wanted to Know About Sex * But Were Afraid to Ask,1972,6.7,43671
Fist of Fury,1972,7.2,36803
Frenzy,1972,7.4,52895
Jeremiah Johnson,1972,7.6,38941
Last Tango in Paris,1972,6.8,62082
Pink Flamingos,1972,6,30476
"Play It Again, Sam",1972,7.6,29445
Silent Running,1972,6.6,33312
Sleuth,1972,7.9,52364
Solaris,1972,7.9,104106
The Discreet Charm of the Bourgeoisie,1972,7.7,50041
The Getaway,1972,7.3,38119
The Godfather,1972,9.2,2194237
The Last House on the Left,1972,5.8,43119
The Poseidon Adventure,1972,7.1,53293
The Way of the Dragon,1972,7.1,44127
"What's Up, Doc?",1972,7.6,29887
Amarcord,1973,7.8,50997
American Graffiti,1973,7.4,104612
Badlands,1973,7.7,83395
Battle for the Planet of the Apes,1973,5.4,37489
Day for Night,1973,8,26113
Don't Look Now,1973,7.1,67836
Enter the Dragon,1973,7.6,119127
Fantastic Planet,1973,7.6,41469
High Plains Drifter,1973,7.4,72191
Jesus Christ Superstar,1973,7.4,32101
Live and Let Die,1973,6.7,122546
Magnum Force,1973,7.2,71044
Mean Streets,1973,7.2,126786
My Name Is Nobody,1973,7.3,31771
Paper Moon,1973,8.1,56710
Papillon,1973,8,144807
Robin Hood,1973,7.5,148349
Serpico,1973,7.7,144850
Sleeper,1973,7.1,46365
Soylent Green,1973,7,74567
The Day of the Jackal,1973,7.8,52144
The Exorcist,1973,8.1,493026
The Holy Mountain,1973,7.7,51756
The Last Detail,1973,7.5,30736
The Long Goodbye,1973,7.5,42868
The Sting,1973,8.2,297469
The Way We Were,1973,7,30379
The Wicker Man,1973,7.5,104023
Westworld,1973,6.9,66394
A Woman Under the Influence,1974,8,32630
Ali: Fear Eats the Soul,1974,8,25695
Alice Doesn't Live Here Anymore,1974,7.3,29545
Black Christmas,1974,7.1,55640
Blazing Saddles,1974,7.7,162497
Chinatown,1974,8.1,373523
Dark Star,1974,6.1,29868
Death Wish,1974,6.9,47500
Murder on the Orient Express,1974,7.2,73794
Phantom of the Paradise,1974,7.3,25498
The Conversation,1974,7.7,135033
The Godfather Part II,1974,9,1475127
The Great Gatsby,1974,6.4,28624
The Man with the Golden Gun,1974,6.7,119751
The Taking of Pelham One Two Three,1974,7.6,40360
The Texas Chain Saw Massacre,1974,7.4,208811
The Towering Inferno,1974,7,51914
Thunderbolt and Lightfoot,1974,7,32360
Young Frankenstein,1974,8,179546
Zardoz,1974,5.8,26644
Barry Lyndon,1975,8.1,201097
Death Race 2000,1975,6.2,33533
Deep Red,1975,7.5,46794
Dersu Uzala,1975,8.2,35977
Dog Day Afternoon,1975,8,288943
Jaws,1975,8.1,727548
Love and Death,1975,7.6,43515
Mirror,1975,7.9,56781
Monty Python and the Holy Grail,1975,8.2,598787
Nashville,1975,7.6,31060
One Flew Over the Cuckoo's Nest,1975,8.6,1146260
Picnic at Hanging Rock,1975,7.4,44946
Rollerball,1975,6.5,31905
"Salò, or the 120 Days of Sodom",1975,5.8,71565
Shivers,1975,6.3,25806
Sholay,1975,8.1,62472
The Chaos Class,1975,9.2,45610
The Chaos Class Failed the Class,1975,8.5,29481
The Man Who Would Be King,1975,7.7,54947
The Passenger,1975,7.4,28390
The Return of the Pink Panther,1975,7,32046
The Rocky Horror Picture Show,1975,7.4,181673
Three Days of the Condor,1975,7.4,69259
1900,1976,7.6,28806
All the President's Men,1976,7.9,136195
Assault on Precinct 13,1976,7.3,60157
Carrie,1976,7.4,225418
Family Plot,1976,6.8,26646
King Kong,1976,6,37933
Logan's Run,1976,6.8,64892
Marathon Man,1976,7.4,74708
Murder by Death,1976,7.2,45048
Network,1976,8.1,183895
Rocky,1976,8.1,679775
Taxi Driver,1976,8.2,1011299
The Bad News Bears,1976,7.3,27021
The Eagle Has Landed,1976,6.9,26860
The Enforcer,1976,6.7,52513
The Man Who Fell to Earth,1976,6.6,30770
The Message,1976,8.1,53448
The Omen,1976,7.5,144908
The Outlaw Josey Wales,1976,7.8,85651
The Pink Panther Strikes Again,1976,7.1,34133
The Shootist,1976,7.6,28956
The Tenant,1976,7.5,50823
Tosun Pasha,1976,8.9,26113
A Bridge Too Far,1977,7.4,66738
Annie Hall,1977,7.9,289623
Close Encounters of the Third Kind,1977,7.6,230719
Cross of Iron,1977,7.4,31232
Eraserhead,1977,7.2,141494
Exorcist II: The Heretic,1977,3.8,30503
High Anxiety,1977,6.6,25251
House,1977,7.2,38715
Pete's Dragon,1977,6.3,27874
Pumping Iron,1977,7.3,26457
Saturday Night Fever,1977,6.8,93558
Slap Shot,1977,7.2,44451
Smokey and the Bandit,1977,7,61745
Sorcerer,1977,7.7,34504
Star Wars: Episode IV - A New Hope,1977,8.6,1551914
Suspiria,1977,7.3,115059
That Obscure Object of Desire,1977,7.8,26708
The Duellists,1977,7.4,29257
The Gauntlet,1977,6.4,27073
The Hills Have Eyes,1977,6.3,42287
The Many Adventures of Winnie the Pooh,1977,7.5,42322
The Rescuers,1977,6.9,74439
The Spy Who Loved Me,1977,7,123177
Autumn Sonata,1978,8.1,41552
Capricorn One,1978,6.8,26861
Damien: Omen II,1978,6.2,39750
Dawn of the Dead,1978,7.8,135479
Days of Heaven,1978,7.7,67861
Death on the Nile,1978,7.3,43740
Drunken Master,1978,7.4,47087
Every Which Way But Loose,1978,6.3,32095
Grease,1978,7.2,322593
Halloween,1978,7.7,335402
Heaven Can Wait,1978,6.9,25362
I Spit on Your Grave,1978,5.7,33807
Invasion of the Body Snatchers,1978,7.4,80119
Jaws 2,1978,5.8,91693
Midnight Express,1978,7.5,93320
National Lampoon's Animal House,1978,7.4,135241
Piranha,1978,5.9,27603
Superman,1978,7.4,205859
The Boys from Brazil,1978,7,33319
The Deer Hunter,1978,8.1,383501
The Lord of the Rings,1978,6.2,38863
Up in Smoke,1978,6.9,43121
Watership Down,1978,7.5,42761
1941,1979,5.8,38572
Alien,1979,8.5,1050901
All That Jazz,1979,7.8,39627
And Justice for All,1979,7.4,44451
Apocalypse Now,1979,8.4,762413
Being There,1979,7.9,82153
Breaking Away,1979,7.7,27225
Caligula,1979,5.3,41238
Escape from Alcatraz,1979,7.5,161681
Hair,1979,7.5,43753
Kramer vs. Kramer,1979,7.8,164425
Lupin III: The Castle of Cagliostro,1979,7.6,35569
Mad Max,1979,6.8,242779
Manhattan,1979,7.8,153255
Meatballs,1979,6.2,25803
Monty Python's Life of Brian,1979,8,433016
Moonraker,1979,6.3,115616
Nosferatu the Vampyre,1979,7.4,48710
Phantasm,1979,6.6,44292
Rocky II,1979,7.3,246690
Stalker,1979,8,155020
Star Trek: The Motion Picture,1979,6.4,101460
The Amityville Horror,1979,6.2,48612
The Black Hole,1979,5.9,29977
The Brood,1979,6.8,37589
The China Syndrome,1979,7.4,35423
The Jerk,1979,7.1,68005
The Muppet Movie,1979,7.6,42047
The Tin Drum,1979,7.4,27531
The Warriors,1979,7.5,118127
Zombie,1979,6.8,32958
9 to 5,1980,6.9,42655
Airplane!,1980,7.7,283266
Altered States,1980,6.9,41853
American Gigolo,1980,6.3,31875
Caddyshack,1980,7.2,133432
Cannibal Holocaust,1980,5.8,66107
Cruising,1980,6.5,31477
Dressed to Kill,1980,7,55388
Fame,1980,6.6,26047
Flash Gordon,1980,6.5,65471
Friday the 13th,1980,6.4,173085
Inferno,1980,6.5,26013
Kagemusha: The Shadow Warrior,1980,7.9,40539
Ordinary People,1980,7.7,61161
Popeye,1980,5.4,37212
Private Benjamin,1980,6.2,30507
Raging Bull,1980,8.1,405735
Somewhere in Time,1980,7.2,35826
Star Wars: Episode V - The Empire Strikes Back,1980,8.7,1486276
Stardust Memories,1980,7.2,25006
Stir Crazy,1980,6.7,32290
Superman II,1980,6.8,123645
The Blue Lagoon,1980,5.8,82363
The Blues Brothers,1980,7.9,227248
The Changeling,1980,7.1,43988
The Elephant Man,1980,8.2,279345
The Final Countdown,1980,6.7,29450
The Fog,1980,6.8,90641
The Gods Must Be Crazy,1980,7.3,62518
The Long Good Friday,1980,7.5,29018
The Shining,1980,8.4,1208985
An American Werewolf in London,1981,7.5,132772
Arthur,1981,6.9,33146
Blow Out,1981,7.4,74183
Body Heat,1981,7.4,43357
Chariots of Fire,1981,7.1,70314
Christiane F.,1981,7.5,34056
Clash of the Titans,1981,6.9,50778
Das Boot,1981,8.4,285543
Escape from New York,1981,7.1,170467
Excalibur,1981,7.3,71994
For Your Eyes Only,1981,6.7,114553
Friday the 13th Part 2,1981,6.1,86052
Gallipoli,1981,7.4,44098
Halloween II,1981,6.5,111024
Heavy Metal,1981,6.6,41116
History of the World: Part I,1981,6.8,58165
My Bloody Valentine,1981,6.3,27481
My Dinner with Andre,1981,7.7,29807
On Golden Pond,1981,7.6,37281
Outland,1981,6.6,34789
Porky's,1981,6.2,48482
Possession,1981,7.2,54871
Quest for Fire,1981,7.3,26076
Raiders of the Lost Ark,1981,8.4,1100602
Reds,1981,7.3,26440
Scanners,1981,6.7,66877
Stripes,1981,6.8,84985
The Beyond,1981,6.6,27553
The Cannonball Run,1981,6.2,43206
The Evil Dead,1981,7.3,248723
The Final Conflict,1981,5.5,25443
The Fox and the Hound,1981,7.2,109022
The Howling,1981,6.5,44053
The Postman Always Rings Twice,1981,6.6,27423
The Road Warrior,1981,7.6,211417
Thief,1981,7.4,47577
Time Bandits,1981,6.9,73457
Victory,1981,6.7,35321
48 Hrs.,1982,6.9,92075
Airplane II: The Sequel,1982,6.2,60378
An Officer and a Gentleman,1982,7.1,66674
Annie,1982,6.6,52970
Blade Runner,1982,8.1,873059
Cat People,1982,6.2,26192
Conan the Barbarian,1982,6.9,172148
Creepshow,1982,6.8,57129
Dead Men Don't Wear Plaid,1982,6.8,25552
E.T. the Extra-Terrestrial,1982,7.9,466901
Fanny and Alexander,1982,8.1,70848
Fast Times at Ridgemont High,1982,7.1,123706
Firefox,1982,5.9,31120
First Blood,1982,7.7,297401
Fitzcarraldo,1982,7.9,42256
Friday the 13th: Part 3,1982,5.6,66789
Gandhi,1982,8,246275
Grease 2,1982,4.6,40911
Halloween III: Season of the Witch,1982,5.2,67125
Koyaanisqatsi,1982,8.2,44201
Missing,1982,7.7,25313
Pink Floyd: The Wall,1982,8,89141
Poltergeist,1982,7.3,193123
Rocky III,1982,6.9,225575
Sophie's Choice,1982,7.5,56360
Star Trek II: The Wrath of Khan,1982,7.7,134705
Tenebrae,1982,7,30490
The Beastmaster,1982,6.2,26992
The Dark Crystal,1982,7.1,76304
The King of Comedy,1982,7.8,130273
The Last Unicorn,1982,7.3,32558
The Secret of NIMH,1982,7.5,49261
The Thing,1982,8.2,518102
The Verdict,1982,7.7,49924
The World According to Garp,1982,7.1,30692
Tootsie,1982,7.4,121094
Tron,1982,6.7,143840
Victor/Victoria,1982,7.6,25394
A Christmas Story,1983,7.9,180111
Blue Thunder,1983,6.4,25091
Christine,1983,6.8,101229
Cujo,1983,6.1,55088
Flashdance,1983,6.2,63367
Jaws 3-D,1983,3.7,52328
Krull,1983,6.1,38856
Local Hero,1983,7.3,29194
Monty Python's the Meaning of Life,1983,7.5,129236
Mr. Mom,1983,6.6,30658
National Lampoon's Vacation,1983,7.3,127304
Never Say Never Again,1983,6.1,76761
Nostalghia,1983,7.9,32696
Octopussy,1983,6.5,119270
Psycho II,1983,6.6,34511
Risky Business,1983,6.8,107110
Rumble Fish,1983,7.1,40694
Scarface,1983,8.3,1000302
Sleepaway Camp,1983,6.2,43159
Star Wars: Episode VI - Return of the Jedi,1983,8.3,1195156
Sudden Impact,1983,6.6,51871
Superman III,1983,5,80675
Terms of Endearment,1983,7.4,69726
The Big Chill,1983,7.1,45017
The Dead Zone,1983,7.2,83600
The Hunger,1983,6.6,31525
The Man with Two Brains,1983,6.4,29191
The Outsiders,1983,7,107995
The Right Stuff,1983,7.8,68513
Trading Places,1983,7.5,180486
Twilight Zone: The Movie,1983,6.5,44122
Videodrome,1983,7.2,111586
WarGames,1983,7.1,120125
Zelig,1983,7.6,45744
1984,1984,7,86799
2010: The Year We Make Contact,1984,6.7,60585
A Nightmare on Elm Street,1984,7.4,287735
Amadeus,1984,8.4,463198
Bachelor Party,1984,6.3,44550
Beverly Hills Cop,1984,7.4,229742
Birdy,1984,7.2,26412
Blood Simple,1984,7.5,112608
Body Double,1984,6.8,44192
Broadway Danny Rose,1984,7.4,28026
Children of the Corn,1984,5.6,62101
Conan the Destroyer,1984,5.9,89669
Dune,1984,6.2,191262
Firestarter,1984,6.1,39363
Footloose,1984,6.6,100680
Friday the 13th: The Final Chapter,1984,6,65462
Ghostbusters,1984,7.8,482157
Gremlins,1984,7.3,271647
Indiana Jones and the Temple of Doom,1984,7.5,563080
Nausicaä of the Valley of the Wind,1984,8,195022
Night of the Comet,1984,6.3,26582
Once Upon a Time in America,1984,8.3,404802
"Paris, Texas",1984,8.1,137833
Police Academy,1984,6.7,147508
Purple Rain,1984,6.5,26048
Red Dawn,1984,6.3,67977
Repo Man,1984,6.8,44798
Revenge of the Nerds,1984,6.6,61481
Romancing the Stone,1984,6.9,110875
Sixteen Candles,1984,7,134283
Splash,1984,6.3,88152
Star Trek III: The Search for Spock,1984,6.7,89962
Starman,1984,7,56611
Stranger Than Paradise,1984,7.4,42928
Streets of Fire,1984,6.7,26937
Supergirl,1984,4.4,26010
The Adventures of Buckaroo Banzai Across the 8th Dimension,1984,6.2,32306
The Bounty,1984,7.1,34148
The Karate Kid,1984,7.3,267931
The Killing Fields,1984,7.8,63092
The Last Starfighter,1984,6.7,49240
The Natural,1984,7.4,56819
The NeverEnding Story,1984,7.3,168286
The Terminator,1984,8.1,991358
The Toxic Avenger,1984,6.2,36636
This Is Spinal Tap,1984,7.9,158918
Top Secret!,1984,7.2,80727
A Nightmare on Elm Street 2: Freddy's Revenge,1985,5.5,85193
A Room with a View,1985,7.2,51700
A View to a Kill,1985,6.3,111014
After Hours,1985,7.6,93928
Back to the Future,1985,8.5,1430641
Better Off Dead,1985,7.1,53233
Brazil,1985,7.8,220772
Brewster's Millions,1985,6.5,46504
Cat's Eye,1985,6.3,30243
Clue,1985,7.3,120899
Cocoon,1985,6.7,72562
Come and See,1985,8.3,119684
Commando,1985,6.7,185913
Day of the Dead,1985,7.1,79022
Demons,1985,6.6,29229
Desperately Seeking Susan,1985,6.2,28490
Enemy Mine,1985,6.8,54330
Explorers,1985,6.4,25218
Fletch,1985,6.9,60904
Friday the 13th: A New Beginning,1985,4.8,48768
Fright Night,1985,7.1,87258
House,1985,6.1,32416
Ladyhawke,1985,6.9,54672
Legend,1985,6.3,78856
Lifeforce,1985,6.2,33874
Mad Max Beyond Thunderdome,1985,6.2,160931
Mask,1985,7.2,34745
National Lampoon's European Vacation,1985,6.2,75556
Out of Africa,1985,7.2,91923
Pale Rider,1985,7.3,70057
Pee-wee's Big Adventure,1985,7.1,63160
Phenomena,1985,6.7,32687
Police Academy 2: Their First Assignment,1985,5.8,62802
Police Story,1985,7.5,46627
Prizzi's Honor,1985,6.7,28380
Rambo: First Blood Part II,1985,6.5,193979
Ran,1985,8.2,149650
Re-Animator,1985,7.1,77674
Real Genius,1985,6.9,40960
Red Sonja,1985,5.1,47695
Return to Oz,1985,6.8,33526
Rocky IV,1985,6.9,242079
Runaway Train,1985,7.2,36175
Silver Bullet,1985,6.4,34997
Silverado,1985,7.2,53646
Spies Like Us,1985,6.4,55580
St. Elmo's Fire,1985,6.4,51241
Tampopo,1985,7.9,26071
Teen Wolf,1985,6.1,64859
The Black Cauldron,1985,6.3,44576
The Breakfast Club,1985,7.8,467987
The Color Purple,1985,7.7,103091
The Goonies,1985,7.7,323108
The Jewel of the Nile,1985,6.1,65672
The Purple Rose of Cairo,1985,7.6,58715
The Quiet Earth,1985,6.7,29157
The Return of the Living Dead,1985,7.3,76403
To Live and Die in L.A.,1985,7.3,46093
Weird Science,1985,6.6,104736
Witness,1985,7.3,112477
9½ Weeks,1986,5.9,46489
A Better Tomorrow,1986,7.4,28028
Aliens,1986,8.4,832666
An American Tail,1986,6.9,61074
Back to School,1986,6.7,39014
Big Trouble in Little China,1986,7.2,165050
Blue Velvet,1986,7.7,240499
Castle in the Sky,1986,8,195714
Cobra,1986,5.8,84892
Critters,1986,6.1,42241
Crocodile Dundee,1986,6.7,123180
Down by Law,1986,7.6,58182
Ferris Bueller's Day Off,1986,7.8,411530
Flight of the Navigator,1986,6.9,54774
Friday the 13th Part VI: Jason Lives,1986,6,56514
From Beyond,1986,6.6,34717
Hannah and Her Sisters,1986,7.8,80945
Heartbreak Ridge,1986,6.8,51683
Henry: Portrait of a Serial Killer,1986,7,43842
Highlander,1986,7,156752
Hoosiers,1986,7.4,56226
Howard the Duck,1986,4.8,54050
Jean de Florette,1986,8.1,29066
Labyrinth,1986,7.3,162194
Little Shop of Horrors,1986,7.1,93507
Manhunter,1986,7.2,90157
Manon of the Spring,1986,8,25461
Maximum Overdrive,1986,5.4,39364
Night of the Creeps,1986,6.7,28425
Peggy Sue Got Married,1986,6.4,43570
Platoon,1986,8.1,467205
Police Academy 3: Back in Training,1986,5.4,51445
Poltergeist II: The Other Side,1986,5.7,32469
Pretty in Pink,1986,6.7,94262
Raw Deal,1986,5.6,40541
Ruthless People,1986,6.9,32309
Short Circuit,1986,6.6,69930
Sid and Nancy,1986,7,36597
Stand by Me,1986,8.1,479989
Star Trek IV: The Voyage Home,1986,7.3,95843
The Color of Money,1986,7,99917
The Fly,1986,7.6,221401
The Golden Child,1986,6,62933
The Great Mouse Detective,1986,7.1,58205
The Hitcher,1986,7.2,58024
The Karate Kid Part II,1986,6.2,108199
The Mission,1986,7.4,70195
The Money Pit,1986,6.4,66307
The Mosquito Coast,1986,6.6,33130
The Name of the Rose,1986,7.7,125698
The Sacrifice,1986,7.9,34437
The Texas Chainsaw Massacre 2,1986,5.6,42926
The Transformers: The Movie,1986,7.2,44294
Three Amigos!,1986,6.5,91128
Top Gun,1986,7,543940
*batteries not included,1987,6.6,39899
A Nightmare on Elm Street 3: Dream Warriors,1987,6.7,98812
Adventures in Babysitting,1987,6.9,53358
Angel Heart,1987,7.2,102676
Au Revoir Les Enfants,1987,8,38180
Bad Taste,1987,6.5,51032
Beverly Hills Cop II,1987,6.6,146799
Blind Date,1987,6,25677
Broadcast News,1987,7.3,36382
Can't Buy Me Love,1987,6.8,45348
Creepshow 2,1987,6.1,30510
Dirty Dancing,1987,7.1,276766
Dragnet,1987,6,39604
Empire of the Sun,1987,7.7,141409
Evil Dead II,1987,7.7,194246
Fatal Attraction,1987,6.9,109708
Full Metal Jacket,1987,8.2,842050
"Good Morning, Vietnam",1987,7.3,163784
Hamburger Hill,1987,6.7,29676
Harry and the Hendersons,1987,6.1,40202
Hellraiser,1987,6.9,152230
House of Games,1987,7.2,25478
Innerspace,1987,6.8,69033
Jaws: The Revenge,1987,3.1,53152
La Bamba,1987,7,38956
Lethal Weapon,1987,7.6,293146
Mannequin,1987,6,39175
Masters of the Universe,1987,5.4,47598
Maurice,1987,7.6,26525
Moonstruck,1987,7.2,77639
Nayakan,1987,8.6,27549
Near Dark,1987,6.9,49063
No Way Out,1987,7.1,54249
Over the Top,1987,5.8,64454
Overboard,1987,6.9,74541
"Planes, Trains & Automobiles",1987,7.6,178851
Police Academy 4: Citizens on Patrol,1987,5,48268
Predator,1987,7.8,493962
Prince of Darkness,1987,6.7,54849
Radio Days,1987,7.4,38543
Raising Arizona,1987,7.3,159182
RoboCop,1987,7.6,304910
Roxanne,1987,6.6,49708
Some Kind of Wonderful,1987,7,37188
Spaceballs,1987,7.1,223794
Stakeout,1987,6.7,30044
Superman IV: The Quest for Peace,1987,3.8,57872
The Brave Little Toaster,1987,7.2,29129
The Hidden,1987,7,25153
The Last Emperor,1987,7.7,118329
The Living Daylights,1987,6.7,112699
The Lost Boys,1987,7.2,175411
The Monster Squad,1987,6.9,38760
The Princess Bride,1987,8,480389
The Running Man,1987,6.6,187357
The Secret of My Success,1987,6.5,39101
The Untouchables,1987,7.8,350801
The Witches of Eastwick,1987,6.6,83427
Three Men and a Baby,1987,6.1,61058
Throw Momma from the Train,1987,6.3,43511
Wall Street,1987,7.3,173256
Wings of Desire,1987,7.9,82971
Withnail and I,1987,7.5,51390
A Fish Called Wanda,1988,7.5,163871
A Nightmare on Elm Street 4: The Dream Master,1988,5.6,67296
A Short Film About Love,1988,8.1,27861
Above the Law,1988,6,36730
Akira,1988,8,223004
Beaches,1988,7,30616
Beetlejuice,1988,7.4,414058
Big,1988,7.3,257242
Bloodsport,1988,6.8,101755
Bull Durham,1988,7,63482
Child's Play,1988,6.7,130126
Cinema Paradiso,1988,8.5,313786
Cocktail,1988,5.9,97308
Colors,1988,6.7,32562
Coming to America,1988,7.1,237909
Crocodile Dundee II,1988,5.7,63929
Dangerous Liaisons,1988,7.5,79297
Dead Ringers,1988,7.2,58165
Die Hard,1988,8.2,1019844
Dirty Rotten Scoundrels,1988,7.4,85145
Earth Girls Are Easy,1988,5.5,27023
Frantic,1988,6.8,61063
Friday the 13th: The New Blood,1988,5.2,46840
Funny Farm,1988,6.2,26495
Gorillas in the Mist,1988,7,30981
Grave of the Fireflies,1988,8.5,374873
Hairspray,1988,7,25017
Halloween 4: The Return of Michael Myers,1988,5.8,64002
Hellbound: Hellraiser II,1988,6.4,60250
Killer Klowns from Outer Space,1988,6.2,51773
Midnight Run,1988,7.5,102543
Mississippi Burning,1988,7.8,126032
My Neighbor Totoro,1988,8.1,423845
My Stepmother Is an Alien,1988,5.4,29001
Mystic Pizza,1988,6.4,36668
Oliver & Company,1988,6.6,56429
Police Academy 5: Assignment: Miami Beach,1988,4.6,40415
Pumpkinhead,1988,6.2,30962
Rain Man,1988,8,578202
Rambo III,1988,5.8,148109
Red Heat,1988,6.1,80711
Scrooged,1988,6.9,128261
Short Circuit 2,1988,5.8,28078
Tequila Sunrise,1988,6.1,35791
The Accused,1988,7.1,42651
The Adventures of Baron Munchausen,1988,7.1,59516
The Big Blue,1988,7.5,58191
The Blob,1988,6.7,48568
The Dead Pool,1988,6.3,51930
The Great Outdoors,1988,6.6,56452
The Land Before Time,1988,7.4,105961
The Last Temptation of Christ,1988,7.5,67217
The Naked Gun: From the Files of Police Squad!,1988,7.6,218377
The Serpent and the Rainbow,1988,6.4,29386
The Thin Blue Line,1988,7.9,27417
The Unbearable Lightness of Being,1988,7.2,40408
The Vanishing,1988,7.6,53695
They Live,1988,7.2,161269
Time of the Gypsies,1988,8.1,34224
Twins,1988,6.2,145968
Who Framed Roger Rabbit,1988,7.7,231217
Willow,1988,7.2,138157
Women on the Verge of a Nervous Breakdown,1988,7.5,50014
Working Girl,1988,6.8,67087
Young Guns,1988,6.8,72953
A Nightmare on Elm Street: The Dream Child,1989,5,55342
All Dogs Go to Heaven,1989,6.8,50098
Always,1989,6.4,34955
Back to the Future Part II,1989,7.8,614245
Batman,1989,7.5,428409
Bill & Ted's Excellent Adventure,1989,6.9,148253
Black Rain,1989,6.6,63567
Born on the Fourth of July,1989,7.2,123442
Casualties of War,1989,7.1,51215
Crimes and Misdemeanors,1989,7.8,62865
Cyborg,1989,5.1,36600
Dead Calm,1989,6.8,47317
Dead Poets Society,1989,8.1,632591
Do the Right Thing,1989,7.9,122415
Driving Miss Daisy,1989,7.3,123218
Drugstore Cowboy,1989,7.2,43587
Field of Dreams,1989,7.5,137380
Friday the 13th Part VIII: Jason Takes Manhattan,1989,4.5,47573
Ghostbusters II,1989,6.6,237862
Glory,1989,7.8,152215
Halloween 5: The Revenge of Michael Myers,1989,4.9,51508
Harlem Nights,1989,6.1,26707
Heathers,1989,7.1,125624
Henry V,1989,7.5,33096
"Honey, I Shrunk the Kids",1989,6.4,175507
Indiana Jones and the Last Crusade,1989,8.2,856126
K-9,1989,6.1,37393
Kickboxer,1989,6.4,65661
Kiki's Delivery Service,1989,7.8,184592
Lethal Weapon 2,1989,7.3,199572
Leviathan,1989,5.8,26470
Licence to Kill,1989,6.7,118592
Lock Up,1989,6.4,49213
Look Who's Talking,1989,6,90364
Major League,1989,7.2,82145
My Left Foot,1989,7.8,84379
Mystery Train,1989,7.5,32721
National Lampoon's Christmas Vacation,1989,7.5,245863
Parenthood,1989,7.1,58230
Pet Sematary,1989,6.5,122830
Police Academy 6: City Under Siege,1989,4.4,34817
Road House,1989,6.7,110216
Roger & Me,1989,7.5,28145
Santa Sangre,1989,7.5,25336
Say Anything,1989,7.3,101060
Sea of Love,1989,6.8,48034
"See No Evil, Hear No Evil",1989,6.8,62926
"Sex, Lies, and Videotape",1989,7.2,63747
Star Trek V: The Final Frontier,1989,5.5,67294
Steel Magnolias,1989,7.3,68000
Tango & Cash,1989,6.4,119830
Tetsuo: The Iron Man,1989,6.9,28628
The 'Burbs,1989,6.8,89718
The Abyss,1989,7.5,207011
"The Cook, the Thief, His Wife & Her Lover",1989,7.5,44506
The Fabulous Baker Boys,1989,6.9,27414
The Fly II,1989,5.2,26167
The Karate Kid Part III,1989,5.4,76414
The Killer,1989,7.7,54407
The Little Mermaid,1989,7.6,308748
The Punisher,1989,5.6,28072
The War of the Roses,1989,6.9,62167
Tie Me Up! Tie Me Down!,1989,7,34213
Turner & Hooch,1989,6.2,80201
UHF,1989,6.9,33879
Uncle Buck,1989,7.1,119909
We're No Angels,1989,6.1,25987
Weekend at Bernie's,1989,6.4,67444
When Harry Met Sally...,1989,7.7,267789
Air America,1990,5.8,32173
Another 48 Hrs.,1990,5.9,47198
Arachnophobia,1990,6.5,80064
Awakenings,1990,7.8,174746
Back to the Future Part III,1990,7.5,513972
Bird on a Wire,1990,6,50428
Child's Play 2,1990,6,63501
Close-Up,1990,8.2,26283
Cry-Baby,1990,6.5,68213
Cyrano de Bergerac,1990,7.5,27310
Dances with Wolves,1990,8,306951
Darkman,1990,6.4,73969
Days of Being Wild,1990,7.4,28063
Days of Thunder,1990,6.1,103986
Dick Tracy,1990,6.2,69373
Die Hard 2,1990,7.2,404529
Dreams,1990,7.7,32074
DuckTales the Movie: Treasure of the Lost Lamp,1990,6.8,30130
Edward Scissorhands,1990,7.8,559958
Flatliners,1990,6.6,97984
Ghost,1990,7.1,253560
Goodfellas,1990,8.7,1371221
Green Card,1990,6.3,27190
Gremlins 2: The New Batch,1990,6.5,119678
Hard to Kill,1990,5.8,34226
Home Alone,1990,7.8,733117
Jacob's Ladder,1990,7.4,127355
Joe Versus the Volcano,1990,5.9,41724
Kindergarten Cop,1990,6.3,173621
King of New York,1990,6.9,47352
La Femme Nikita,1990,7.2,80857
Lionheart,1990,6.2,42627
Look Who's Talking Too,1990,4.7,50728
Lord of the Flies,1990,6.4,36090
Marked for Death,1990,5.9,26014
Memphis Belle,1990,6.9,31868
Men at Work,1990,5.9,29048
Mermaids,1990,6.7,39912
Miller's Crossing,1990,7.7,148391
Misery,1990,7.8,261210
Night of the Living Dead,1990,6.8,48656
Nightbreed,1990,6.5,28637
Predator 2,1990,6.3,199172
Presumed Innocent,1990,6.9,51950
Pretty Woman,1990,7.1,398732
Problem Child,1990,5.5,35136
Pump Up the Volume,1990,7.2,33173
Quigley Down Under,1990,6.9,26994
RoboCop 2,1990,5.8,98944
Rocky V,1990,5.4,159774
Rosencrantz & Guildenstern Are Dead,1990,7.3,25348
State of Grace,1990,7.1,28212
Teenage Mutant Ninja Turtles,1990,6.8,111368
The Bonfire of the Vanities,1990,5.6,28212
The Exorcist III,1990,6.5,42754
The Godfather Part III,1990,7.5,449937
The Grifters,1990,6.8,33009
The Hunt for Red October,1990,7.5,228615
The NeverEnding Story II: The Next Chapter,1990,5.1,28825
The Rescuers Down Under,1990,6.8,50590
The Rookie,1990,5.9,31426
The Witches,1990,6.8,58751
Three Men and a Little Lady,1990,5.5,28382
Total Recall,1990,7.5,377392
Tremors,1990,7.2,163954
Troll 2,1990,3,36211
Wild at Heart,1990,7.2,111032
Young Guns II,1990,6.5,41365
An American Tail: Fievel Goes West,1991,6.5,29941
Backdraft,1991,6.7,92711
Barton Fink,1991,7.6,134735
Beauty and the Beast,1991,8,501510
Bill & Ted's Bogus Journey,1991,6.3,84466
Boyz n the Hood,1991,7.8,166227
Bugsy,1991,6.8,32875
Cape Fear,1991,7.3,239585
Child's Play 3,1991,5.2,50627
City Slickers,1991,6.8,67108
Dead Again,1991,6.8,31711
Delicatessen,1991,7.5,93651
Doc Hollywood,1991,6.3,42387
Don't Tell Mom the Babysitter's Dead,1991,6.4,40907
Double Impact,1991,5.7,46969
Drop Dead Fred,1991,6,33471
Father of the Bride,1991,6.6,91636
Frankie and Johnny,1991,6.8,37779
Freddy's Dead: The Final Nightmare,1991,4.7,55226
Fried Green Tomatoes,1991,7.7,89853
Hearts of Darkness: A Filmmaker's Apocalypse,1991,8.1,25359
Highlander II: The Quickening,1991,4.2,50087
Hook,1991,6.8,288316
Hot Shots!,1991,6.7,123957
Hudson Hawk,1991,5.7,63890
JFK,1991,8,180243
L.A. Story,1991,6.7,35708
My Girl,1991,6.9,96274
My Own Private Idaho,1991,6.9,66240
Naked Lunch,1991,6.9,60294
New Jack City,1991,6.7,41717
Night on Earth,1991,7.7,70342
Nothing But Trouble,1991,5.2,29830
Only Yesterday,1991,7.6,41543
Oscar,1991,6.5,36362
Out for Justice,1991,6.1,27669
Point Break,1991,7.3,221423
Raise the Red Lantern,1991,8.1,37521
Regarding Henry,1991,6.7,35930
Robin Hood: Prince of Thieves,1991,6.9,220021
Sleeping with the Enemy,1991,6.3,70514
Star Trek VI: The Undiscovered Country,1991,7.2,84470
Teenage Mutant Ninja Turtles II: The Secret of the Ooze,1991,6,63847
Terminator 2: Judgment Day,1991,8.6,1269346
The Addams Family,1991,7,199221
The Commitments,1991,7.6,42135
The Doors,1991,7.2,106177
The Double Life of Véronique,1991,7.6,56420
The Fisher King,1991,7.5,95847
The Last Boy Scout,1991,7,119255
The Naked Gun 2½: The Smell of Fear,1991,6.9,139259
The People Under the Stairs,1991,6.4,43309
The Rocketeer,1991,6.6,65136
The Silence of the Lambs,1991,8.6,1694803
Thelma & Louise,1991,7.6,190155
Toy Soldiers,1991,6.6,27147
What About Bob?,1991,7,78255
1492: Conquest of Paradise,1992,6.4,34801
A Few Good Men,1992,7.7,312706
A League of Their Own,1992,7.4,128819
A River Runs Through It,1992,7.2,70108
Aladdin,1992,8,495867
Alien³,1992,6.4,349186
Army of Darkness,1992,7.4,206443
Bad Lieutenant,1992,7,51793
Baraka,1992,8.5,42828
Basic Instinct,1992,7.1,239978
Batman Returns,1992,7.1,347464
Beethoven,1992,5.7,80643
Bitter Moon,1992,7.2,45668
Boomerang,1992,5.6,33288
Buffy the Vampire Slayer,1992,5.7,53314
Candyman,1992,6.7,108505
Chaplin,1992,7.5,65134
Cool World,1992,4.9,26565
Cronos,1992,6.7,35952
Dead Alive,1992,7.4,108938
Death Becomes Her,1992,6.7,148917
Dracula,1992,7.4,265476
El Mariachi,1992,6.8,74302
Encino Man,1992,5.9,48145
Far and Away,1992,6.6,71984
FernGully: The Last Rainforest,1992,6.6,36793
Forever Young,1992,6.4,52215
Fortress,1992,5.9,31853
Glengarry Glen Ross,1992,7.6,125465
Hard Boiled,1992,7.7,58044
Hellraiser III: Hell on Earth,1992,5.5,37666
Hero,1992,6.5,25026
Hoffa,1992,6.6,25962
Home Alone 2: Lost in New York,1992,6.9,450156
"Honey, I Blew Up the Kid",1992,4.9,49058
HouseSitter,1992,6.2,28454
Howards End,1992,7.4,38263
Husbands and Wives,1992,7.5,32729
Jo Jeeta Wohi Sikandar,1992,8.1,27457
Juice,1992,7,32820
Leprechaun,1992,4.8,33192
Lethal Weapon 3,1992,6.7,187087
Lorenzo's Oil,1992,7.3,25305
Malcolm X,1992,7.7,109593
Man Bites Dog,1992,7.4,45837
Medicine Man,1992,6,26079
Memoirs of an Invisible Man,1992,6,29009
My Cousin Vinny,1992,7.6,155585
Of Mice and Men,1992,7.4,50608
Passenger 57,1992,5.9,53153
Patriot Games,1992,6.8,127321
Pet Sematary II,1992,4.9,25055
Porco Rosso,1992,7.7,114277
Reservoir Dogs,1992,8.3,1158520
Romper Stomper,1992,6.8,43291
Scent of a Woman,1992,8,364099
School Ties,1992,6.9,29055
Single White Female,1992,6.4,45320
Singles,1992,6.8,34968
Sister Act,1992,6.5,117076
Sleepwalkers,1992,5.4,26543
Sneakers,1992,7.1,67355
Stop! Or My Mom Will Shoot,1992,4.4,46834
Strictly Ballroom,1992,7.2,30665
Supercop,1992,7,26311
The Bodyguard,1992,6.4,157692
The Crying Game,1992,7.2,62921
The Hand That Rocks the Cradle,1992,6.7,54253
The Last of the Mohicans,1992,7.6,203872
The Lawnmower Man,1992,5.4,41804
The Lover,1992,6.8,25024
The Mighty Ducks,1992,6.6,75838
The Muppet Christmas Carol,1992,7.8,81467
The Player,1992,7.5,71334
Toys,1992,5.1,34947
Twin Peaks: Fire Walk with Me,1992,7.3,117156
Under Siege,1992,6.5,101459
Unforgiven,1992,8.2,464270
Universal Soldier,1992,6.1,100934
Wayne's World,1992,7,180760
White Men Can't Jump,1992,6.8,103992
A Bronx Tale,1993,7.8,180961
A Perfect World,1993,7.5,92628
Addams Family Values,1993,6.9,122143
Alive,1993,7.1,68315
Arizona Dream,1993,7.2,47489
Baazigar,1993,7.6,31722
Batman: Mask of the Phantasm,1993,7.8,62679
Beethoven's 2nd,1993,5,31276
Benny & Joon,1993,7.1,64905
"Blood In, Blood Out",1993,7.9,37198
Carlito's Way,1993,7.9,245372
Cliffhanger,1993,6.5,147114
Coneheads,1993,5.5,61491
Cool Runnings,1993,7,120835
Darr,1993,7.6,26892
Dave,1993,6.9,59745
Dazed and Confused,1993,7.6,214102
Demolition Man,1993,6.7,206891
Dennis the Menace,1993,5.7,68648
Dragon: The Bruce Lee Story,1993,7,34698
Falling Down,1993,7.5,223263
Farewell My Concubine,1993,8.1,36411
Fearless,1993,7,25876
Fire in the Sky,1993,6.5,31087
Free Willy,1993,6.1,88281
Gettysburg,1993,7.6,33118
Groundhog Day,1993,8,731506
Grumpy Old Men,1993,7,57034
Hard Target,1993,6.2,60471
Hocus Pocus,1993,6.9,171527
Homeward Bound: The Incredible Journey,1993,7,54853
Hot Shots! Part Deux,1993,6.6,103055
In the Line of Fire,1993,7.2,121769
In the Name of the Father,1993,8.1,200930
Indecent Proposal,1993,6,85448
Jason Goes to Hell: The Final Friday,1993,4.1,40425
Jurassic Park,1993,8.2,1160209
Kalifornia,1993,6.7,61926
Last Action Hero,1993,6.5,172967
Loaded Weapon 1,1993,6.2,53765
Look Who's Talking Now,1993,4.4,32372
Malice,1993,6.5,30533
Manhattan Murder Mystery,1993,7.3,49317
Menace II Society,1993,7.5,69039
Mrs. Doubtfire,1993,7.1,311905
Much Ado About Nothing,1993,7.3,55064
Naked,1993,7.7,48136
Needful Things,1993,6.3,29955
Ninja Scroll,1993,7.8,44000
Nowhere to Run,1993,5.7,27734
Philadelphia,1993,7.7,271606
Point of No Return,1993,6.1,31757
Red Rock West,1993,7,27766
Rising Sun,1993,6.3,50014
Robin Hood: Men in Tights,1993,6.7,144532
RoboCop 3,1993,4.2,57684
Rookie of the Year,1993,6.1,33173
Rudy,1993,7.5,73502
Schindler's List,1993,9,1567831
Searching for Bobby Fischer,1993,7.3,45390
Short Cuts,1993,7.6,49561
Sister Act 2: Back in the Habit,1993,5.7,63059
Sleepless in Seattle,1993,6.8,204620
Sliver,1993,5.1,36872
Sniper,1993,6.1,26713
So I Married an Axe Murderer,1993,6.5,45314
Stalingrad,1993,7.5,39964
Striking Distance,1993,5.9,47552
Super Mario Bros.,1993,4.2,67130
Teenage Mutant Ninja Turtles III,1993,4.8,38295
The Age of Innocence,1993,7.2,73644
The Firm,1993,6.9,159549
The Fugitive,1993,7.8,342387
The Good Son,1993,6.4,48621
The House of the Spirits,1993,6.9,26325
The Man Without a Face,1993,6.7,32664
The Nightmare Before Christmas,1993,7.9,407943
The Pelican Brief,1993,6.6,102695
The Piano,1993,7.5,100316
The Remains of the Day,1993,7.8,91547
The Sandlot,1993,7.8,112948
The Secret Garden,1993,7.3,47887
The Three Musketeers,1993,6.4,63388
The Vanishing,1993,6.3,29947
The Visitors,1993,7,40549
This Boy's Life,1993,7.3,62233
Three Colors: Blue,1993,7.8,117720
Tombstone,1993,7.8,188697
True Romance,1993,7.9,258304
Wayne's World 2,1993,6.2,91556
What's Eating Gilbert Grape,1993,7.7,266972
What's Love Got to Do with It,1993,7.4,26466
Ace Ventura: Pet Detective,1994,6.9,349136
Airheads,1994,6.2,59265
Andaz Apna Apna,1994,8,57574
Angels in the Outfield,1994,6.2,37222
Baby's Day Out,1994,6.2,59841
Beverly Hills Cop III,1994,5.5,99562
Blown Away,1994,6.2,36379
Bullets Over Broadway,1994,7.4,44027
Cemetery Man,1994,7,25865
Chungking Express,1994,7.9,108631
Clear and Present Danger,1994,6.9,115184
Clerks,1994,7.7,239233
Color of Night,1994,5.2,27295
D2: The Mighty Ducks,1994,6.1,45286
Death and the Maiden,1994,7.2,28691
Disclosure,1994,6.2,57625
Don Juan DeMarco,1994,6.7,54997
Drunken Master II,1994,7.5,51244
Dumb and Dumber,1994,7.3,438933
Ed Wood,1994,7.8,190559
Fist of Legend,1994,7.5,26422
Forrest Gump,1994,8.8,2458903
Four Weddings and a Funeral,1994,7.1,179768
Frankenstein,1994,6.3,63219
Heavenly Creatures,1994,7.2,70487
Hoop Dreams,1994,8.3,29320
I.Q.,1994,6.2,27463
Immortal Beloved,1994,7.4,27380
In the Mouth of Madness,1994,7.1,87707
Interview with the Vampire,1994,7.5,372744
It Could Happen to You,1994,6.4,48117
Junior,1994,4.8,77414
Legends of the Fall,1994,7.5,197161
Léon: The Professional,1994,8.5,1337379
Little Giants,1994,6.5,32696
Little Women,1994,7.3,68260
Major League II,1994,5.6,29555
Maverick,1994,7,125233
Miracle on 34th Street,1994,6.7,50564
Muriel's Wedding,1994,7.3,44743
Naked Gun 33 1/3: The Final Insult,1994,6.5,126376
Natural Born Killers,1994,7.2,265472
Nell,1994,6.5,32276
New Nightmare,1994,6.4,69072
On Deadly Ground,1994,4.6,26787
Once Were Warriors,1994,7.9,38950
Only You,1994,6.5,28989
Police Academy: Mission to Moscow,1994,3.5,37919
Pom Poko,1994,7.2,38252
Pulp Fiction,1994,8.8,2403101
Quiz Show,1994,7.5,77090
Reality Bites,1994,6.6,56962
Richie Rich,1994,5.5,78427
Serial Mom,1994,6.8,37421
Shallow Grave,1994,7.2,70179
Speed,1994,7.3,418576
Star Trek: Generations,1994,6.6,90550
Stargate,1994,7,216995
Street Fighter,1994,4.1,79398
Swimming with Sharks,1994,7,25817
Texas Chainsaw Massacre: The Next Generation,1994,3.4,28471
"The Adventures of Priscilla, Queen of the Desert",1994,7.5,60567
The Client,1994,6.7,83261
The Crow,1994,7.5,228538
The Flintstones,1994,5.1,91192
The Hudsucker Proxy,1994,7.2,89708
The Last Seduction,1994,7,28161
The Lion King,1994,8.5,1242239
The Little Rascals,1994,6.3,60580
The Mask,1994,7,463183
The Next Karate Kid,1994,4.6,37649
The Pagemaster,1994,6.2,27466
The Postman,1994,7.8,41072
The Ref,1994,6.9,28516
The River Wild,1994,6.5,53556
The Santa Clause,1994,6.6,146868
The Shadow,1994,6.1,28794
The Shawshank Redemption,1994,9.3,3143331
The Specialist,1994,5.6,72974
The Swan Princess,1994,6.4,28858
Three Colors: Red,1994,8.1,115946
Three Colors: White,1994,7.6,84757
Timecop,1994,5.9,68841
True Lies,1994,7.3,298709
Wolf,1994,6.3,63904
Wyatt Earp,1994,6.7,58704
12 Monkeys,1995,8,674294
A Goofy Movie,1995,7,68822
A Little Princess,1995,7.6,38766
A Walk in the Clouds,1995,6.7,38756
Ace Ventura: When Nature Calls,1995,6.4,246911
Apollo 13,1995,7.7,333174
Assassins,1995,6.3,91796
Babe,1995,6.9,141044
Bad Boys,1995,6.8,312211
Balto,1995,7.1,51335
Batman Forever,1995,5.5,280017
Before Sunrise,1995,8.1,371371
Billy Madison,1995,6.4,166231
Braveheart,1995,8.3,1151107
Casino,1995,8.2,610901
Casper,1995,6.2,158244
Clueless,1995,6.9,273717
Congo,1995,5.3,51869
Copycat,1995,6.6,83384
Crimson Tide,1995,7.4,134519
Cutthroat Island,1995,5.7,32735
Dangerous Minds,1995,6.5,60578
Dead Man,1995,7.5,108149
Dead Man Walking,1995,7.5,107503
Dead Presidents,1995,6.9,26253
Desperado,1995,7.1,206801
Devil in a Blue Dress,1995,6.8,27151
Die Hard with a Vengeance,1995,7.6,427922
Dilwale Dulhania Le Jayenge,1995,8,84348
Dolores Claiborne,1995,7.4,52516
Dracula: Dead and Loving It,1995,5.9,48381
Empire Records,1995,6.7,69022
Fallen Angels,1995,7.5,59169
Father of the Bride Part II,1995,6.1,44662
First Knight,1995,6,82147
Four Rooms,1995,6.7,116080
French Kiss,1995,6.6,56208
Friday,1995,7.2,135209
Get Shorty,1995,6.9,96428
Ghost in the Shell,1995,7.9,170835
GoldenEye,1995,7.2,282952
Grumpier Old Men,1995,6.7,31411
Hackers,1995,6.2,80606
Halloween: The Curse of Michael Myers,1995,4.7,46183
Heat,1995,8.3,788283
Heavyweights,1995,6.6,32851
It Takes Two,1995,6,27810
Johnny Mnemonic,1995,5.6,80185
Judge Dredd,1995,5.6,131097
Jumanji,1995,7.1,407529
Just Cause,1995,6.4,32426
Kids,1995,7,90755
La haine,1995,8.1,221442
Leaving Las Vegas,1995,7.5,143692
Major Payne,1995,6.3,42496
Mallrats,1995,7,133488
Memories,1995,7.5,25240
Mighty Aphrodite,1995,7,44680
Mighty Morphin Power Rangers,1995,5.3,31866
Money Train,1995,5.7,45030
Mortal Kombat,1995,5.8,130753
Mr. Holland's Opus,1995,7.4,43857
Murder in the First,1995,7.3,32620
Nick of Time,1995,6.3,47023
Nine Months,1995,5.5,39992
Nixon,1995,7,34371
Now and Then,1995,6.8,34594
Outbreak,1995,6.6,144497
Pocahontas,1995,6.7,215335
Powder,1995,6.6,34587
Rob Roy,1995,6.9,48905
Rumble in the Bronx,1995,6.8,49010
Sabrina,1995,6.3,46765
Screamers,1995,6.3,31435
Se7en,1995,8.6,1987029
Sense and Sensibility,1995,7.7,135623
Showgirls,1995,5.2,80901
Smoke,1995,7.4,39730
Species,1995,5.9,91040
Strange Days,1995,7.2,84176
Sudden Death,1995,5.9,39180
Tales from the Crypt: Demon Knight,1995,6.7,28288
Tank Girl,1995,5.4,37322
The American President,1995,6.9,64035
The Basketball Diaries,1995,7.3,130622
The Brady Bunch Movie,1995,6.2,25932
The Bridges of Madison County,1995,7.6,95460
The City of Lost Children,1995,7.4,74460
The Day of the Beast,1995,7.3,25797
The Indian in the Cupboard,1995,6,32742
The Net,1995,6,78997
The Prophecy,1995,6.4,35232
The Quick and the Dead,1995,6.5,111449
The Usual Suspects,1995,8.5,1224637
Things to Do in Denver When You're Dead,1995,6.7,31340
To Die For,1995,6.8,58265
"To Wong Foo, Thanks for Everything! Julie Newmar",1995,6.8,40516
Tommy Boy,1995,7.1,103936
Toy Story,1995,8.3,1157174
Under Siege 2: Dark Territory,1995,5.6,52839
Underground,1995,8,63795
Vampire in Brooklyn,1995,4.7,26652
Village of the Damned,1995,5.7,36517
Virtuosity,1995,5.5,34486
Waterworld,1995,6.3,222446
Welcome to the Dollhouse,1995,7.3,39980
While You Were Sleeping,1995,6.8,125239
Whisper of the Heart,1995,7.8,81622
101 Dalmatians,1996,5.8,123401
A Time to Kill,1996,7.5,201350
Barb Wire,1996,3.6,32867
Beautiful Girls,1996,7.1,36084
Beautiful Thing,1996,7.6,27042
Beavis and Butt-Head Do America,1996,6.8,62547
Bio-Dome,1996,4.4,31362
Black Sheep,1996,6.2,45643
Bottle Rocket,1996,6.9,87738
Bound,1996,7.3,66211
Breaking the Waves,1996,7.8,75260
Broken Arrow,1996,6.1,109704
Bulletproof,1996,5.8,42129
Chain Reaction,1996,5.7,59264
Courage Under Fire,1996,6.6,63047
Crash,1996,6.4,71678
D3: The Mighty Ducks,1996,5.5,30049
Daylight,1996,6,80641
Don't Be a Menace to South Central While Drinking Your Juice in the Hood,1996,6.5,66814
Down Periscope,1996,6.2,29390
DragonHeart,1996,6.4,105252
Emma,1996,6.6,43741
Eraser,1996,6.2,123262
Escape from L.A.,1996,5.7,85066
Everyone Says I Love You,1996,6.7,41064
Evita,1996,6.3,39239
Executive Decision,1996,6.5,64811
Fargo,1996,8.1,776188
Fear,1996,6.2,60715
Fly Away Home,1996,6.9,28585
Freeway,1996,6.8,33864
From Dusk Till Dawn,1996,7.2,365622
Hamlet,1996,7.7,41631
Happy Gilmore,1996,7,302077
Hard Eight,1996,7.1,59648
Hellraiser: Bloodline,1996,5.1,26565
Independence Day,1996,7,640546
Jack,1996,5.8,66685
James and the Giant Peach,1996,6.7,78038
Jerry Maguire,1996,7.3,306864
Jingle All the Way,1996,5.8,129094
Kazaam,1996,3.2,26522
Kingpin,1996,6.9,95883
Last Man Standing,1996,6.4,63283
Lone Star,1996,7.4,35173
Mars Attacks!,1996,6.4,256547
Marvin's Room,1996,6.7,31839
Matilda,1996,7,192511
Maximum Risk,1996,5.6,25553
Michael,1996,5.7,46616
Michael Collins,1996,7.1,35842
Mission: Impossible,1996,7.2,512325
Multiplicity,1996,6.2,36885
Muppet Treasure Island,1996,6.9,28837
One Fine Day,1996,6.5,50490
Phenomenon,1996,6.5,88313
Primal Fear,1996,7.7,277335
Pusher,1996,7.3,50364
Ransom,1996,6.7,142683
Romeo + Juliet,1996,6.7,257449
Scream,1996,7.4,435921
Secrets & Lies,1996,8,50887
Shine,1996,7.6,58618
Sleepers,1996,7.5,249637
Sling Blade,1996,8,103996
Space Jam,1996,6.5,227548
Spy Hard,1996,5.3,42692
Star Trek: First Contact,1996,7.6,136874
Stealing Beauty,1996,6.5,32150
Striptease,1996,4.6,51038
Swingers,1996,7.2,91748
That Thing You Do!,1996,7,77564
The Arrival,1996,6.2,41141
The Bandit,1996,8.1,74904
The Birdcage,1996,7.3,113396
The Cable Guy,1996,6.1,188040
The Craft,1996,6.5,118762
The Crucible,1996,6.8,42482
The English Patient,1996,7.4,212037
The Fan,1996,5.9,53577
The First Wives Club,1996,6.5,59328
The Frighteners,1996,7.1,101621
The Ghost and the Darkness,1996,6.8,69806
The Hunchback of Notre Dame,1996,7,182378
The Island of Dr. Moreau,1996,4.6,37787
The Long Kiss Goodnight,1996,6.8,91718
The Nutty Professor,1996,5.7,129972
The People vs. Larry Flynt,1996,7.3,104997
The Phantom,1996,5.1,37314
The Quest,1996,5.6,29797
The Rock,1996,7.4,376895
The Truth About Cats & Dogs,1996,6.3,30058
Thesis,1996,7.4,45741
Thinner,1996,5.8,36522
Tin Cup,1996,6.4,55693
Trainspotting,1996,8.1,762950
Twister,1996,6.6,249498
Waiting for Guffman,1996,7.4,32365
White Squall,1996,6.6,26954
A Life Less Ordinary,1997,6.3,38258
Absolute Power,1997,6.7,64316
Addicted to Love,1997,6.1,26590
Air Force One,1997,6.5,222021
Alien: Resurrection,1997,6.2,289470
Amistad,1997,7.3,86871
An American Werewolf in Paris,1997,5.1,28813
Anaconda,1997,4.9,121622
Anastasia,1997,7.2,145418
As Good as It Gets,1997,7.7,335139
Austin Powers: International Man of Mystery,1997,7,271192
Batman & Robin,1997,3.8,280448
Bean,1997,6.5,115780
Beverly Hills Ninja,1997,5.6,46248
Black Hawk Down,1997,7.9,34777
Boogie Nights,1997,7.9,301601
Breakdown,1997,7,68165
Brother,1997,7.8,27967
Chasing Amy,1997,7.2,147729
Children of Heaven,1997,8.2,88773
Con Air,1997,6.9,336626
Conspiracy Theory,1997,6.7,113148
Contact,1997,7.5,309604
Cop Land,1997,7,113913
Cube,1997,7.1,259604
Cure,1997,7.5,35753
Dante's Peak,1997,6.1,106265
Deconstructing Harry,1997,7.3,50143
Dil To Pagal Hai,1997,7,26723
Donnie Brasco,1997,7.7,352813
Double Team,1997,4.8,38424
Event Horizon,1997,6.6,211795
Face/Off,1997,7.3,423115
Fierce Creatures,1997,6.4,26467
Fireworks,1997,7.7,35220
Flubber,1997,5.3,99284
Fools Rush In,1997,6.1,41520
Funny Games,1997,7.5,94930
G.I. Jane,1997,6,92184
Gattaca,1997,7.7,343422
George of the Jungle,1997,5.6,89090
Good Burger,1997,5.8,35754
Good Will Hunting,1997,8.3,1190187
Grosse Pointe Blank,1997,7.3,104315
Gummo,1997,6.6,41379
Happy Together,1997,7.7,37646
Hercules,1997,7.3,275708
Home Alone 3,1997,4.6,137166
I Know What You Did Last Summer,1997,5.8,178224
In & Out,1997,6.4,46133
Jackie Brown,1997,7.5,399294
Jungle 2 Jungle,1997,5.2,27357
Kiss the Girls,1997,6.6,99084
Knockin' on Heaven's Door,1997,7.8,36394
Kundun,1997,7,31881
L.A. Confidential,1997,8.2,653684
Liar Liar,1997,6.9,358798
Life Is Beautiful,1997,8.6,802823
Live Flesh,1997,7.3,35273
Lolita,1997,6.8,73424
Lost Highway,1997,7.6,167897
Men in Black,1997,7.3,656313
Metro,1997,5.6,30420
Midnight in the Garden of Good and Evil,1997,6.6,43371
Mimic,1997,6,59100
Money Talks,1997,6.2,33114
Mortal Kombat: Annihilation,1997,3.6,61110
Mousehunt,1997,6.5,64209
Mr. Nice Guy,1997,6.2,30644
Murder at 1600,1997,6.1,34427
My Best Friend's Wedding,1997,6.4,164870
Neon Genesis Evangelion: The End of Evangelion,1997,8.1,74672
Nothing to Lose,1997,6.7,51895
One Eight Seven,1997,6.6,26749
Open Your Eyes,1997,7.7,76508
Orgazmo,1997,6.1,39178
Perfect Blue,1997,8,117213
Princess Mononoke,1997,8.3,476528
Private Parts,1997,6.9,40327
Romy and Michele's High School Reunion,1997,6.4,57312
Scream 2,1997,6.3,230837
Selena,1997,6.9,33793
Seven Years in Tibet,1997,7.1,165690
Spawn,1997,5.2,75950
Speed 2: Cruise Control,1997,4,89542
Spice World,1997,3.8,39188
Starship Troopers,1997,7.3,342611
Suicide Kings,1997,6.9,30304
Taste of Cherry,1997,7.7,42524
The Devil's Advocate,1997,7.5,437932
The Devil's Own,1997,6.2,76686
The Edge,1997,7,84101
The Fifth Element,1997,7.6,538539
The Full Monty,1997,7.2,118896
The Game,1997,7.7,464529
The Ice Storm,1997,7.3,63125
The Jackal,1997,6.4,131117
The Lost World: Jurassic Park,1997,6.6,472926
The Man Who Knew Too Little,1997,6.6,36779
The Peacemaker,1997,6,66046
The Postman,1997,6.1,82663
The Rainmaker,1997,7.2,89764
The Relic,1997,5.8,32246
The Saint,1997,6.2,76880
The Spanish Prisoner,1997,7.1,27288
The Sweet Hereafter,1997,7.4,37976
Titanic,1997,7.9,1374532
Tomorrow Never Dies,1997,6.5,213668
U Turn,1997,6.7,57189
Vegas Vacation,1997,5.9,55926
Volcano,1997,5.6,86265
Wag the Dog,1997,7.1,92445
Wishmaster,1997,5.9,28504
54,1998,5.9,35584
A Bug's Life,1998,7.2,334207
A Civil Action,1998,6.6,32339
A Night at the Roxbury,1998,6.2,68317
A Perfect Murder,1998,6.6,97552
A Simple Plan,1998,7.5,81790
American History X,1998,8.5,1260565
Antz,1998,6.5,170269
Apt Pupil,1998,6.7,43928
Armageddon,1998,6.7,474833
Babe: Pig in the City,1998,5.9,37259
BASEketball,1998,6.5,68772
"Black Cat, White Cat",1998,8,58387
Blade,1998,7.1,326413
Blues Brothers 2000,1998,4.9,36017
Bride of Chucky,1998,5.6,69468
Buffalo '66,1998,7.4,66494
Bulworth,1998,6.8,28104
Can't Hardly Wait,1998,6.5,56903
Celebrity,1998,6.3,29646
Central Station,1998,8,49868
City of Angels,1998,6.7,133756
Dark City,1998,7.5,224253
Deep Impact,1998,6.3,203246
Deep Rising,1998,6.1,44392
Dil Se..,1998,7.5,33220
Dirty Work,1998,6.4,32760
Disturbing Behavior,1998,5.7,27272
Doctor Dolittle,1998,5.4,106900
Elizabeth,1998,7.4,109557
Enemy of the State,1998,7.3,272595
Ever After: A Cinderella Story,1998,7.1,85554
Everything's Gonna Be Great,1998,8.1,29882
Fallen,1998,7,100911
Fear and Loathing in Las Vegas,1998,7.5,316453
Following,1998,7.4,108668
Gods and Monsters,1998,7.3,34037
Godzilla,1998,5.5,211714
Great Expectations,1998,6.8,59623
Half Baked,1998,6.6,70554
Halloween H20: 20 Years Later,1998,5.8,87922
Happiness,1998,7.7,79084
Hard Rain,1998,5.9,39066
He Got Game,1998,6.9,54389
Hope Floats,1998,6.1,32438
I Stand Alone,1998,7.2,27382
I Still Know What You Did Last Summer,1998,4.8,87326
Jack Frost,1998,5.5,44407
Kuch Kuch Hota Hai,1998,7.6,62072
Le Dîner de Cons,1998,7.6,47135
Legionnaire,1998,5.5,27154
Les Misérables,1998,7.4,45359
Lethal Weapon 4,1998,6.6,179413
"Lock, Stock and Two Smoking Barrels",1998,8.1,645630
Lost in Space,1998,5.2,77245
Meet Joe Black,1998,7.2,295458
Mercury Rising,1998,6.1,80707
Mighty Joe Young,1998,5.7,32325
Mulan,1998,7.7,341595
Out of Sight,1998,7,104882
Patch Adams,1998,6.9,128783
Pi,1998,7.3,191767
Pleasantville,1998,7.5,142227
Pokémon: The First Movie - Mewtwo Strikes Back,1998,6.3,49319
Practical Magic,1998,6.4,105478
Primary Colors,1998,6.7,31309
Psycho,1998,4.6,52507
Ronin,1998,7.2,206022
Rounders,1998,7.3,167284
Run Lola Run,1998,7.6,216443
Rush Hour,1998,7.1,323305
Rushmore,1998,7.6,206893
Saving Private Ryan,1998,8.6,1616656
Shakespeare in Love,1998,7.1,241405
Show Me Love,1998,7.5,57719
Six Days Seven Nights,1998,5.9,87142
SLC Punk!,1998,7.4,35914
Sliding Doors,1998,6.7,74792
Small Soldiers,1998,6.3,110771
Snake Eyes,1998,6.1,92206
Soldier,1998,6.1,62292
Species II,1998,4.5,33525
Sphere,1998,6.1,117732
Star Trek: Insurrection,1998,6.4,82496
Stepmom,1998,6.8,79482
Taxi,1998,7,95180
The Avengers,1998,3.8,46697
The Big Hit,1998,6.1,32907
The Big Lebowski,1998,8.1,908902
The Celebration,1998,8,99729
The Faculty,1998,6.6,145836
The Horse Whisperer,1998,6.7,46154
The Idiots,1998,6.7,35741
The Legend of 1900,1998,8,73011
The Man in the Iron Mask,1998,6.5,188047
The Mask of Zorro,1998,6.8,208275
The Negotiator,1998,7.3,166083
The Parent Trap,1998,6.7,170978
The Prince of Egypt,1998,7.2,159636
The Red Violin,1998,7.6,35510
The Replacement Killers,1998,6.1,31760
The Ring,1998,7.2,84795
The Siege,1998,6.4,82300
The Thin Red Line,1998,7.6,210999
The Truman Show,1998,8.2,1343479
The Waterboy,1998,6.2,190122
The Wedding Singer,1998,6.9,171835
The X Files,1998,7,113986
There's Something About Mary,1998,7.1,345733
U.S. Marshals,1998,6.6,119701
Urban Legend,1998,5.6,77603
Vampires,1998,6.1,67853
Velvet Goldmine,1998,6.9,40100
Very Bad Things,1998,6.3,50766
Waking Ned Devine,1998,7.3,29510
What Dreams May Come,1998,7,119632
Who Am I?,1998,6.8,45363
Wild Things,1998,6.6,139492
Wrongfully Accused,1998,6.1,31490
You've Got Mail,1998,6.7,243137
10 Things I Hate About You,1999,7.4,439851
8MM,1999,6.6,150136
A Midsummer Night's Dream,1999,6.4,28154
All About My Mother,1999,7.8,108721
American Beauty,1999,8.3,1270810
American Pie,1999,7,463037
Analyze This,1999,6.7,168153
Anna and the King,1999,6.7,40195
Any Given Sunday,1999,6.9,130495
Arlington Road,1999,7.2,97226
Asterix and Obelix vs. Caesar,1999,6,47913
Audition,1999,7.1,97810
Austin Powers: The Spy Who Shagged Me,1999,6.7,260685
Baby Geniuses,1999,2.6,28321
Being John Malkovich,1999,7.7,367386
Bicentennial Man,1999,6.9,130836
Big Daddy,1999,6.5,249182
Blast from the Past,1999,6.7,76379
Blue Streak,1999,6.4,93539
Bowfinger,1999,6.5,77280
Boys Don't Cry,1999,7.5,107147
Bringing Out the Dead,1999,6.9,80502
Brokedown Palace,1999,6.4,25012
But I'm a Cheerleader,1999,6.9,50100
Cruel Intentions,1999,6.8,218127
Deep Blue Sea,1999,5.9,150276
Detroit Rock City,1999,6.8,42880
Deuce Bigalow: Male Gigolo,1999,5.7,84366
Dogma,1999,7.3,238585
Double Jeopardy,1999,6.5,102627
Drop Dead Gorgeous,1999,6.7,44935
Edtv,1999,6.1,46560
Election,1999,7.2,110587
End of Days,1999,5.8,121849
Entrapment,1999,6.3,128954
eXistenZ,1999,6.8,112612
Eyes Wide Shut,1999,7.5,416979
Fantasia 2000,1999,7.1,43607
Fight Club,1999,8.8,2559235
For Love of the Game,1999,6.6,39894
Forces of Nature,1999,5.5,37141
Galaxy Quest,1999,7.4,189638
Ghost Dog: The Way of the Samurai,1999,7.5,102925
"Girl, Interrupted",1999,7.3,231472
Go,1999,7.2,79202
House on Haunted Hill,1999,5.6,63117
Human Traffic,1999,7.1,29028
Idle Hands,1999,6.3,49889
Inspector Gadget,1999,4.2,53443
Instinct,1999,6.6,35253
Jawbreaker,1999,5.7,31482
Lake Placid,1999,5.8,69849
Life,1999,6.8,60395
Magnolia,1999,8,346908
Man on the Moon,1999,7.4,142680
Mansfield Park,1999,7,27346
Message in a Bottle,1999,6.3,42104
Mickey Blue Eyes,1999,5.9,39418
Mystery Men,1999,6.1,73456
"Mystery, Alaska",1999,6.7,29460
Never Been Kissed,1999,6,102233
Notting Hill,1999,7.2,378482
October Sky,1999,7.8,110769
Office Space,1999,7.6,305553
Payback,1999,7.1,152561
Pokémon the Movie 2000,1999,6.1,25577
Pushing Tin,1999,6,31557
Random Hearts,1999,5.4,25161
Ravenous,1999,6.9,46122
Runaway Bride,1999,5.6,109639
Sarfarosh,1999,8.1,28516
She's All That,1999,6,111610
Sleepy Hollow,1999,7.3,409582
"South Park: Bigger, Longer & Uncut",1999,7.7,223453
Star Wars: Episode I - The Phantom Menace,1999,6.5,915058
Stigmata,1999,6.2,76522
Stir of Echoes,1999,6.9,92631
Stuart Little,1999,6,158709
Summer of Sam,1999,6.7,43792
Sweet and Lowdown,1999,7.2,37995
Tarzan,1999,7.3,265730
The 13th Warrior,1999,6.6,138090
The Astronaut's Wife,1999,5.4,58807
The Blair Witch Project,1999,6.5,311982
The Bone Collector,1999,6.7,198518
The Boondock Saints,1999,7.6,260590
The Cider House Rules,1999,7.4,108742
The End of the Affair,1999,7,25293
The General's Daughter,1999,6.4,67745
The Green Mile,1999,8.6,1538437
The Haunting,1999,5,84096
The Hurricane,1999,7.6,106872
The Insider,1999,7.8,190596
The Iron Giant,1999,8.1,255458
The Limey,1999,6.9,37640
The Matrix,1999,8.7,2218856
The Messenger: The Story of Joan of Arc,1999,6.4,72489
The Mummy,1999,7.1,494541
The Ninth Gate,1999,6.7,208336
The Sixth Sense,1999,8.2,1129988
The Story of Us,1999,6,25944
The Straight Story,1999,8,107419
The Talented Mr. Ripley,1999,7.4,268009
The Thirteenth Floor,1999,7,82018
The Thomas Crown Affair,1999,6.9,107199
The Virgin Suicides,1999,7.2,184145
The World Is Not Enough,1999,6.4,218415
Three Kings,1999,7.1,186481
Toy Story 2,1999,7.9,661122
True Crime,1999,6.6,40965
Universal Soldier: The Return,1999,4.2,31872
Varsity Blues,1999,6.6,52108
Virus,1999,5.1,31556
Wild Wild West,1999,4.9,172534
102 Dalmatians,2000,4.9,41546
28 Days,2000,6.1,57231
Almost Famous,2000,7.9,312253
American Psycho,2000,7.6,819587
Amores Perros,2000,8,271181
Autumn in New York,2000,5.6,30217
Battle Royale,2000,7.5,205422
Battlefield Earth,2000,2.5,85439
Bedazzled,2000,6.1,118067
Before Night Falls,2000,7.1,27116
Best in Show,2000,7.5,71893
Big Momma's House,2000,5.3,95105
Billy Elliot,2000,7.7,150674
Boiler Room,2000,7,59578
Book of Shadows: Blair Witch 2,2000,4.1,41748
Bring It On,2000,6.2,113138
Brother,2000,7.1,25732
Cast Away,2000,7.8,681606
Charlie's Angels,2000,5.6,205813
Chicken Run,2000,7.1,223358
Chocolat,2000,7.2,209204
Chopper,2000,7.1,44034
Coyote Ugly,2000,5.8,127467
"Crouching Tiger, Hidden Dragon",2000,7.9,292363
Dancer in the Dark,2000,7.9,122889
Dinosaur,2000,6.4,72030
Dracula 2000,2000,4.9,38466
"Dude, Where's My Car?",2000,5.5,151682
Dungeons & Dragons,2000,3.7,37671
Erin Brockovich,2000,7.5,242000
Final Destination,2000,6.7,329343
Finding Forrester,2000,7.3,92691
Flickering Lights,2000,7.5,26499
Frequency,2000,7.4,122246
Get Carter,2000,5.2,38874
Ginger Snaps,2000,6.8,57000
Gladiator,2000,8.5,1821838
Gone in 60 Seconds,2000,6.5,307775
Hera Pheri,2000,8.2,79652
High Fidelity,2000,7.4,197989
Hollow Man,2000,5.9,145177
How the Grinch Stole Christmas,2000,6.4,330478
In the Mood for Love,2000,8,184966
Joint Security Area,2000,7.7,37867
Keeping the Faith,2000,6.4,54215
Little Nicky,2000,5.3,118592
Loser,2000,5.3,31806
Love & Basketball,2000,7.2,26253
Malena,2000,7.4,123387
"Me, Myself & Irene",2000,6.6,263124
Meet the Parents,2000,7,375031
Memento,2000,8.4,1418377
Men of Honor,2000,7.2,130665
Miss Congeniality,2000,6.4,245707
Mission to Mars,2000,5.7,79213
Mission: Impossible II,2000,6.1,410009
Mohabbatein,2000,7.1,36870
Next Friday,2000,6.2,47035
Nine Queens,2000,7.9,61872
Nurse Betty,2000,6.3,37008
Nutty Professor II: The Klumps,2000,4.5,55307
"O Brother, Where Art Thou?",2000,7.7,348511
Pay It Forward,2000,7.2,128064
Pitch Black,2000,7,262296
Pollock,2000,7,30822
Proof of Life,2000,6.3,60676
Quills,2000,7.2,58792
Red Planet,2000,5.7,62104
Reindeer Games,2000,5.8,44594
Remember the Titans,2000,7.8,246534
Requiem for a Dream,2000,8.3,962940
Road Trip,2000,6.5,187051
Romeo Must Die,2000,6.1,76683
Rules of Engagement,2000,6.4,52379
Scary Movie,2000,6.3,317023
Scream 3,2000,5.7,180129
Sexy Beast,2000,7.3,75018
Shadow of the Vampire,2000,6.9,47443
Shaft,2000,6,84690
Shanghai Noon,2000,6.6,141303
Small Time Crooks,2000,6.7,42304
Snatch,2000,8.2,966982
Space Cowboys,2000,6.5,90508
Taxi 2,2000,6.5,62341
The 6th Day,2000,5.9,132920
The Art of War,2000,5.7,32131
The Beach,2000,6.6,266413
The Cell,2000,6.4,115028
The Contender,2000,6.9,25971
The Crimson Rivers,2000,6.9,69225
The Emperor's New Groove,2000,7.4,245081
The Family Man,2000,6.9,129944
The Flintstones in Viva Rock Vegas,2000,3.8,26749
The Gift,2000,6.7,80145
The Kid,2000,6.1,46071
The Legend of Bagger Vance,2000,6.7,61804
The Patriot,2000,7.2,310022
The Perfect Storm,2000,6.5,186939
The Replacements,2000,6.6,73730
The Road to El Dorado,2000,6.9,117694
The Skulls,2000,5.6,34968
The Watcher,2000,5.3,29481
The Way of the Gun,2000,6.6,36925
The Whole Nine Yards,2000,6.7,135370
Thirteen Days,2000,7.3,66186
Tigerland,2000,6.9,45173
Titan A.E.,2000,6.6,66262
Together,2000,7.4,25417
Traffic,2000,7.5,228874
U-571,2000,6.6,91348
Unbreakable,2000,7.3,464271
Under Suspicion,2000,6.4,30141
Vampire Hunter D: Bloodlust,2000,7.7,40350
Vertical Limit,2000,6,68405
What Lies Beneath,2000,6.6,144000
What Women Want,2000,6.5,236778
Where the Heart Is,2000,6.7,38173
Wonder Boys,2000,7.2,68680
X-Men,2000,7.3,685650
Yi Yi,2000,8.1,33017
You Can Count on Me,2000,7.5,33097
15 Minutes,2001,6.1,53322
3000 Miles to Graceland,2001,6,50787
A Beautiful Mind,2001,8.2,1044255
A Knight's Tale,2001,7,216550
A.I. Artificial Intelligence,2001,7.2,336499
Ali,2001,6.7,109586
Along Came a Spider,2001,6.4,102790
Amélie,2001,8.3,832938
America's Sweethearts,2001,5.7,62559
American Pie 2,2001,6.5,284514
Angel Eyes,2001,5.7,26413
Antitrust,2001,6.1,31215
Atlantis: The Lost Empire,2001,6.9,145776
Bandits,2001,6.5,73806
Behind Enemy Lines,2001,6.4,118438
Birthday Girl,2001,6,27047
Black Hawk Down,2001,7.7,450111
Black Knight,2001,5,45616
Blow,2001,7.5,285870
Bridget Jones's Diary,2001,6.8,284484
Brotherhood of the Wolf,2001,7,75999
Bubble Boy,2001,5.7,37170
Buffalo Soldiers,2001,6.7,26239
Bully,2001,6.9,42904
Captain Corelli's Mandolin,2001,5.9,37209
Cats & Dogs,2001,5.2,65186
Cowboy Bebop: The Movie - Knockin' on Heaven's Door,2001,7.8,56781
Crazy/Beautiful,2001,6.4,27226
Crocodile Dundee in Los Angeles,2001,4.8,27342
Dil Chahta Hai,2001,8,79411
Domestic Disturbance,2001,5.6,29802
Don't Say a Word,2001,6.3,64757
Donnie Darko,2001,8,902101
Down to Earth,2001,5.4,25576
Dr. Dolittle 2,2001,4.8,49527
Driven,2001,4.6,44920
Enemy at the Gates,2001,7.5,291097
Evolution,2001,6.1,142010
Exit Wounds,2001,5.6,38377
Final Fantasy: The Spirits Within,2001,6.4,85653
Formula 51,2001,6.3,52432
Frailty,2001,7.2,98491
Freddy Got Fingered,2001,4.7,53837
From Hell,2001,6.7,170927
Ghost World,2001,7.3,131469
Ghosts of Mars,2001,4.9,61144
Gosford Park,2001,7.2,101099
Hannibal,2001,6.8,311062
Hardball,2001,6.4,35669
Harry Potter and the Sorcerer's Stone,2001,7.7,937281
Heartbreakers,2001,6.3,61632
Hearts in Atlantis,2001,6.9,43089
Hedwig and the Angry Inch,2001,7.7,38933
Heist,2001,6.5,41144
How High,2001,6.2,64812
I Am Sam,2001,7.6,160997
Ichi the Killer,2001,6.9,63381
Impostor,2001,6.2,25278
In the Bedroom,2001,7.4,44105
Jason X,2001,4.5,66070
Jay and Silent Bob Strike Back,2001,6.8,165638
Jeepers Creepers,2001,6.2,155648
Jimmy Neutron: Boy Genius,2001,6.1,40262
Joe Dirt,2001,6,64794
Josie and the Pussycats,2001,5.7,26406
Joy Ride,2001,6.6,81121
Jurassic Park III,2001,6,365644
K-PAX,2001,7.4,201465
Kabhi Khushi Kabhie Gham...,2001,7.5,62242
Kate & Leopold,2001,6.4,93220
Kiss of the Dragon,2001,6.6,69221
Knockaround Guys,2001,6.1,25639
Lagaan: Once Upon a Time in India,2001,8.1,128394
Lara Croft: Tomb Raider,2001,5.8,228899
Legally Blonde,2001,6.5,278789
Life as a House,2001,7.4,47059
Mean Machine,2001,6.4,43644
Millennium Actress,2001,7.8,35919
Monsoon Wedding,2001,7.3,27716
Monster's Ball,2001,7,97845
"Monsters, Inc.",2001,8.1,1060019
Moulin Rouge!,2001,7.6,311896
Mulholland Drive,2001,7.9,421389
My Sassy Girl,2001,7.9,52561
No Man's Land,2001,7.9,50249
Not Another Teen Movie,2001,5.8,124643
Ocean's Eleven,2001,7.7,665491
One Night at McCool's,2001,6.2,31926
Original Sin,2001,6,62989
Osmosis Jones,2001,6.3,41063
Pearl Harbor,2001,6.3,366778
Planet of the Apes,2001,5.7,240643
Pulse,2001,6.6,30438
Rat Race,2001,6.5,129405
Riding in Cars with Boys,2001,6.5,31657
Rock Star,2001,6.3,46856
Rush Hour 2,2001,6.7,257170
Save the Last Dance,2001,6.2,68590
Saving Silverman,2001,5.9,45407
Scary Movie 2,2001,5.4,189388
Serendipity,2001,6.8,130482
Session 9,2001,6.4,66555
Sex and Lucía,2001,7,40344
Shallow Hal,2001,6,152845
Shaolin Soccer,2001,7.3,95619
Shrek,2001,7.9,799433
Someone Like You,2001,6.1,28643
Spirited Away,2001,8.6,950345
Spy Game,2001,7.1,176589
Spy Kids,2001,5.6,134497
Super Troopers,2001,7,117814
Sweet November,2001,6.7,98338
Swordfish,2001,6.5,202415
The Animal,2001,4.9,67000
The Believer,2001,7.1,43249
The Curse of the Jade Scorpion,2001,6.7,43868
The Devil's Backbone,2001,7.4,74876
The Experiment,2001,7.7,98472
The Fast and the Furious,2001,6.8,451046
The Glass House,2001,5.8,42096
The Hole,2001,6.2,49737
The Last Castle,2001,7,90134
The Lord of the Rings: The Fellowship of the Ring,2001,8.9,2174009
The Majestic,2001,6.9,60339
The Man Who Wasn't There,2001,7.5,119646
The Mexican,2001,6.1,120267
The Mummy Returns,2001,6.4,364020
The One,2001,5.9,99237
The Others,2001,7.6,422308
The Piano Teacher,2001,7.5,79005
The Pledge,2001,6.7,76185
The Princess Diaries,2001,6.4,179329
The Royal Tenenbaums,2001,7.6,329953
The Score,2001,6.8,142165
The Shipping News,2001,6.7,34654
The Tailor of Panama,2001,6.1,32544
The Wedding Planner,2001,5.4,91991
Thir13en Ghosts,2001,5.6,99944
Training Day,2001,7.8,510205
Valentine,2001,4.9,31363
Vanilla Sky,2001,6.9,305320
Vizontele,2001,8,40870
Waking Life,2001,7.6,69163
Wasabi,2001,6.6,45297
Wet Hot American Summer,2001,6.5,63365
Y tu mamá también,2001,7.7,139244
Zoolander,2001,6.5,313041
24 Hour Party People,2002,7.3,41422
25th Hour,2002,7.6,190467
28 Days Later,2002,7.5,530882
40 Days and 40 Nights,2002,5.6,78123
8 Mile,2002,7.2,347508
8 Women,2002,7,35883
A Walk to Remember,2002,7.3,229829
About a Boy,2002,7.1,198904
About Schmidt,2002,7.2,137509
Adaptation.,2002,7.7,212567
Ali G Indahouse,2002,6.2,99137
Analyze That,2002,5.9,92392
Antwone Fisher,2002,7.3,40419
Asterix & Obelix: Mission Cleopatra,2002,6.7,62216
Austin Powers in Goldmember,2002,6.3,233005
Bad Company,2002,5.6,51742
Barbershop,2002,6.4,35458
Below,2002,6.1,25813
Bend It Like Beckham,2002,6.7,122060
Big Fat Liar,2002,5.5,42569
Blade II,2002,6.7,250293
Blood Work,2002,6.4,50390
Bloody Sunday,2002,7.6,26593
Blue Crush,2002,5.7,34333
Boat Trip,2002,4.9,33310
Bowling for Columbine,2002,8,151921
Bubba Ho-Tep,2002,6.9,53800
Cabin Fever,2002,5.6,87938
Catch Me If You Can,2002,8.1,1211540
Changing Lanes,2002,6.5,77406
Chicago,2002,7.2,254666
City by the Sea,2002,6.1,27549
City of God,2002,8.6,861599
Collateral Damage,2002,5.5,80567
Confessions of a Dangerous Mind,2002,7,95019
Crossroads,2002,3.9,47052
Cube²: Hypercube,2002,5.5,72677
Cypher,2002,6.7,32992
D-Tox,2002,5.3,30832
Dark Blue,2002,6.6,25401
Dark Water,2002,6.7,37136
Death to Smoochy,2002,6.3,44289
Devdas,2002,7.6,51599
Die Another Day,2002,6.1,238449
Dirty Pretty Things,2002,7.2,45317
Dog Soldiers,2002,6.8,70400
Dragonfly,2002,6.1,41296
Drumline,2002,6,37499
Eight Crazy Nights,2002,5.3,28184
Eight Legged Freaks,2002,5.5,62682
Enough,2002,5.8,50705
Equilibrium,2002,7.3,359991
Far from Heaven,2002,7.3,51248
Femme Fatale,2002,6.2,39155
Frida,2002,7.3,100925
Friday After Next,2002,5.8,32401
Gangs of New York,2002,7.5,499950
Ghost Ship,2002,5.6,116035
Halloween: Resurrection,2002,3.9,53440
Harry Potter and the Chamber of Secrets,2002,7.5,755214
Hart's War,2002,6.4,57508
Heaven,2002,6.9,27017
Hero,2002,7.9,193029
High Crimes,2002,6.4,51168
Hollywood Ending,2002,6.5,29001
I Spy,2002,5.4,55222
Ice Age,2002,7.5,557715
Igby Goes Down,2002,6.8,37036
In America,2002,7.6,45282
Infernal Affairs,2002,8,137111
Insomnia,2002,7.2,338199
Interstate 60,2002,7.5,40243
Irreversible,2002,7.3,160573
Jackass: The Movie,2002,6.6,105546
John Q,2002,7.1,152131
Ju-on: The Grudge,2002,6.7,51724
K-19: The Widowmaker,2002,6.7,71467
Ken Park,2002,5.8,31902
Kung Pow: Enter the Fist,2002,6.2,50454
Life or Something Like It,2002,5.8,34670
Lilo & Stitch,2002,7.4,240637
Lilya 4-Ever,2002,7.8,54573
Maid in Manhattan,2002,5.4,101553
May,2002,6.6,43918
Men in Black II,2002,6.2,427559
Minority Report,2002,7.6,615612
Mr. Deeds,2002,5.8,162330
Murder by Numbers,2002,6.2,65905
My Big Fat Greek Wedding,2002,6.6,150377
Narc,2002,7.1,44973
One Hour Photo,2002,6.8,138727
Orange County,2002,6.2,53591
Panic Room,2002,6.8,312413
Phone Booth,2002,7.1,299790
Punch-Drunk Love,2002,7.3,195287
Queen of the Damned,2002,5.3,63719
Rabbit-Proof Fence,2002,7.4,31472
Red Dragon,2002,7.2,309111
Reign of Fire,2002,6.2,151598
Resident Evil,2002,6.6,306403
Road to Perdition,2002,7.6,298447
Rollerball,2002,3.2,30725
S1m0ne,2002,6.1,63987
Scooby-Doo,2002,5.4,138419
Secretary,2002,6.9,107930
Showtime,2002,5.6,66955
Signs,2002,6.8,410353
Snow Dogs,2002,5.2,29814
Solaris,2002,6.2,88718
Spider,2002,6.7,42997
Spider-Man,2002,7.4,952498
Spirit: Stallion of the Cimarron,2002,7.2,93265
Spun,2002,6.7,42577
Spy Kids 2: Island of Lost Dreams,2002,5.3,78104
Star Trek: Nemesis,2002,6.4,87192
Star Wars: Episode II - Attack of the Clones,2002,6.6,810412
Stuart Little 2,2002,5.5,61328
Sweet Home Alabama,2002,6.2,131438
Sympathy for Mr. Vengeance,2002,7.5,80309
Talk to Her,2002,7.9,121160
The Adventures of Pluto Nash,2002,3.9,28160
The Bourne Identity,2002,7.8,607552
The Cat Returns,2002,7.1,71203
The Count of Monte Cristo,2002,7.7,158225
The Eye,2002,6.6,30873
The Four Feathers,2002,6.5,36462
The Good Girl,2002,6.4,49723
The Hot Chick,2002,5.6,108778
The Hours,2002,7.5,146105
The Importance of Being Earnest,2002,6.8,25822
The Lord of the Rings: The Two Towers,2002,8.8,1929227
The Magdalene Sisters,2002,7.7,29846
The Man Without a Past,2002,7.6,28550
The Master of Disguise,2002,3.4,28651
The Mothman Prophecies,2002,6.4,88689
The New Guy,2002,5.8,39447
The Pianist,2002,8.5,999606
The Quiet American,2002,7,30899
The Ring,2002,7.1,398637
The Rookie,2002,6.9,38950
The Rules of Attraction,2002,6.6,55135
The Salton Sea,2002,7,33198
The Santa Clause 2,2002,5.8,69431
The Scorpion King,2002,5.5,150829
The Spanish Apartment,2002,7.3,43860
The Sum of All Fears,2002,6.5,133142
The Sweetest Thing,2002,5.2,65410
The Time Machine,2002,6,134978
The Transporter,2002,6.8,335832
The Tuxedo,2002,5.4,92693
The Twilight Samurai,2002,8.1,26830
Trapped,2002,6.1,26943
Treasure Planet,2002,7.2,145937
Tuck Everlasting,2002,6.6,26666
Two Weeks Notice,2002,6.2,133467
Undercover Brother,2002,5.9,37723
Undisputed,2002,6.1,36464
Unfaithful,2002,6.7,106075
Van Wilder,2002,6.4,120077
We Were Soldiers,2002,7.2,158406
Whale Rider,2002,7.5,45356
White Oleander,2002,7.1,35643
Windtalkers,2002,6.1,76716
xXx,2002,5.9,192615
11:14,2003,7.1,52134
2 Fast 2 Furious,2003,6,319398
21 Grams,2003,7.6,252353
A Man Apart,2003,6,50981
A Mighty Wind,2003,7.2,30812
A Tale of Two Sisters,2003,7.1,73291
Agent Cody Banks,2003,5.2,38956
American Splendor,2003,7.4,54391
American Wedding,2003,6.3,227230
Anbe Sivam,2003,8.6,27985
Anger Management,2003,6.3,239825
Anything Else,2003,6.3,34068
Bad Boys II,2003,6.6,285951
Bad Santa,2003,7,166696
Basic,2003,6.4,69250
Beyond Borders,2003,6.4,29667
Big Fish,2003,7.9,475746
Bringing Down the House,2003,5.6,40968
Brother Bear,2003,6.9,134599
Bruce Almighty,2003,6.8,464632
Bulletproof Monk,2003,5.5,53708
Calendar Girls,2003,6.9,29247
Capturing the Friedmans,2003,7.6,28459
Charlie's Angels: Full Throttle,2003,5,138087
Cheaper by the Dozen,2003,5.9,115290
Coffee and Cigarettes,2003,7,70353
Cold Creek Manor,2003,5.1,26044
Cold Mountain,2003,7.2,163088
Confidence,2003,6.6,36230
Control,2003,7.6,28179
Cradle 2 the Grave,2003,5.8,48493
Daddy Day Care,2003,5.7,78404
Daredevil,2003,5.3,239336
Darkness Falls,2003,5,35182
Dead End,2003,6.4,35276
Dogville,2003,8,167200
Down with Love,2003,6.3,46743
Dreamcatcher,2003,5.5,100522
Dumb and Dumberer: When Harry Met Lloyd,2003,3.5,44190
Duplex,2003,5.9,65055
Elephant,2003,7.1,103143
Elf,2003,7.1,344392
Evil,2003,7.7,44386
Final Destination 2,2003,6.2,214572
Finding Nemo,2003,8.2,1192718
Freaky Friday,2003,6.4,175141
Freddy vs. Jason,2003,5.8,135162
From Justin to Kelly,2003,1.9,27277
Gigli,2003,2.7,51865
Girl with a Pearl Earring,2003,6.9,85207
Good Bye Lenin!,2003,7.7,158704
Gothika,2003,5.8,123780
High Tension,2003,6.7,82314
Holes,2003,7,108255
Hollywood Homicide,2003,5.4,41171
Honey,2003,5.3,49228
House of 1000 Corpses,2003,6,99299
House of Sand and Fog,2003,7.5,75392
House of the Dead,2003,2.1,39687
How to Lose a Guy in 10 Days,2003,6.5,313369
Hulk,2003,5.7,290543
Identity,2003,7.3,288827
In the Cut,2003,5.4,27608
Intolerable Cruelty,2003,6.3,105202
Jeepers Creepers 2,2003,5.7,75687
Johnny English,2003,6.3,183832
Just Married,2003,5.5,77226
Kal Ho Naa Ho,2003,7.9,80971
Kangaroo Jack,2003,4.5,35447
Kill Bill: Vol. 1,2003,8.2,1287994
Koi... Mil Gaya,2003,7.2,30819
Lara Croft: Tomb Raider - The Cradle of Life,2003,5.5,150720
"Legally Blonde 2: Red, White & Blonde",2003,4.8,77890
Looney Tunes: Back in Action,2003,5.8,42669
Lost in Translation,2003,7.7,522249
Love Actually,2003,7.5,576799
Love Me If You Dare,2003,7.5,74063
Master and Commander: The Far Side of the World,2003,7.5,252817
Matchstick Men,2003,7.3,144554
Memories of Murder,2003,8.1,258891
Mona Lisa Smile,2003,6.6,98098
Monster,2003,7.3,171638
Munna Bhai M.B.B.S.,2003,8.2,96840
My Boss's Daughter,2003,4.7,31514
My Life Without Me,2003,7.4,26500
Mystic River,2003,7.9,516703
National Security,2003,5.6,57251
Ned Kelly,2003,6.4,29074
Old School,2003,7,255192
Oldboy,2003,8.3,706030
Once Upon a Time in Mexico,2003,6.3,175654
Ong-Bak: The Thai Warrior,2003,7.1,81012
Open Range,2003,7.4,82997
Open Water,2003,5.8,58714
Out of Time,2003,6.5,70761
Paycheck,2003,6.3,117694
Peter Pan,2003,6.8,84255
Pirates of the Caribbean: The Curse of the Black Pearl,2003,8.1,1305099
Radio,2003,6.9,46726
Ruby & Quentin,2003,7.1,32233
Runaway Jury,2003,7.1,119818
S.W.A.T.,2003,6.1,159128
Scary Movie 3,2003,5.6,169022
School of Rock,2003,7.2,354302
Seabiscuit,2003,7.3,79596
Secondhand Lions,2003,7.5,65881
Shanghai Knights,2003,6.2,116871
Shattered Glass,2003,7.1,39792
Sinbad: Legend of the Seven Seas,2003,6.8,63547
Something's Gotta Give,2003,6.8,137489
"Spring, Summer, Fall, Winter... and Spring",2003,8,90199
Spy Kids 3: Game Over,2003,4.4,70558
Stuck on You,2003,5.8,56464
Superbabies: Baby Geniuses 2,2003,1.5,32106
Swimming Pool,2003,6.7,50989
Taxi 3,2003,5.8,48255
Tears of the Sun,2003,6.6,136642
Terminator 3: Rise of the Machines,2003,6.3,434141
The Barbarian Invasions,2003,7.5,30829
The Best of Youth,2003,8.4,27352
The Blind Swordsman: Zatoichi,2003,7.4,53055
The Cat in the Hat,2003,4.2,93221
The Cooler,2003,6.9,36976
The Core,2003,5.5,114260
The Dreamers,2003,7.1,140793
The Fog of War,2003,8,26016
The Green Butchers,2003,7.2,27071
The Haunted Mansion,2003,5.2,60748
The Human Stain,2003,6.2,33546
The Hunted,2003,6.1,54250
The Italian Job,2003,7,404356
The Last Samurai,2003,7.8,499938
The League of Extraordinary Gentlemen,2003,5.8,190901
The Life of David Gale,2003,7.5,131459
The Lizzie McGuire Movie,2003,5.6,44435
The Lord of the Rings: The Return of the King,2003,9,2135401
The Matrix Reloaded,2003,7.2,664605
The Matrix Revolutions,2003,6.7,570825
The Medallion,2003,5.2,45858
The Missing,2003,6.5,41322
The Recruit,2003,6.6,146676
The Return,2003,7.9,49228
The Room,2003,3.6,99174
The Rundown,2003,6.6,147423
The Station Agent,2003,7.6,78458
The Texas Chainsaw Massacre,2003,6.2,160834
The Triplets of Belleville,2003,7.7,59063
The United States of Leland,2003,6.9,25121
Thirteen,2003,6.8,106702
Timeline,2003,5.6,68831
Tokyo Godfathers,2003,7.8,53911
Touching the Void,2003,7.9,39629
Under the Tuscan Sun,2003,6.8,64512
Underworld,2003,7,298476
Uptown Girls,2003,6.3,50853
View from the Top,2003,5.3,29976
What a Girl Wants,2003,5.8,70131
Wrong Turn,2003,6.1,144098
X2: X-Men United,2003,7.4,607095
13 Going on 30,2004,6.3,242869
2046,2004,7.4,65124
3-Iron,2004,7.9,60865
50 First Dates,2004,6.8,409034
9 Songs,2004,4.8,25248
A Cinderella Story,2004,5.9,100430
A Love Song for Bobby Long,2004,7.1,28080
A Moment to Remember,2004,8.1,27122
A Series of Unfortunate Events,2004,6.8,229764
A Very Long Engagement,2004,7.6,77630
After the Sunset,2004,6.2,52704
Alexander,2004,5.6,182428
Alfie,2004,6.2,56351
Alien vs. Predator,2004,5.7,230404
Along Came Polly,2004,6,149863
Anacondas: The Hunt for the Blood Orchid,2004,4.8,36908
Anchorman: The Legend of Ron Burgundy,2004,7.1,397774
Around the World in 80 Days,2004,5.9,98900
Bad Education,2004,7.4,65608
Before Sunset,2004,8.1,310906
Birth,2004,6.3,44023
Black Friday,2004,8.4,25265
Blade: Trinity,2004,5.8,199618
Bridget Jones: The Edge of Reason,2004,6,132116
Catwoman,2004,3.5,131218
Cellular,2004,6.5,109786
Chasing Liberty,2004,6.1,42273
Christmas with the Kranks,2004,5.5,65034
Closer,2004,7.1,249044
Club Dread,2004,5.7,32604
Collateral,2004,7.5,462601
Confessions of a Teenage Drama Queen,2004,4.8,33363
Crash,2004,7.7,460064
Creep,2004,5.6,33856
Cube Zero,2004,5.6,44394
Dawn of the Dead,2004,7.2,286198
Dead Man's Shoes,2004,7.5,62429
Dirty Dancing: Havana Nights,2004,5.9,30747
District B13,2004,7.1,76773
Dodgeball: A True Underdog Story,2004,6.7,281719
Downfall,2004,8.2,396879
Ella Enchanted,2004,6.3,79884
Envy,2004,4.8,33337
Eternal Sunshine of the Spotless Mind,2004,8.3,1167404
EuroTrip,2004,6.6,240837
Exorcist: The Beginning,2004,5.1,42171
Fahrenheit 9/11,2004,7.5,134675
Finding Neverland,2004,7.6,216579
First Daughter,2004,5.2,31013
Flight of the Phoenix,2004,6.1,58566
Friday Night Lights,2004,7.2,70133
G.O.R.A.,2004,8,70835
Garden State,2004,7.4,228136
Garfield: The Movie,2004,5.1,99812
Ghost in the Shell 2: Innocence,2004,7.4,42311
Godsend,2004,4.8,27145
Harold & Kumar Go to White Castle,2004,7,214689
Harry Potter and the Prisoner of Azkaban,2004,7.9,755576
Head-On,2004,7.8,60274
Hellboy,2004,6.9,367833
Hidalgo,2004,6.7,88232
Home on the Range,2004,5.4,29109
Hotel Rwanda,2004,8.1,389530
House of Flying Daggers,2004,7.5,119168
Howl's Moving Castle,2004,8.2,503262
I Heart Huckabees,2004,6.5,67445
"I, Robot",2004,7.1,608964
If Only,2004,7,35013
In Good Company,2004,6.4,57801
Jersey Girl,2004,6.2,74159
Kill Bill: Vol. 2,2004,8,859140
King Arthur,2004,6.3,181906
Kinsey,2004,7,52388
Kung Fu Hustle,2004,7.7,161651
Ladder 49,2004,6.5,60870
Lakshya,2004,7.8,27732
Laws of Attraction,2004,5.9,25759
Layer Cake,2004,7.2,206342
Main Hoon Na,2004,7.1,44311
Man on Fire,2004,7.7,414264
Maria Full of Grace,2004,7.4,37353
Mean Creek,2004,7.1,34543
Mean Girls,2004,7.1,478602
Meet the Fockers,2004,6.4,300198
Melinda and Melinda,2004,6.4,33987
Million Dollar Baby,2004,8.1,759813
Millions,2004,6.8,27091
Mindhunters,2004,6.3,66921
Miracle,2004,7.5,62727
Mysterious Skin,2004,7.6,83615
Napoleon Dynamite,2004,7,252996
National Treasure,2004,6.9,373676
New Police Story,2004,6.9,30641
New York Minute,2004,5,26186
Night Watch,2004,6.4,56737
Nobody Knows,2004,8,34815
Ocean's Twelve,2004,6.5,434917
Primer,2004,6.7,120444
Pusher II,2004,7.3,28586
Raise Your Voice,2004,5.8,29761
Raising Helen,2004,6,39275
Ray,2004,7.7,164015
Resident Evil: Apocalypse,2004,6.1,219138
Saved!,2004,6.7,50834
Saw,2004,7.6,503821
Scooby-Doo 2: Monsters Unleashed,2004,5.3,71656
Secret Window,2004,6.5,219906
Seed of Chucky,2004,4.9,53841
Shall We Dance?,2004,6.2,52103
Shark Tale,2004,6,210605
Shaun of the Dead,2004,7.8,633566
Shrek 2,2004,7.4,547543
Shutter,2004,7,53110
Sideways,2004,7.5,215610
Sky Captain and the World of Tomorrow,2004,6.1,89951
Soul Plane,2004,4.6,26086
Spanglish,2004,6.4,92162
Spartan,2004,6.5,34202
Speak,2004,7.2,31901
Spider-Man 2,2004,7.5,771646
Starsky & Hutch,2004,6.1,160878
Super Size Me,2004,7.2,116347
Surviving Christmas,2004,5.5,30565
Swades,2004,8.2,105208
Tae Guk Gi: The Brotherhood of War,2004,8,42194
Taking Lives,2004,6.2,100568
Taxi,2004,4.6,47656
Team America: World Police,2004,7.2,184197
The Assassination of Richard Nixon,2004,6.9,26503
The Aviator,2004,7.5,403472
The Bourne Supremacy,2004,7.7,508764
The Butterfly Effect,2004,7.6,550965
The Chorus,2004,7.9,71095
The Chronicles of Riddick,2004,6.6,250274
The Day After Tomorrow,2004,6.5,506894
The Edukators,2004,7.4,32947
The Final Cut,2004,6.1,35709
The Football Factory,2004,6.7,34378
The Forgotten,2004,5.8,70712
The Girl Next Door,2004,6.7,259690
The Grudge,2004,5.9,157201
The Incredibles,2004,8,886672
The Ladykillers,2004,6.2,111986
The Libertine,2004,6.2,38652
The Life Aquatic with Steve Zissou,2004,7.2,219758
The Machinist,2004,7.6,437783
The Manchurian Candidate,2004,6.6,122163
The Merchant of Venice,2004,7,39767
The Motorcycle Diaries,2004,7.7,108312
The Notebook,2004,7.8,676411
The Passion of the Christ,2004,7.3,268291
The Perfect Score,2004,5.7,27100
The Phantom of the Opera,2004,7.2,137275
The Polar Express,2004,6.6,269090
The Prince and Me,2004,5.9,43493
The Princess Diaries 2: Royal Engagement,2004,5.9,96026
The Punisher,2004,6.4,178976
The Sea Inside,2004,7.9,88427
The SpongeBob SquarePants Movie,2004,7.2,111030
The Stepford Wives,2004,5.4,73078
The Terminal,2004,7.4,529212
The Village,2004,6.6,294516
The Whole Ten Yards,2004,5.5,60391
The Woodsman,2004,7.1,36604
Torque,2004,4.2,30385
Troy,2004,7.3,608617
Van Helsing,2004,6.1,304247
Veer-Zaara,2004,7.8,66022
Vera Drake,2004,7.6,28424
Walking Tall,2004,6.2,112576
White Chicks,2004,5.9,188609
Wicker Park,2004,6.9,60703
Wimbledon,2004,6.4,68848
Win a Date with Tad Hamilton!,2004,5.6,30489
Without a Paddle,2004,5.9,53657
You Got Served,2004,3.9,29313
A Bittersweet Life,2005,7.5,46566
A History of Violence,2005,7.4,270364
A Lot Like Love,2005,6.6,73151
Adam's Apples,2005,7.7,58453
Æon Flux,2005,5.4,136359
Alone in the Dark,2005,2.4,48267
An American Haunting,2005,5,27778
An Unfinished Life,2005,7,35851
Angel-A,2005,7.1,37141
Anniyan,2005,8.4,25930
Are We There Yet?,2005,4.8,36608
Assault on Precinct 13,2005,6.3,84057
Batman Begins,2005,8.2,1691501
Be Cool,2005,5.6,74652
Bewitched,2005,4.9,78003
Black,2005,8.1,37347
BloodRayne,2005,3,38355
Boogeyman,2005,4.2,33657
Breakfast on Pluto,2005,7.2,26019
Brick,2005,7.1,113533
Brokeback Mountain,2005,7.7,412050
Broken Flowers,2005,7.1,109775
C.R.A.Z.Y.,2005,7.8,35037
Caché,2005,7.3,89508
Capote,2005,7.3,148202
Casanova,2005,6.5,57930
Chaos,2005,6.4,60142
Charlie and the Chocolate Factory,2005,6.7,565369
Cheaper by the Dozen 2,2005,5.6,66341
Chicken Little,2005,5.7,107803
Cinderella Man,2005,8,207660
Coach Carter,2005,7.3,189195
Constantine,2005,7,403018
Corpse Bride,2005,7.4,324759
Cry Wolf,2005,5.8,29641
Cursed,2005,5.1,37103
Dark Water,2005,5.6,67602
Derailed,2005,6.6,78614
Deuce Bigalow: European Gigolo,2005,4.7,55796
Domino,2005,5.9,71142
Doom,2005,5.2,122956
Elektra,2005,4.7,104210
Elizabethtown,2005,6.3,74865
Everything Is Illuminated,2005,7.4,61172
Fantastic Four,2005,5.7,370924
Feast,2005,6.2,35803
Fever Pitch,2005,6.2,49608
Final Fantasy VII: Advent Children,2005,7.1,59477
Flightplan,2005,6.3,183925
Four Brothers,2005,6.8,167109
Fun with Dick and Jane,2005,6.2,161690
Get Rich or Die Tryin',2005,5.6,53750
Goal! The Dream Begins,2005,6.7,68226
"Good Night, and Good Luck.",2005,7.4,104632
Green Street Hooligans,2005,7.4,169816
Grizzly Man,2005,7.7,66730
Guess Who,2005,5.9,47966
Hard Candy,2005,7,173708
Harry Potter and the Goblet of Fire,2005,7.7,741638
Harsh Times,2005,6.8,70499
Herbie: Fully Loaded,2005,4.9,53833
Hide and Seek,2005,6,92172
Hitch,2005,6.6,346867
Hoodwinked,2005,6.5,70891
Hostage,2005,6.5,115905
Hostel,2005,5.9,202451
House of Wax,2005,5.5,143752
Hustle & Flow,2005,7.3,45183
Ice Princess,2005,6.1,31012
Imagine Me & You,2005,6.8,39014
In Her Shoes,2005,6.5,67328
Into the Blue,2005,5.9,83503
Jarhead,2005,7,222517
Joyeux Noel,2005,7.6,34074
Just Friends,2005,6.2,134543
Just Like Heaven,2005,6.7,124809
Keeping Mum,2005,6.8,37526
Kicking & Screaming,2005,5.6,43045
King Kong,2005,7.2,466773
Kingdom of Heaven,2005,7.3,347230
Kiss Kiss Bang Bang,2005,7.4,247964
Lady Vengeance,2005,7.5,91701
Land of the Dead,2005,6.2,104368
Little Manhattan,2005,7.4,25740
London,2005,6.3,25532
Lord of War,2005,7.6,355769
Lords of Dogtown,2005,7.1,60468
Madagascar,2005,6.9,472431
Magic Carpet Ride,2005,7.4,37205
Man of the House,2005,5.5,26365
Manderlay,2005,7.2,26273
March of the Penguins,2005,7.5,61918
Match Point,2005,7.6,237418
Me and You and Everyone We Know,2005,7.2,38451
Memoirs of a Geisha,2005,7.3,170998
Miss Congeniality 2: Armed & Fabulous,2005,5.2,84148
Monster-in-Law,2005,5.6,68486
Mr. & Mrs. Smith,2005,6.5,585226
Munich,2005,7.5,251353
Must Love Dogs,2005,5.9,34095
My Father and My Son,2005,8.2,99721
Nanny McPhee,2005,6.6,90736
North Country,2005,7.3,47104
Oliver Twist,2005,6.8,35443
Pride & Prejudice,2005,7.8,369642
Prime,2005,6.2,43232
Proof,2005,6.6,47465
Red Eye,2005,6.4,163979
Rent,2005,6.8,57850
Revolver,2005,6.3,107825
Robots,2005,6.4,172919
Rumor Has It...,2005,5.5,64734
Sahara,2005,6.1,108409
Saw II,2005,6.6,294115
Serenity,2005,7.8,313794
Shopgirl,2005,6.3,25277
Sin City,2005,8,817205
Sky High,2005,6.3,100186
Son of the Mask,2005,2.3,61935
Sophie Scholl: The Final Days,2005,7.6,29632
Star Wars: Episode III - Revenge of the Sith,2005,7.6,909536
Stay,2005,6.7,92201
Stealth,2005,5.1,58187
Syriana,2005,6.9,137913
Thank You for Smoking,2005,7.5,234688
The 40-Year-Old Virgin,2005,7.1,496339
The Adventures of Sharkboy and Lavagirl 3-D,2005,3.8,45858
The Amityville Horror,2005,5.9,122070
The Brothers Grimm,2005,5.9,131012
The Cave,2005,5.2,43499
"The Chronicles of Narnia: The Lion, the Witch and the Wardrobe",2005,6.9,453712
The Constant Gardener,2005,7.3,154949
The Descent,2005,7.2,268758
The Devil's Rejects,2005,6.7,110441
The Dukes of Hazzard,2005,5.1,84359
The Exorcism of Emily Rose,2005,6.7,148181
The Family Stone,2005,6.3,88929
The Fog,2005,3.7,41097
The Greatest Game Ever Played,2005,7.4,35671
The Hitchhiker's Guide to the Galaxy,2005,6.7,215846
The Ice Harvest,2005,6.2,25835
The Interpreter,2005,6.4,113738
The Island,2005,6.8,339590
The Jacket,2005,7.1,123889
The Legend of Zorro,2005,6,113807
The Longest Yard,2005,6.4,208940
The Man,2005,5.5,27475
The Matador,2005,6.7,47493
The New World,2005,6.7,93246
The Pacifier,2005,5.6,105910
The Perfect Man,2005,5.5,33124
The Producers,2005,6.4,46476
The Proposition,2005,7.3,57475
The Protector,2005,7,40388
The Ring Two,2005,5.4,105227
The Ringer,2005,5.8,40412
The Sisterhood of the Traveling Pants,2005,6.5,67865
The Skeleton Key,2005,6.5,130534
The Squid and the Whale,2005,7.3,94275
The Three Burials of Melquiades Estrada,2005,7.3,43059
The Weather Man,2005,6.5,85702
The Wedding Date,2005,6.1,58859
The World's Fastest Indian,2005,7.8,63203
Tideland,2005,6.3,35780
Transamerica,2005,7.3,43189
Transporter 2,2005,6.3,224535
Tsotsi,2005,7.2,32224
Two for the Money,2005,6.2,53830
Unleashed,2005,7,111417
V for Vendetta,2005,8.1,1236562
Valiant,2005,5.5,25628
Waiting...,2005,6.7,111770
Walk the Line,2005,7.8,278674
Wallace & Gromit: The Curse of the Were-Rabbit,2005,7.5,156348
War of the Worlds,2005,6.6,502384
Wedding Crashers,2005,7,394452
White Noise,2005,5.5,52761
Wolf Creek,2005,6.2,83557
xXx: State of the Union,2005,4.5,76218
"Yours, Mine & Ours",2005,5.5,32076
Zathura: A Space Adventure,2005,6.3,124410
16 Blocks,2006,6.6,137905
300,2006,7.6,905434
A Good Year,2006,6.9,106197
A Guide to Recognizing Your Saints,2006,6.9,28140
A Scanner Darkly,2006,7,121314
Accepted,2006,6.4,144850
After the Wedding,2006,7.6,38960
All the Boys Love Mandy Lane,2006,5.5,35878
All the King's Men,2006,6.1,26447
Alpha Dog,2006,6.9,111073
Amazing Grace,2006,7.4,26393
American Dreamz,2006,5.5,25564
An Inconvenient Truth,2006,7.4,86850
Apocalypto,2006,7.8,353366
Aquamarine,2006,5.5,47882
Arthur and the Invisibles,2006,6,43915
Babel,2006,7.5,327320
Bandidas,2006,5.7,38796
Barnyard,2006,5.6,37884
Basic Instinct 2,2006,4.4,43437
Beerfest,2006,6.2,73316
Behind the Mask: The Rise of Leslie Vernon,2006,6.7,26880
Big Momma's House 2,2006,4.8,48887
Big Nothing,2006,6.7,32777
Black Book,2006,7.7,83401
Black Christmas,2006,4.7,32929
Black Sheep,2006,5.8,43327
Black Snake Moan,2006,6.9,68417
Blood Diamond,2006,8,620085
Bobby,2006,7,43787
Borat,2006,7.4,471563
Bug,2006,6.1,40249
Candy,2006,7.2,49541
Cars,2006,7.3,524438
Cashback,2006,7.1,94281
Casino Royale,2006,8,735054
Catch and Release,2006,5.9,29929
Charlotte's Web,2006,6.3,49503
Children of Men,2006,7.9,560193
Clerks II,2006,7.3,143865
Click,2006,6.4,382007
Crank,2006,6.9,275487
Curse of the Golden Flower,2006,7,47263
Date Movie,2006,2.8,64043
Day Watch,2006,6.4,36194
Death Note,2006,7.5,33130
Deck the Halls,2006,5.1,38924
Deja Vu,2006,7.1,342874
Dhoom 2,2006,6.6,32584
DOA: Dead or Alive,2006,4.8,47598
Don,2006,7.2,44250
Dreamgirls,2006,6.6,80375
Eight Below,2006,7.3,71214
Employee of the Month,2006,5.6,52493
Eragon,2006,5.1,134063
Failure to Launch,2006,5.7,92865
Fanaa,2006,7.1,36790
Fast Food Nation,2006,6.3,25989
Fearless,2006,7.6,80898
Fido,2006,6.7,30959
Final Destination 3,2006,5.9,181822
Find Me Guilty,2006,7,37733
Firewall,2006,5.8,61066
Flags of Our Fathers,2006,7.1,133597
Flushed Away,2006,6.6,148095
Flyboys,2006,6.5,46045
Friends with Money,2006,5.8,33241
Garfield: A Tail of Two Kitties,2006,5,50445
Glory Road,2006,7.2,50835
Goya's Ghosts,2006,6.9,33009
Grandma's Boy,2006,6.9,92383
Gridiron Gang,2006,6.9,82278
Half Nelson,2006,7.1,95010
Happy Feet,2006,6.4,211717
Hatchet,2006,5.7,35870
Hollywoodland,2006,6.5,36941
"I'm a Cyborg, But That's OK",2006,6.9,26991
Ice Age: The Meltdown,2006,6.8,314720
Idiocracy,2006,6.5,211297
Inland Empire,2006,6.8,68005
Inside Man,2006,7.6,421239
Invincible,2006,7,78693
It's a Boy Girl Thing,2006,6.2,44313
Jackass Number Two,2006,7,82651
Jesus Camp,2006,7.4,29400
John Tucker Must Die,2006,5.7,92222
Just My Luck,2006,5.5,65374
Khosla Ka Ghosla!,2006,8.2,26943
Krrish,2006,6.5,27806
Lady in the Water,2006,5.5,107445
Lage Raho Munna Bhai,2006,8,52978
Last Holiday,2006,6.6,42121
Let's Go to Prison,2006,5.9,27226
Letters from Iwo Jima,2006,7.8,176043
Little Children,2006,7.5,121235
Little Man,2006,4.6,64911
Little Miss Sunshine,2006,7.8,551399
Lucky Number Slevin,2006,7.7,337028
Man of the Year,2006,6.2,36653
Marie Antoinette,2006,6.5,129993
Miami Vice,2006,6.1,129936
Miss Potter,2006,7,33638
Mission: Impossible III,2006,6.9,421181
Monster House,2006,6.7,153182
My Super Ex-Girlfriend,2006,5.2,69125
Nacho Libre,2006,5.9,100864
Night at the Museum,2006,6.5,403986
Notes on a Scandal,2006,7.4,88638
Once,2006,7.8,124504
Open Season,2006,6.1,112857
Over the Hedge,2006,6.7,200627
Pan's Labyrinth,2006,8.2,741069
Paprika,2006,7.7,109657
"Paris, Je T'aime",2006,7.2,76155
Peaceful Warrior,2006,7.2,31285
Penelope,2006,6.7,68899
Perfume: The Story of a Murderer,2006,7.5,277187
Phir Hera Pheri,2006,7.4,31538
Pirates of the Caribbean: Dead Man's Chest,2006,7.4,816471
Poseidon,2006,5.7,114811
Priceless,2006,7,34128
Pulse,2006,4.7,32079
Rang De Basanti,2006,8.1,125995
Rescue Dawn,2006,7.2,115316
Rocky Balboa,2006,7.1,241273
Running Scared,2006,7.3,106474
RV,2006,5.6,66671
Saw III,2006,6.2,225934
Scary Movie 4,2006,5.1,137312
School for Scoundrels,2006,5.9,31611
Scoop,2006,6.6,90264
See No Evil,2006,5.1,30561
Seraphim Falls,2006,6.6,36417
Severance,2006,6.4,43006
She's the Man,2006,6.4,189980
Shortbus,2006,6.4,36981
Silent Hill,2006,6.5,258157
Slither,2006,6.5,94219
Smokin' Aces,2006,6.6,156753
Snakes on a Plane,2006,5.5,148814
Southland Tales,2006,5.3,42018
Starter for 10,2006,6.7,26680
Stay Alive,2006,5.1,35441
Step Up,2006,6.5,133000
Stick It,2006,6.4,31794
Stormbreaker,2006,5.1,26381
Stranger Than Fiction,2006,7.5,243924
Superman Returns,2006,6.1,301708
Take the Lead,2006,6.6,27326
Tales from Earthsea,2006,6.3,47769
Talladega Nights: The Ballad of Ricky Bobby,2006,6.6,211722
Tell No One,2006,7.5,60727
Tenacious D in the Pick of Destiny,2006,6.8,118859
The Ant Bully,2006,5.8,43912
The Benchwarmers,2006,5.6,57833
The Black Dahlia,2006,5.6,79449
The Break-Up,2006,5.8,144523
The Butterfly Effect 2,2006,4.5,38502
The Contract,2006,5.6,27037
The Covenant,2006,5.2,54619
The Da Vinci Code,2006,6.6,481688
The Departed,2006,8.5,1534427
The Devil Wears Prada,2006,7,520533
The Fall,2006,7.8,126758
The Fast and the Furious: Tokyo Drift,2006,6.1,326445
The Fountain,2006,7.1,256680
The Girl Who Leapt Through Time,2006,7.6,75036
The Good German,2006,6,26861
The Good Shepherd,2006,6.7,111828
The Grudge 2,2006,5.1,53268
The Guardian,2006,6.9,102497
The Hills Have Eyes,2006,6.4,194134
The Holiday,2006,7,363641
The Host,2006,7.1,141750
The Illusionist,2006,7.5,402105
The Lake House,2006,6.8,164240
The Last King of Scotland,2006,7.6,204374
The Last Kiss,2006,6.4,42694
The Lives of Others,2006,8.4,439734
The Magician,2006,7.4,36277
The Marine,2006,4.8,37242
The Omen,2006,5.5,65980
The Painted Veil,2006,7.4,99428
The Pink Panther,2006,5.7,97812
The Prestige,2006,8.5,1564947
The Pursuit of Happyness,2006,8,611033
The Queen,2006,7.3,119142
The Santa Clause 3: The Escape Clause,2006,4.9,46374
The Science of Sleep,2006,7.2,72003
The Sentinel,2006,6.1,57858
The Texas Chainsaw Massacre: The Beginning,2006,5.8,81249
The Wicker Man,2006,3.8,74309
The Wild,2006,5.2,29316
The Wind that Shakes the Barley,2006,7.5,58262
Them,2006,6.3,33645
This Film Is Not Yet Rated,2006,7.4,28951
This Is England,2006,7.7,134123
Tristan + Isolde,2006,6.8,55788
Turistas,2006,5.4,42132
Ultraviolet,2006,4.4,86144
Underworld: Evolution,2006,6.7,216652
United 93,2006,7.6,114955
Unknown,2006,6.4,32280
Volver,2006,7.6,112017
We Are Marshall,2006,7.1,67360
When a Stranger Calls,2006,5.1,51398
World Trade Center,2006,6,91386
Wristcutters: A Love Story,2006,7.2,59390
X-Men: The Last Stand,2006,6.6,568169
"You, Me and Dupree",2006,5.6,86462
1408,2007,6.8,311470
28 Weeks Later,2007,6.8,352626
3:10 to Yuma,2007,7.6,348690
30 Days of Night,2007,6.6,199475
"4 Months, 3 Weeks and 2 Days",2007,7.9,65408
5 Centimeters per Second,2007,7.4,69707
88 Minutes,2007,5.9,80129
A Mighty Heart,2007,6.6,28693
Across the Universe,2007,7.3,117193
Aliens vs. Predator: Requiem,2007,4.6,145362
Alvin and the Chipmunks,2007,5.3,103560
American Gangster,2007,7.8,480999
An American Crime,2007,7.2,39574
Atonement,2007,7.8,324206
August Rush,2007,7.4,114104
Awake,2007,6.5,85076
Balls of Fury,2007,5.4,46500
Because I Said So,2007,5.6,41903
Becoming Jane,2007,7,67784
Bee Movie,2007,6.1,194324
Before the Devil Knows You're Dead,2007,7.3,120517
Beowulf,2007,6.3,179006
Bhool Bhulaiyaa,2007,7.5,37883
Big Stan,2007,6.2,51436
Blades of Glory,2007,6.3,184438
Boy A,2007,7.5,39935
Bratz,2007,3.2,25571
Breach,2007,7,63652
Bridge to Terabithia,2007,7.2,188253
Cassandra's Dream,2007,6.6,55184
Chak De! India,2007,8.1,91203
Chaos Theory,2007,6.6,34925
Charlie Bartlett,2007,6.9,68014
Charlie Wilson's War,2007,7,129879
Cleaner,2007,6.1,47384
Control,2007,7.6,71189
Dan in Real Life,2007,6.8,110451
Dead Silence,2007,6.1,107793
Death at a Funeral,2007,7.3,127001
Death Proof,2007,7,331110
Death Sentence,2007,6.7,77469
Diary of the Dead,2007,5.5,50833
Disturbia,2007,6.8,272496
Dragon Wars: D-War,2007,3.5,25877
Eagle vs Shark,2007,6.7,27409
Eastern Promises,2007,7.6,275375
Elite Squad,2007,8,117974
Elizabeth: The Golden Age,2007,6.8,77757
Enchanted,2007,7.1,227764
Epic Movie,2007,2.5,113009
Evan Almighty,2007,5.4,161627
Evangelion: 1.0 You Are (Not) Alone,2007,7.5,30928
Fantastic Four: Rise of the Silver Surfer,2007,5.6,296662
Flawless,2007,6.7,28101
For Love and Honor,2007,7.8,25646
Fracture,2007,7.2,232912
Fred Claus,2007,5.7,50884
Freedom Writers,2007,7.6,91987
Frontier(s),2007,6.2,30523
Funny Games,2007,6.5,109470
Georgia Rule,2007,5.9,28969
Ghost Rider,2007,5.3,266491
Goal II: Living the Dream,2007,5.8,35180
Gone Baby Gone,2007,7.6,307471
Good Luck Chuck,2007,5.6,98330
Grindhouse,2007,7.5,196126
Guru,2007,7.7,26081
Hairspray,2007,6.7,144647
Halloween,2007,6.1,137972
Hannibal Rising,2007,6.1,120861
Harry Potter and the Order of the Phoenix,2007,7.5,689451
Hitman,2007,6.2,185283
Hostel: Part II,2007,5.5,101286
Hot Fuzz,2007,7.8,562115
Hot Rod,2007,6.7,98339
I Am Legend,2007,7.2,867155
I Know Who Killed Me,2007,3.6,31999
I Now Pronounce You Chuck & Larry,2007,5.9,160073
I'm Not There,2007,6.8,63239
In the Land of Women,2007,6.4,33480
In the Name of the King: A Dungeon Siege Tale,2007,3.8,52848
In the Valley of Elah,2007,7.1,77110
Inside,2007,6.7,47954
Into the Wild,2007,8,691216
Jab We Met,2007,7.9,64459
Juno,2007,7.4,569394
Knocked Up,2007,6.9,396681
La Vie En Rose,2007,7.5,93612
Lars and the Real Girl,2007,7.3,165646
License to Wed,2007,5.3,41781
Like Stars on Earth,2007,8.3,228999
Lions for Lambs,2007,6.2,56252
Live Free or Die Hard,2007,7.1,433927
"Lust, Caution",2007,7.5,47999
Meet the Robinsons,2007,6.8,120081
Michael Clayton,2007,7.2,182439
Mongol: The Rise of Genghis Khan,2007,7.2,51126
Mr. Bean's Holiday,2007,6.4,140996
Mr. Brooks,2007,7.2,162621
Mr. Magorium's Wonder Emporium,2007,6.2,49100
Mr. Woodcock,2007,5.2,37862
Music and Lyrics,2007,6.5,110872
My Blueberry Nights,2007,6.6,58391
My Name Is Bruce,2007,6.1,26016
National Treasure: Book of Secrets,2007,6.5,265288
Next,2007,6.2,173625
No Country for Old Men,2007,8.2,1168426
No Reservations,2007,6.3,83025
Norbit,2007,4.3,86737
Ocean's Thirteen,2007,6.9,384249
Om Shanti Om,2007,6.8,55579
P.S. I Love You,2007,7,224372
P2,2007,5.9,38792
Paranoid Park,2007,6.6,32721
Paranormal Activity,2007,6.3,270029
Pathfinder,2007,5.4,47428
Perfect Stranger,2007,5.7,53812
Persepolis,2007,8,104430
Pirates of the Caribbean: At World's End,2007,7.1,735969
Planet Terror,2007,7,231778
Postal,2007,4.5,25402
Premonition,2007,5.9,85166
Ratatouille,2007,8.1,925299
REC,2007,7.4,213984
Reign Over Me,2007,7.4,102270
Rendition,2007,6.8,59658
Reno 911!: Miami,2007,5.9,28623
Reservation Road,2007,6.6,25872
Resident Evil: Extinction,2007,6.2,213823
Rogue,2007,6.2,35699
Run Fatboy Run,2007,6.5,70971
Rush Hour 3,2007,6.2,197015
Saw IV,2007,5.9,175030
Shattered,2007,6.6,34910
Shelter,2007,7.6,25390
Shoot 'Em Up,2007,6.6,158471
Shooter,2007,7.1,373044
Shrek the Third,2007,6.1,356517
Sicko,2007,8,78111
Sleuth,2007,6.3,33801
Son of Rambow,2007,7,33612
Spider-Man 3,2007,6.3,689630
Stardust,2007,7.6,296737
Stomp the Yard,2007,5.5,27104
Sunshine,2007,7.2,283359
Superbad,2007,7.6,683710
Surf's Up,2007,6.7,100366
Sweeney Todd: The Demon Barber of Fleet Street,2007,7.3,404093
Sydney White,2007,6.2,54144
Taxi 4,2007,5.6,32650
Teeth,2007,5.4,49170
The Air I Breathe,2007,6.7,35462
The Assassination of Jesse James by the Coward Robert Ford,2007,7.5,202373
The Bourne Ultimatum,2007,8,679834
The Brave One,2007,6.7,65731
The Bucket List,2007,7.3,269930
The Condemned,2007,6,55811
The Counterfeiters,2007,7.5,48351
The Darjeeling Limited,2007,7.2,229186
The Diving Bell and the Butterfly,2007,8,112550
The Edge of Heaven,2007,7.7,35255
The Game Plan,2007,6.2,103073
The Girl Next Door,2007,6.5,31666
The Golden Compass,2007,6.1,202785
The Great Debaters,2007,7.5,66023
The Heartbreak Kid,2007,5.9,100739
The Hills Have Eyes 2,2007,5.1,70810
The Hitcher,2007,5.6,47356
The Hunting Party,2007,6.7,26706
The Invasion,2007,5.9,87296
The Invisible,2007,6.1,37201
The Jane Austen Book Club,2007,6.7,29705
The King of Kong: A Fistful of Quarters,2007,8,38441
The Kingdom,2007,7,136748
The Kite Runner,2007,7.6,84738
The Last Legion,2007,5.4,38111
The Lookout,2007,6.9,61787
The Man from Earth,2007,7.8,216204
The Messengers,2007,5.3,42450
The Mist,2007,7.1,369492
The Nanny Diaries,2007,6.2,67195
The Nines,2007,6.2,35252
The Number 23,2007,6.4,220265
The Orphanage,2007,7.4,169638
The Poughkeepsie Tapes,2007,5.9,30400
The Reaping,2007,5.6,45856
The Savages,2007,7.1,39681
The Simpsons Movie,2007,7.3,361621
The Visitor,2007,7.6,45889
The Warlords,2007,7,28576
The Water Horse,2007,6.4,44509
There Will Be Blood,2007,8.2,697711
Things We Lost in the Fire,2007,7.1,30506
Timecrimes,2007,7.1,74213
TMNT,2007,6.2,71842
Transformers,2007,7.1,710973
Trick 'r Treat,2007,6.7,113756
Two Days in Paris,2007,6.7,32592
Vacancy,2007,6.2,112402
Waitress,2007,7,50953
Walk Hard: The Dewey Cox Story,2007,6.9,80901
War,2007,6.2,100892
We Own the Night,2007,6.8,95992
Welcome,2007,7.2,29056
Wild Hogs,2007,5.9,127136
Wind Chill,2007,5.8,26869
Zodiac,2007,7.7,661053
"10,000 BC",2008,5.1,138953
21,2008,6.8,278888
27 Dresses,2008,6.1,185935
A Wednesday,2008,8.1,85467
A.R.O.G,2008,7.4,48369
Alone,2008,6.8,25278
"Angus, Thongs and Perfect Snogging",2008,6.3,31594
Appaloosa,2008,6.7,67595
Asterix at the Olympic Games,2008,5.2,34681
Australia,2008,6.6,133188
Baby Mama,2008,6,49065
Babylon A.D.,2008,5.5,100524
Bangkok Dangerous,2008,5.3,59446
Be Kind Rewind,2008,6.4,96087
Bedtime Stories,2008,6,105567
Beverly Hills Chihuahua,2008,4,27256
Blindness,2008,6.5,76887
Body of Lies,2008,7,248915
Bolt,2008,6.8,244899
Bronson,2008,7,148037
Burn After Reading,2008,7,372518
Changeling,2008,7.7,273660
Che: Part One,2008,7.1,49514
Che: Part Two,2008,6.8,36229
Choke,2008,6.4,34679
City of Ember,2008,6.4,72536
Cloverfield,2008,7,440822
Dear Zachary: A Letter to a Son About His Father,2008,8.5,44798
Death Race,2008,6.4,227003
Deception,2008,6,42061
Defiance,2008,7.1,160351
"Definitely, Maybe",2008,7.1,180863
Departures,2008,8,57118
Disaster Movie,2008,1.9,97469
Doomsday,2008,5.9,82033
Doubt,2008,7.5,144712
Drillbit Taylor,2008,5.7,63921
Eagle Eye,2008,6.6,200607
Eden Lake,2008,6.7,107050
Felon,2008,7.4,87366
Fireproof,2008,6.5,25353
"Food, Inc.",2008,7.8,53109
Fool's Gold,2008,5.7,88613
Forgetting Sarah Marshall,2008,7.1,317643
Four Christmases,2008,5.7,88154
Frost/Nixon,2008,7.6,115523
Frozen River,2008,7.1,27094
Get Smart,2008,6.5,236246
Ghajini,2008,7.4,71537
Ghost Town,2008,6.7,81007
Gomorrah,2008,7,52888
Gran Torino,2008,8.1,854939
Hancock,2008,6.4,535092
Happy-Go-Lucky,2008,7,42381
Harold & Kumar Escape from Guantanamo Bay,2008,6.5,145405
Hellboy II: The Golden Army,2008,7,297232
High School Musical 3: Senior Year,2008,5.1,71687
Horton Hears a Who!,2008,6.8,157379
How to Lose Friends & Alienate People,2008,6.4,71908
Hunger,2008,7.5,76150
In Bruges,2008,7.9,488687
Indiana Jones and the Kingdom of the Crystal Skull,2008,6.2,510643
Inkheart,2008,6.1,85030
Ip Man,2008,8,241844
Iron Man,2008,7.9,1207447
Jaane Tu... Ya Jaane Na,2008,7.4,29296
JCVD,2008,7,41266
Jodhaa Akbar,2008,7.5,36324
Journey to the Center of the Earth,2008,5.8,139547
Jumper,2008,6.1,335772
Keith,2008,7.3,38232
Kung Fu Panda,2008,7.6,569923
Lake Mungo,2008,6.2,36798
Lakeview Terrace,2008,6.2,58931
Leatherheads,2008,6,34288
Let the Right One In,2008,7.8,238231
Loft,2008,7.2,25893
Madagascar: Escape 2 Africa,2008,6.7,267202
Made of Honor,2008,5.9,79593
Mamma Mia!,2008,6.5,300430
Man on Wire,2008,7.7,60792
Marley & Me,2008,7,174519
Martyrs,2008,7,118215
Max Manus: Man of War,2008,7.3,31307
Max Payne,2008,5.3,133391
Meet Dave,2008,5.1,45796
Meet the Spartans,2008,2.8,114772
Mesrine: Killer Instinct,2008,7.5,36424
Mesrine: Public Enemy No. 1,2008,7.4,32214
Milk,2008,7.5,185129
Mirrors,2008,6.1,118523
Miss Pettigrew Lives for a Day,2008,7,30537
Mutant Chronicles,2008,5.2,27666
My Best Friend's Girl,2008,5.8,47877
Never Back Down,2008,6.5,110662
"New York, I Love You",2008,6.2,49857
Nick and Norah's Infinite Playlist,2008,6.6,97076
Nights in Rodanthe,2008,6,27303
Nim's Island,2008,6,38070
Nothing But the Truth,2008,7.1,41384
One Missed Call,2008,4.1,35151
Ong Bak 2,2008,6.2,32932
Open Season 2,2008,5.5,28804
Outlander,2008,6.2,81113
Over Her Dead Body,2008,5.3,26212
Passengers,2008,5.8,40899
Pathology,2008,5.9,34523
Pineapple Express,2008,6.9,370646
Pontypool,2008,6.5,38056
Ponyo,2008,7.6,182054
Pride and Glory,2008,6.6,65340
Prom Night,2008,4,39634
Punisher: War Zone,2008,5.9,70326
Quantum of Solace,2008,6.5,491983
Quarantine,2008,6,82555
Rab Ne Bana Di Jodi,2008,7.2,58949
Rachel Getting Married,2008,6.7,53120
Rambo,2008,7,254937
Recep Ivedik,2008,5,31006
Red Cliff,2008,7.3,50128
Religulous,2008,7.6,61014
Repo! The Genetic Opera,2008,6.4,28095
Resident Evil: Degeneration,2008,6.4,34468
Revolutionary Road,2008,7.3,233976
Righteous Kill,2008,6,95368
RocknRolla,2008,7.2,273893
Role Models,2008,6.8,250379
Saw V,2008,5.8,146729
Semi-Pro,2008,5.8,88917
Seven Pounds,2008,7.6,324232
Sex and the City,2008,5.7,132538
Sex Drive,2008,6.5,95385
Shutter,2008,5.2,39545
Slumdog Millionaire,2008,8,905346
Speed Racer,2008,6.1,82584
Splinter,2008,6.1,43722
Star Wars: The Clone Wars,2008,6,79834
Step Brothers,2008,6.9,337795
Step Up 2 the Streets,2008,6.2,94049
Street Kings,2008,6.8,125991
Sunshine Cleaning,2008,6.8,75841
Superhero Movie,2008,4.7,82859
"Synecdoche, New York",2008,7.5,103658
Taken,2008,7.7,666461
The Accidental Husband,2008,5.6,26536
The Baader Meinhof Complex,2008,7.3,41454
The Bank Job,2008,7.2,195984
The Boy in the Striped Pajamas,2008,7.7,269834
The Brothers Bloom,2008,6.7,53909
The Chaser,2008,7.8,79223
The Chronicles of Narnia: Prince Caspian,2008,6.5,237351
The Class,2008,7.5,37372
The Curious Case of Benjamin Button,2008,7.8,738095
The Dark Knight,2008,9.1,3119860
The Day the Earth Stood Still,2008,5.5,186009
The Duchess,2008,6.9,90254
The Eye,2008,5.4,58568
The Forbidden Kingdom,2008,6.5,112940
"The Good, the Bad, the Weird",2008,7.2,39477
The Happening,2008,5,225706
The Hottie & the Nottie,2008,2,39591
The House Bunny,2008,5.6,94897
The Hurt Locker,2008,7.5,492834
The Incredible Hulk,2008,6.6,558041
The Love Guru,2008,3.8,56600
The Midnight Meat Train,2008,6,74903
The Mummy: Tomb of the Dragon Emperor,2008,5.2,178547
The Other Boleyn Girl,2008,6.7,125985
The Oxford Murders,2008,6,31778
The Reader,2008,7.6,272385
The Rocker,2008,6.2,41099
The Ruins,2008,5.9,90321
The Secret Life of Bees,2008,7.2,29525
The Sisterhood of the Traveling Pants 2,2008,6.2,31793
The Spiderwick Chronicles,2008,6.5,108092
The Spirit,2008,4.7,64095
The Strangers,2008,6.1,155889
The Tale of Despereaux,2008,6.1,41279
The Wackness,2008,6.9,31693
The Wave,2008,7.6,120668
The Wrestler,2008,7.9,329587
The X Files: I Want to Believe,2008,5.9,96161
Traitor,2008,6.9,60538
Transporter 3,2008,6.1,184364
Transsiberian,2008,6.6,56290
Tropic Thunder,2008,7.1,483092
Twilight,2008,5.4,520194
Two Lovers,2008,7,45454
Untraceable,2008,6.2,54492
Valkyrie,2008,7.1,272412
Vantage Point,2008,6.6,157361
Vicky Cristina Barcelona,2008,7.1,279020
W.,2008,6.3,51251
WALL·E,2008,8.4,1302152
Waltz with Bashir,2008,8,62352
Wanted,2008,6.7,425943
Welcome to the Sticks,2008,7.1,47185
What Happens in Vegas,2008,6.1,194235
What Just Happened,2008,5.6,29178
Wild Child,2008,6.1,67845
Yes Man,2008,6.8,401933
You Don't Mess with the Zohan,2008,5.6,225571
Zack and Miri Make a Porno,2008,6.5,186066
[Rec]²,2009,6.5,83637
12 Rounds,2009,5.6,31669
17 Again,2009,6.4,229978
2012,2009,5.9,418052
3 Idiots,2009,8.4,475148
500 Days of Summer,2009,7.6,609372
9,2009,7,155797
A Christmas Carol,2009,6.8,140195
A Perfect Getaway,2009,6.5,80310
A Prophet,2009,7.8,106769
A Serious Man,2009,7,157199
A Single Man,2009,7.5,121573
About Elly,2009,7.9,60504
Adam,2009,7.1,36694
Adventureland,2009,6.8,173809
After.Life,2009,5.9,42780
Agora,2009,7.1,75870
Aliens in the Attic,2009,5.4,25807
All About Steve,2009,4.8,45934
Alvin and the Chipmunks: The Squeakquel,2009,4.6,59835
An Education,2009,7.2,140645
Angels & Demons,2009,6.7,323357
Antichrist,2009,6.5,143661
Armored,2009,5.7,32669
Astro Boy,2009,6.3,42490
Avatar,2009,7.9,1476797
Away We Go,2009,7,56455
Bad Lieutenant: Port of Call New Orleans,2009,6.6,84133
Black Dynamite,2009,7.4,54005
Blood and Bone,2009,6.7,37674
Bride Wars,2009,5.5,122381
Bright Star,2009,6.9,29569
Broken Embraces,2009,7.2,43961
Brooklyn's Finest,2009,6.7,68466
Brothers,2009,7.1,168803
Brüno,2009,5.9,157690
Capitalism: A Love Story,2009,7.4,44497
Carriers,2009,5.9,52793
Case 39,2009,6.2,98715
Cell 211,2009,7.6,73444
Chloe,2009,6.2,81963
Cirque du Freak: The Vampire's Assistant,2009,5.8,49430
City Island,2009,7.3,33297
Cloudy with a Chance of Meatballs,2009,6.9,280996
Coco Before Chanel,2009,6.6,43418
Confessions of a Shopaholic,2009,5.9,88007
Coraline,2009,7.8,296082
Couples Retreat,2009,5.6,120474
Crank: High Voltage,2009,6.1,166082
Crazy Heart,2009,7.2,98451
Crossing Over,2009,6.7,25375
Daybreakers,2009,6.4,140160
Dead Snow,2009,6.3,72596
Defendor,2009,6.7,38127
Dev.D,2009,7.9,33963
Did You Hear About the Morgans?,2009,4.9,44581
District 13: Ultimatum,2009,6.5,47575
District 9,2009,7.9,746862
Dogtooth,2009,7.1,121112
Dorian Gray,2009,6.2,70716
Drag Me to Hell,2009,6.6,228843
Dragonball Evolution,2009,2.5,84258
Duplicity,2009,6.1,53647
Enter the Void,2009,7.2,93609
Evangelion: 2.0 You Can (Not) Advance,2009,7.9,28098
Everybody's Fine,2009,7.1,66859
Exam,2009,6.7,133456
Extract,2009,6.1,52411
Fanboys,2009,6.5,62856
Fantastic Mr. Fox,2009,7.9,299308
Fast & Furious,2009,6.5,331634
Fighting,2009,5.6,35137
Fired Up!,2009,6.1,47448
Fish Tank,2009,7.3,67897
Frequently Asked Questions About Time Travel,2009,7,38338
Friday the 13th,2009,5.5,125229
Funny People,2009,6.3,126804
G-Force,2009,5.1,52884
G.I. Joe: The Rise of Cobra,2009,5.7,220524
Gamer,2009,5.7,143297
Ghosts of Girlfriends Past,2009,5.8,98472
Hachi: A Dog's Tale,2009,8.1,338436
Halloween II,2009,4.8,63613
Hannah Montana: The Movie,2009,4.8,48331
Harry Brown,2009,7.2,94160
Harry Potter and the Half-Blood Prince,2009,7.6,649941
He's Just Not That Into You,2009,6.4,192393
Horsemen,2009,5.5,25186
Hotel for Dogs,2009,5.5,26231
I Am Love,2009,7,25444
I Killed My Mother,2009,7.4,32455
I Love You Phillip Morris,2009,6.6,102835
"I Love You, Beth Cooper",2009,5.4,39134
"I Love You, Man",2009,7,224406
Ice Age: Dawn of the Dinosaurs,2009,6.9,282519
In the Loop,2009,7.4,63886
Inglourious Basterds,2009,8.4,1751019
Invictus,2009,7.3,173255
It's Complicated,2009,6.6,102436
Jennifer's Body,2009,5.6,168022
Julie & Julia,2009,7,134869
Knowing,2009,6.2,260233
Land of the Lost,2009,5.3,78946
Law Abiding Citizen,2009,7.4,341849
Leaves of Grass,2009,6.4,28608
Love Happens,2009,5.7,35570
Magadheera,2009,7.7,27738
Mary and Max,2009,8.1,200207
Micmacs,2009,7.1,31987
Middle Men,2009,6.8,38900
Monsters vs. Aliens,2009,6.4,186837
Moon,2009,7.8,391738
Mother,2009,7.7,79294
Mr. Nobody,2009,7.7,255938
My Bloody Valentine,2009,5.4,64404
My Sister's Keeper,2009,7.3,102208
New in Town,2009,5.7,26280
Night at the Museum: Battle of the Smithsonian,2009,6,226111
Nine,2009,5.8,46382
Ninja Assassin,2009,6.3,79182
Notorious,2009,6.7,47707
Nowhere Boy,2009,7.1,40675
Observe and Report,2009,5.8,67100
Obsessed,2009,5.1,35780
Old Dogs,2009,5.3,40636
Orphan,2009,7,274897
Pandorum,2009,6.7,166505
Paul Blart: Mall Cop,2009,5.3,123753
Planet 51,2009,6,61328
Precious,2009,7.3,120281
Public Enemies,2009,6.9,333013
Push,2009,6.1,118992
Race to Witch Mountain,2009,5.7,65770
Red Cliff II,2009,7.5,26319
Saw VI,2009,6.1,134231
Sherlock Holmes,2009,7.5,701233
Sin Nombre,2009,7.5,34908
Solomon Kane,2009,6.1,79974
Sorority Row,2009,5.2,33828
Soul Kitchen,2009,7.2,42307
Splice,2009,5.8,105993
Spread,2009,5.8,43133
Star Trek,2009,7.9,635587
State of Play,2009,7.1,165616
Street Fighter: The Legend of Chun-Li,2009,3.7,26109
Summer Wars,2009,7.4,33676
Surrogates,2009,6.3,184272
Taking Woodstock,2009,6.7,30722
Terminator Salvation,2009,6.5,390462
The Blind Side,2009,7.6,383109
The Boat That Rocked,2009,7.3,119865
The Boondock Saints II: All Saints Day,2009,6.2,68554
The Box,2009,5.6,97543
The Breath,2009,8,36741
The Code,2009,6,36810
The Collector,2009,6.3,78706
The Cove,2009,8.4,52921
The Damned United,2009,7.5,47910
The Descent: Part 2,2009,5.7,55111
The Disappearance of Alice Creed,2009,6.7,28329
The Final Destination,2009,5.1,138939
The Fourth Kind,2009,5.9,85611
The Girl Who Kicked the Hornet's Nest,2009,7.3,77123
The Girl Who Played with Fire,2009,7.1,101448
The Girl with the Dragon Tattoo,2009,7.8,229444
The Hangover,2009,7.7,916493
The Haunting in Connecticut,2009,5.9,67602
The Hole,2009,5.7,25146
The House of the Devil,2009,6.3,55111
The Human Centipede (First Sequence),2009,4.4,95590
The Imaginarium of Doctor Parnassus,2009,6.7,157112
The Informant!,2009,6.5,69581
The International,2009,6.5,103612
The Invention of Lying,2009,6.4,156111
The Joneses,2009,6.4,42715
The Last House on the Left,2009,6.5,107343
The Loved Ones,2009,6.6,47019
The Lovely Bones,2009,6.6,189839
The Men Who Stare at Goats,2009,6.2,141195
The Messenger,2009,7.1,38277
The Pink Panther 2,2009,5.6,51102
The Princess and the Frog,2009,7.2,183844
The Proposal,2009,6.8,391256
The Rebound,2009,6.3,52063
The Road,2009,7.2,268021
The Secret in Their Eyes,2009,8.2,239350
The Secret of Kells,2009,7.5,40395
The Soloist,2009,6.7,56564
The Stepfather,2009,5.6,42197
The Taking of Pelham 123,2009,6.4,216053
The Time Traveler's Wife,2009,7.1,164522
The Tournament,2009,6,36995
The Twilight Saga: New Moon,2009,4.8,318628
The Ugly Truth,2009,6.4,239963
The Unborn,2009,4.7,54567
The Uninvited,2009,6.3,88739
The White Ribbon,2009,7.8,80982
The Young Victoria,2009,7.2,68892
Thirst,2009,7.1,54339
This Is It,2009,7.2,42957
Transformers: Revenge of the Fallen,2009,6,450058
Triangle,2009,6.9,146041
Underworld: Rise of the Lycans,2009,6.5,174078
Universal Soldier: Regeneration,2009,5.3,27244
Up,2009,8.3,1218451
Up in the Air,2009,7.4,359018
Valhalla Rising,2009,6,66185
Wake Up Sid,2009,7.6,36836
Wanted,2009,6.6,29282
Watchmen,2009,7.6,607036
Whatever Works,2009,7.1,78927
Where the Wild Things Are,2009,6.7,111490
Whip It,2009,6.9,72125
Whiteout,2009,5.5,42239
World's Greatest Dad,2009,6.8,42033
X-Men Origins: Wolverine,2009,6.5,563482
Yahsi Bati - The Ottoman Cowboys,2009,7.4,40776
Year One,2009,5,108074
Youth in Revolt,2009,6.4,77795
Zombieland,2009,7.5,660345
127 Hours,2010,7.5,421227
13,2010,6,45589
13 Assassins,2010,7.5,71236
22 Bullets,2010,6.6,37720
6 Souls,2010,6,38747
A Nightmare on Elm Street,2010,5.2,114148
A Serbian Film,2010,4.9,78901
Alice in Wonderland,2010,6.4,464118
All Good Things,2010,6.2,63317
Animal Kingdom,2010,7.2,62934
Another Year,2010,7.4,32023
Barney's Version,2010,7.3,27298
Beginners,2010,7.2,97027
Birdemic: Shock and Terror,2010,1.7,26821
Biutiful,2010,7.4,97484
Black Death,2010,6.4,54131
Black Swan,2010,8,879514
Blue Valentine,2010,7.3,223152
Boy,2010,7.5,31270
Buried,2010,7,175309
Burlesque,2010,6.4,98403
Catfish,2010,7.1,44284
Centurion,2010,6.3,89169
Certified Copy,2010,7.2,28644
Charlie St. Cloud,2010,6.4,66261
Clash of the Titans,2010,5.8,303331
Confessions,2010,7.7,44616
Conviction,2010,7.2,47952
Cop Out,2010,5.5,92223
Cyrus,2010,6.3,37445
Dabangg,2010,6.3,37134
Date Night,2010,6.3,178450
Dear John,2010,6.3,162839
Death at a Funeral,2010,5.7,56562
Despicable Me,2010,7.6,625211
Devil,2010,6.3,164901
Diary of a Wimpy Kid,2010,6.3,64888
Dinner for Schmucks,2010,5.9,115493
Don't Be Afraid of the Dark,2010,5.5,52046
Due Date,2010,6.5,369610
Easy A,2010,7,439751
Eat Pray Love,2010,5.9,112773
Edge of Darkness,2010,6.6,102859
Elite Squad 2: The Enemy Within,2010,8,91371
Enthiran,2010,7.2,33107
Everything Must Go,2010,6.4,54940
Exit Through the Gift Shop,2010,7.9,70589
Fair Game,2010,6.8,52627
Faster,2010,6.4,116567
Flipped,2010,7.7,105401
Four Lions,2010,7.3,90131
From Paris with Love,2010,6.4,126217
Frozen,2010,6.1,86461
Get Him to the Greek,2010,6.3,189627
Going the Distance,2010,6.3,60935
Green Zone,2010,6.8,147016
Greenberg,2010,6.1,40231
Grown Ups,2010,6,307325
Gulliver's Travels,2010,4.9,77244
Happythankyoumoreplease,2010,6.7,30936
Harry Potter and the Deathly Hallows: Part 1,2010,7.7,654097
Heartbeats,2010,7,31012
Heartbreaker,2010,6.7,28356
Hereafter,2010,6.5,97979
Hesher,2010,6.9,55425
Hot Tub Time Machine,2010,6.4,196437
How Do You Know,2010,5.4,56989
How to Train Your Dragon,2010,8.1,879253
Hunting Season,2010,7.4,38961
I Saw the Devil,2010,7.8,162581
I Spit on Your Grave,2010,6.2,101448
In a Better World,2010,7.6,42913
Incendies,2010,8.3,243859
Inception,2010,8.8,2773594
Inside Job,2010,8.2,82402
Insidious,2010,6.8,362675
Ip Man 2,2010,7.5,115764
Iron Man 2,2010,6.9,926264
It's Kind of a Funny Story,2010,7.1,151435
Jackass 3D,2010,7,70571
Jonah Hex,2010,4.7,64257
Julia's Eyes,2010,6.7,38952
Kick-Ass,2010,7.6,617292
Killers,2010,5.5,99159
Knight and Day,2010,6.3,223357
Last Night,2010,6.5,52413
Leap Year,2010,6.4,115387
Legend of the Guardians: The Owls of Ga'Hoole,2010,6.9,91297
Legion,2010,5.3,118599
Let Me In,2010,7.1,132511
Letters to Juliet,2010,6.5,111978
Life as We Know It,2010,6.5,144036
Little Fockers,2010,5.5,125086
Little White Lies,2010,7.1,28145
London Boulevard,2010,6.2,51588
Love & Other Drugs,2010,6.7,246788
MacGruber,2010,5.6,49686
Machete,2010,6.6,208995
Megamind,2010,7.3,321078
Monsters,2010,6.3,101395
Morning Glory,2010,6.5,86794
My Name Is Khan,2010,7.9,122329
Nanny McPhee Returns,2010,6.1,39479
Never Let Me Go,2010,7.1,159062
Paranormal Activity 2,2010,5.7,114662
Percy Jackson & the Olympians: The Lightning Thief,2010,5.9,213402
Piranha 3D,2010,5.5,101420
Predators,2010,6.4,259928
Prince of Persia: The Sands of Time,2010,6.5,315669
Rabbit Hole,2010,6.9,52596
Rare Exports,2010,6.6,35285
RED,2010,7,336574
Remember Me,2010,7.1,162042
Repo Men,2010,6.3,113717
Resident Evil: Afterlife,2010,5.8,186075
Restrepo,2010,7.4,25045
Robin Hood,2010,6.6,294407
Room in Rome,2010,6,27903
Rubber,2010,5.7,42544
Salt,2010,6.5,341095
Saw 3D,2010,5.5,117317
Scott Pilgrim vs. the World,2010,7.5,491800
Secretariat,2010,7.2,32346
Senna,2010,8.4,83251
Sex and the City 2,2010,4.6,87926
She's Out of My League,2010,6.4,151771
Shrek Forever After,2010,6.3,242377
Shutter Island,2010,8.2,1612542
Skyline,2010,4.5,94118
Somewhere,2010,6.3,48312
Stake Land,2010,6.4,45580
Step Up 3D,2010,6.2,62079
Stone,2010,5.4,43935
Submarine,2010,7.3,100281
Super,2010,6.7,86918
Takers,2010,6.2,68096
Tangled,2010,7.7,537363
Tekken,2010,4.8,29471
The A-Team,2010,6.7,276010
The American,2010,6.3,106145
The Back-up Plan,2010,5.3,54530
The Book of Eli,2010,6.8,358341
The Bounty Hunter,2010,5.6,139469
The Chronicles of Narnia: The Voyage of the Dawn Treader,2010,6.3,175874
The Company Men,2010,6.7,50580
The Conspirator,2010,6.9,30949
The Crazies,2010,6.5,136451
The Debt,2010,6.8,73632
The Expendables,2010,6.4,377950
The Experiment,2010,6.4,59496
The Fighter,2010,7.8,405102
The Ghost Writer,2010,7.2,176035
The Illusionist,2010,7.4,37411
The Karate Kid,2010,6.3,224206
The Kids Are All Right,2010,7,136975
The Killer Inside Me,2010,6.1,36834
The King's Speech,2010,8,729330
The Last Airbender,2010,3.9,180307
The Last Exorcism,2010,5.7,54076
The Last Song,2010,6,95480
The Legend Is Born: Ip Man,2010,7,33180
The Losers,2010,6.2,110889
The Man from Nowhere,2010,7.7,79681
The Next Three Days,2010,7.3,214277
The Other Guys,2010,6.7,306348
The Perfect Host,2010,6.7,30488
The Runaways,2010,6.5,52415
The Secret World of Arrietty,2010,7.6,115208
The Social Network,2010,7.8,810128
The Sorcerer's Apprentice,2010,6.1,175732
The Spy Next Door,2010,5.5,49157
The Switch,2010,6.1,116768
The Tourist,2010,6,267305
The Town,2010,7.5,442185
The Twilight Saga: Eclipse,2010,5.1,278219
The Ward,2010,5.5,47058
The Warrior's Way,2010,6.3,27893
The Way,2010,7.3,37678
The Way Back,2010,7.3,126782
The Whistleblower,2010,7.1,36992
The Wolfman,2010,5.9,116940
Three Steps Above Heaven,2010,6.7,30800
"Tomorrow, When the War Began",2010,6.1,32656
Tooth Fairy,2010,5.1,52734
Toy Story 3,2010,8.3,957608
Troll Hunter,2010,6.9,82808
Tron: Legacy,2010,6.8,383426
True Grit,2010,7.6,373671
Trust,2010,6.9,45961
Tucker and Dale vs Evil,2010,7.5,207098
Udaan,2010,8.1,49489
Unstoppable,2010,6.8,217399
Unthinkable,2010,7,99297
Valentine's Day,2010,5.8,129148
Vampires Suck,2010,3.5,54425
Vanishing on 7th Street,2010,4.9,28200
Wall Street: Money Never Sleeps,2010,6.2,109467
Welcome to the Rileys,2010,6.9,25873
When in Rome,2010,5.5,66876
Wild Target,2010,6.7,42235
Winter's Bone,2010,7.1,156611
You Again,2010,5.8,56498
You Will Meet a Tall Dark Stranger,2010,6.3,48652
10 Years,2011,6.1,28439
30 Minutes or Less,2011,6,109650
50/50,2011,7.6,351521
A Dangerous Method,2011,6.4,111576
A Little Bit of Heaven,2011,6.2,30563
A Lonely Place to Die,2011,6.2,32013
A Separation,2011,8.3,275441
A Very Harold & Kumar Christmas,2011,6.2,74994
Abduction,2011,5.1,85615
Albert Nobbs,2011,6.7,26385
Alvin and the Chipmunks: Chipwrecked,2011,4.4,43827
Anonymous,2011,6.8,43166
Another Earth,2011,6.9,103736
Apollo 18,2011,5.2,59858
Arthur,2011,5.7,53751
Arthur Christmas,2011,7.1,73219
Attack the Block,2011,6.7,115101
Bad Teacher,2011,5.7,221185
Battle Los Angeles,2011,5.7,189508
Beastly,2011,5.5,81727
Bernie,2011,6.8,66749
"Big Mommas: Like Father, Like Son",2011,4.5,31053
Blitz,2011,6.1,95740
Bodyguard,2011,4.8,30430
Bridesmaids,2011,6.8,322931
Captain America: The First Avenger,2011,6.9,956148
Carnage,2011,7.1,137684
Cars 2,2011,6.2,249480
Cedar Rapids,2011,6.3,40869
Chalet Girl,2011,6.3,27761
Colombiana,2011,6.4,113530
Conan the Barbarian,2011,5.2,105473
Contagion,2011,6.8,328612
Coriolanus,2011,6.1,34739
Cowboys & Aliens,2011,6,240417
"Crazy, Stupid, Love.",2011,7.4,607498
Delhi Belly,2011,7.6,34362
Detachment,2011,7.7,110036
Diary of a Wimpy Kid: Rodrick Rules,2011,6.6,41593
Dolphin Tale,2011,6.8,26673
Don 2,2011,7.1,61669
Dream House,2011,6,70995
Drive,2011,7.8,753569
Drive Angry,2011,5.4,106207
Extremely Loud & Incredibly Close,2011,6.9,107507
Fast Five,2011,7.3,429235
Final Destination 5,2011,5.9,148937
Flypaper,2011,6.3,34927
Footloose,2011,5.9,55051
Friends with Benefits,2011,6.5,416568
Friends with Kids,2011,6.1,43981
Fright Night,2011,6.4,119039
From Up on Poppy Hill,2011,7.4,58322
Ghost Rider: Spirit of Vengeance,2011,4.4,132952
Gnomeo & Juliet,2011,5.9,63209
God Bless America,2011,7.1,73889
Goon,2011,6.8,93667
Grave Encounters,2011,6.1,70183
Green Lantern,2011,5.5,306901
Hall Pass,2011,5.9,135451
Hanna,2011,6.7,213908
Happy Feet Two,2011,5.8,50402
Harry Potter and the Deathly Hallows: Part 2,2011,8.1,1030620
Haywire,2011,5.8,92514
Headhunters,2011,7.5,110763
Hobo with a Shotgun,2011,6.1,50283
Hop,2011,5.4,40053
Horrible Bosses,2011,6.9,485134
Hugo,2011,7.5,347374
Hysteria,2011,6.7,34034
I Am Number Four,2011,6.1,251996
Immortals,2011,6,182277
In the Land of Blood and Honey,2011,4.7,34907
In Time,2011,6.7,478735
Ironclad,2011,6.1,45090
J. Edgar,2011,6.5,137480
Jack and Jill,2011,3.3,95224
Jane Eyre,2011,7.3,97079
"Jeff, Who Lives at Home",2011,6.4,66321
Jiro Dreams of Sushi,2011,7.8,39505
Johnny English Reborn,2011,6.3,148283
Just Go with It,2011,6.4,285766
Justin Bieber: Never Say Never,2011,1.7,76571
Kill List,2011,6.4,49215
Kill the Irishman,2011,7,54290
Killer Elite,2011,6.4,140272
Killer Joe,2011,6.7,87327
Kung Fu Panda 2,2011,7.3,350922
Larry Crowne,2011,6.1,76128
Le Havre,2011,7.2,25132
Like Crazy,2011,6.6,64408
Limitless,2011,7.4,640950
Losers' Club,2011,7.4,26730
Machine Gun Preacher,2011,6.7,70917
Margin Call,2011,7.1,159167
Mars Needs Moms,2011,5.4,25150
Martha Marcy May Marlene,2011,6.8,58223
Melancholia,2011,7.1,206347
Midnight in Paris,2011,7.6,468107
Mission: Impossible - Ghost Protocol,2011,7.4,561299
Moneyball,2011,7.6,501458
Monte Carlo,2011,5.8,51860
Mr. Popper's Penguins,2011,6,111765
My Week with Marilyn,2011,6.9,91243
New Year's Eve,2011,5.6,92536
No Strings Attached,2011,6.2,253737
Once Upon a Time in Anatolia,2011,7.8,53289
One Day,2011,7,178162
"Oslo, August 31st",2011,7.6,32915
Our Idiot Brother,2011,6.4,92247
Paranormal Activity 3,2011,5.8,103781
Paul,2011,6.9,279015
Perfect Sense,2011,7,66711
Pirates of the Caribbean: On Stranger Tides,2011,6.6,600684
Priest,2011,5.7,128840
Puncture,2011,6.8,25520
Puss in Boots,2011,6.6,208352
Ra.One,2011,5,51237
Rampart,2011,5.8,26003
Rango,2011,7.3,314705
Real Steel,2011,7.1,377157
Red Riding Hood,2011,5.4,118966
Red State,2011,6.1,69794
Rio,2011,6.9,269008
Rise of the Planet of the Apes,2011,7.6,601503
Rockstar,2011,7.8,54318
Salmon Fishing in the Yemen,2011,6.8,68761
Samsara,2011,8.4,39665
Sanctum,2011,5.9,58502
Scream 4,2011,6.2,186266
Season of the Witch,2011,5.4,102167
Seeking Justice,2011,6.1,49165
Shame,2011,7.2,215667
Shark Night,2011,4.1,28171
Sherlock Holmes: A Game of Shadows,2011,7.4,499053
Silenced,2011,8,26627
Silent House,2011,5.2,25554
Sleep Tight,2011,7.2,49469
Sleeping Beauty,2011,5.3,36183
Something Borrowed,2011,5.8,67161
Soul Surfer,2011,7,55315
Source Code,2011,7.5,577500
Spy Kids 4: All the Time in the World,2011,3.6,30319
Straw Dogs,2011,5.8,37505
Sucker Punch,2011,6.1,259984
Super 8,2011,7,378698
Take Me Home Tonight,2011,6.3,57393
Take Shelter,2011,7.3,114745
Take This Waltz,2011,6.5,31198
The Adjustment Bureau,2011,7,280566
The Adventures of Tintin,2011,7.3,253000
The Art of Getting By,2011,6.5,62107
The Artist,2011,7.8,254400
The Awakening,2011,6.5,71627
The Beaver,2011,6.6,52035
The Best Exotic Marigold Hotel,2011,7.2,103313
The Big Year,2011,6.2,50441
The Cabin in the Woods,2011,7,485257
The Change-Up,2011,6.3,203536
The Darkest Hour,2011,4.9,65833
The Descendants,2011,7.3,258584
The Devil's Double,2011,7,65203
The Dilemma,2011,5.3,58580
The Divide,2011,5.7,40180
The Double,2011,5.9,32490
The Eagle,2011,6.2,77024
The Flowers of War,2011,7.5,57993
The Girl with the Dragon Tattoo,2011,7.8,523950
The Green Hornet,2011,5.8,168396
The Grey,2011,6.7,272729
The Guard,2011,7.3,100687
The Hangover Part II,2011,6.5,570811
The Help,2011,8.1,523882
The Hidden Face,2011,7.3,48982
The Human Centipede 2 (Full Sequence),2011,3.8,47056
The Hunter,2011,6.7,42547
The Ides of March,2011,7.1,237837
The Inbetweeners,2011,6.7,90327
The Innkeepers,2011,5.5,39154
The Intouchables,2011,8.5,1012212
The Iron Lady,2011,6.4,116418
The Kid with a Bike,2011,7.4,29393
The Lincoln Lawyer,2011,7.3,267716
The Mechanic,2011,6.5,181493
The Muppets,2011,7.1,100234
The Raid: Redemption,2011,7.6,228229
The Resident,2011,5.3,30496
The Rite,2011,6,105657
The Roommate,2011,4.8,43423
The Rum Diary,2011,6.1,109857
The Sitter,2011,5.6,74531
The Skin I Live In,2011,7.6,178473
The Smurfs,2011,5.4,103297
The Thing,2011,6.2,153449
The Three Musketeers,2011,5.7,115197
The Tree of Life,2011,6.8,191186
The Tunnel,2011,5.8,25412
The Twilight Saga: Breaking Dawn - Part 1,2011,5,270202
The Woman,2011,6,27360
This Must Be the Place,2011,6.7,38395
Thor,2011,7,955180
Tinker Tailor Soldier Spy,2011,7,224497
Tower Heist,2011,6.2,156517
Transformers: Dark of the Moon,2011,6.2,452029
Trespass,2011,5.3,47241
Tyrannosaur,2011,7.5,35101
Unknown,2011,6.8,275592
War Horse,2011,7.2,171862
Warrior,2011,8.1,524360
Water for Elephants,2011,6.9,123577
We Bought a Zoo,2011,7,159133
We Need to Talk About Kevin,2011,7.4,179208
Weekend,2011,7.6,34313
What's Your Number?,2011,6.1,91311
Win Win,2011,7.1,56172
Winnie the Pooh,2011,7.1,30445
X-Men: First Class,2011,7.7,758538
You're Next,2011,6.6,118019
Young Adult,2011,6.3,89736
Your Highness,2011,5.5,107228
Your Sister's Sister,2011,6.7,29047
Zindagi Na Milegi Dobara,2011,8.2,94474
Zookeeper,2011,5.2,69020
[REC] 3: Genesis,2012,5,40832
21 Jump Street,2012,7.2,638112
A Royal Affair,2012,7.5,53643
A Thousand Words,2012,5.9,47089
Abraham Lincoln: Vampire Hunter,2012,5.9,167324
Act of Valor,2012,6.4,73682
Agneepath,2012,6.9,28526
Alex Cross,2012,5.2,36634
American Mary,2012,6.2,30562
American Reunion,2012,6.7,232359
Amour,2012,7.9,109879
Anna Karenina,2012,6.6,111545
Arbitrage,2012,6.6,57274
Argo,2012,7.7,661398
ATM,2012,4.7,26604
Bachelorette,2012,5.3,50155
Barfi!,2012,8.1,92764
Battleship,2012,5.8,267616
Beasts of the Southern Wild,2012,7.2,86549
Brave,2012,7.1,473752
Bullet to the Head,2012,5.7,54085
Byzantium,2012,6.5,48278
Celeste & Jesse Forever,2012,6.6,34988
Chasing Mavericks,2012,7.1,35919
Chernobyl Diaries,2012,5.1,70314
Chinese Zodiac,2012,6,25974
Chronicle,2012,7,275378
Cloud Atlas,2012,7.3,384903
Compliance,2012,6.4,40273
Conquest 1453,2012,6.4,59806
Contraband,2012,6.4,128789
Cosmopolis,2012,5.1,51901
Dark Shadows,2012,6.2,292589
Deadfall,2012,6.2,42183
Diary of a Wimpy Kid: Dog Days,2012,6.3,33458
Disconnect,2012,7.5,79865
Django Unchained,2012,8.5,1854586
Dredd,2012,7.1,309890
Eega,2012,7.7,29977
Ek Tha Tiger,2012,5.7,42199
End of Watch,2012,7.6,288689
English Vinglish,2012,7.8,44618
Erased,2012,6,34172
Excision,2012,6.1,26492
Fire with Fire,2012,5.6,28476
Flight,2012,7.3,394258
Frances Ha,2012,7.4,101276
Frankenweenie,2012,6.9,125281
Gambit,2012,5.7,26725
Gangs of Wasseypur,2012,8.2,112553
Get the Gringo,2012,6.9,114347
Gone,2012,5.9,47924
Grave Encounters 2,2012,5.1,29816
Here Comes the Boom,2012,6.4,98605
Hit and Run,2012,6.1,38750
Hitchcock,2012,6.8,83013
Holy Motors,2012,7,50980
Hope Springs,2012,6.3,45688
Hotel Transylvania,2012,7,308826
House at the End of the Street,2012,5.5,84181
Ice Age: Continental Drift,2012,6.5,240832
In the House,2012,7.3,35744
Iron Sky,2012,5.9,98439
Jab Tak Hai Jaan,2012,6.7,62282
Jack Reacher,2012,7,387729
John Carter,2012,6.6,297275
John Dies at the End,2012,6.3,41605
Journey 2: The Mysterious Island,2012,5.7,119668
Kahaani,2012,8.1,69441
Killing Them Softly,2012,6.2,159311
Kon-Tiki,2012,7.1,54149
Lawless,2012,7.2,261366
Les Misérables,2012,7.5,359728
Liberal Arts,2012,6.7,41844
Life of Pi,2012,7.9,694995
Lincoln,2012,7.3,282906
Lockout,2012,6,103064
LOL,2012,4.4,59697
Looper,2012,7.4,624915
Madagascar 3: Europe's Most Wanted,2012,6.8,214184
Magic Mike,2012,6.1,151794
Man on a Ledge,2012,6.6,161760
Maniac,2012,6.1,42436
Men in Black³,2012,6.8,408290
Mirror Mirror,2012,5.6,94639
Moonrise Kingdom,2012,7.8,380342
Mud,2012,7.4,198183
No,2012,7.4,27018
No One Lives,2012,6,26642
Now Is Good,2012,7,35578
OMG: Oh My God!,2012,8.1,70445
On the Road,2012,6,44559
One for the Money,2012,5.3,45146
Paan Singh Tomar,2012,8.2,39772
Paranormal Activity 4,2012,4.7,73378
ParaNorman,2012,7,116591
Parental Guidance,2012,6,27481
Passion,2012,5.3,25214
People Like Us,2012,7,44918
Piranha 3DD,2012,3.8,47596
Pitch Perfect,2012,7.1,347460
Playing for Keeps,2012,5.7,32158
Premium Rush,2012,6.5,121922
Project X,2012,6.7,253838
Prometheus,2012,7,690864
Promised Land,2012,6.6,40771
Red Dawn,2012,5.3,83352
Red Lights,2012,6.2,70258
Red Tails,2012,5.9,38399
Resident Evil: Retribution,2012,5.3,157268
Rise of the Guardians,2012,7.2,207274
Robot & Frank,2012,7,67041
Rock of Ages,2012,5.9,84177
Rowdy Rathore,2012,5.8,26630
Ruby Sparks,2012,7.2,108513
Rurouni Kenshin Part I: Origins,2012,7.4,30938
Rust and Bone,2012,7.4,72714
Safe,2012,6.5,123789
Safe House,2012,6.7,247946
Safety Not Guaranteed,2012,6.9,134481
Savages,2012,6.4,138102
Searching for Sugar Man,2012,8.2,75802
Seeking a Friend for the End of the World,2012,6.7,122752
Seven Psychopaths,2012,7.1,285825
Sightseers,2012,6.5,31403
Silent Hill: Revelation,2012,4.9,70029
Silver Linings Playbook,2012,7.7,768992
Sinister,2012,6.8,311884
Skyfall,2012,7.8,765254
Snow White and the Huntsman,2012,6.1,313279
Spring Breakers,2012,5.3,153588
Stand Up Guys,2012,6.4,59379
Step Up: Revolution,2012,6.4,59699
Stolen,2012,5.5,47471
Stuck in Love.,2012,7.2,95070
Taken 2,2012,6.2,335025
Talaash: The Answer Lies Within,2012,7.3,48246
Ted,2012,6.9,701552
Thanks for Sharing,2012,6.4,30285
That's My Boy,2012,5.6,119851
The Act of Killing,2012,8.2,43705
The Amazing Spider-Man,2012,6.9,753896
The Angels' Share,2012,7,28064
The Avengers,2012,8,1541242
The Bay,2012,5.7,32311
The Body,2012,7.6,78171
The Bourne Legacy,2012,6.6,326272
The Broken Circle Breakdown,2012,7.7,44985
The Campaign,2012,6.1,140832
The Cold Light of Day,2012,4.9,41101
The Collection,2012,6.1,57331
The Company You Keep,2012,6.4,37230
The Dark Knight Rises,2012,8.4,1968340
The Devil Inside,2012,4.2,38380
The Dictator,2012,6.5,361618
The Expendables 2,2012,6.6,332712
The First Time,2012,6.8,75353
The Five-Year Engagement,2012,6.2,104822
The Guilt Trip,2012,5.8,41502
The Hobbit: An Unexpected Journey,2012,7.8,919408
The Hunger Games,2012,7.2,1069345
The Hunt,2012,8.3,402794
The Iceman,2012,6.8,83158
The Impossible,2012,7.5,260761
The Imposter,2012,7.4,52472
The Lorax,2012,6.4,141794
The Lords of Salem,2012,5.2,34064
The Lucky One,2012,6.4,117732
The Man with the Iron Fists,2012,5.4,65346
The Master,2012,7.1,198746
The Mountain,2012,7.5,25628
The Odd Life of Timothy Green,2012,6.6,50034
The Pact,2012,5.7,26279
The Paperboy,2012,5.7,41578
The Perks of Being a Wallflower,2012,7.9,586608
The Pirates! Band of Misfits,2012,6.7,53864
The Place Beyond the Pines,2012,7.3,305944
The Possession,2012,5.9,65565
The Raven,2012,6.4,90064
The Sessions,2012,7.2,44888
The Tall Man,2012,5.9,44743
The Three Stooges,2012,5.2,34463
The Twilight Saga: Breaking Dawn - Part 2,2012,5.6,279191
The Vow,2012,6.8,212320
The Watch,2012,5.7,137018
The Woman in Black,2012,6.4,198817
The Words,2012,7,84159
Think Like a Man,2012,6.5,52441
This Is 40,2012,6.2,158676
This Means War,2012,6.3,199802
Thuppakki,2012,8.1,40901
To Rome with Love,2012,6.3,92956
To the Wonder,2012,5.8,30764
Total Recall,2012,6.2,275206
Trouble with the Curve,2012,6.8,71639
Underworld: Awakening,2012,6.3,166592
Upside Down,2012,6.3,75565
V/H/S,2012,5.8,74830
Vicky Donor,2012,7.7,47714
Wanderlust,2012,5.6,82616
What Maisie Knew,2012,7.4,29276
What to Expect When You're Expecting,2012,5.7,77747
Wolf Children,2012,8.1,53930
Would You Rather,2012,5.7,49274
Wrath of the Titans,2012,5.7,202267
Wreck-It Ralph,2012,7.7,491965
Zero Dark Thirty,2012,7.4,337978
12 Years a Slave,2013,8.1,779403
2 Guns,2013,6.7,235892
21 & Over,2013,5.8,79394
42,2013,7.5,107740
47 Ronin,2013,6.2,178490
A Good Day to Die Hard,2013,5.2,222095
A Haunted House,2013,5.1,53938
Aashiqui 2,2013,7.1,37710
About Time,2013,7.8,426549
Admission,2013,5.7,37036
Adore,2013,6.2,38493
Afflicted,2013,6.2,27347
After Earth,2013,4.8,215663
Alan Partridge,2013,6.9,33948
All Is Lost,2013,6.9,87194
American Hustle,2013,7.2,515887
Anchorman 2: The Legend Continues,2013,6.3,200531
Anna,2013,6.4,26531
August: Osage County,2013,7.2,98931
Austenland,2013,6.3,25201
Bad Words,2013,6.6,57761
Beautiful Creatures,2013,6.1,93027
Before Midnight,2013,7.9,183667
Begin Again,2013,7.4,175164
Behind the Candelabra,2013,7,47017
Belle,2013,7.3,34637
Bhaag Milkha Bhaag,2013,8.2,77934
Blackfish,2013,8.1,75992
Blue Is the Warmest Colour,2013,7.6,171920
Blue Jasmine,2013,7.3,218954
Blue Ruin,2013,7.1,85503
Broken City,2013,6.1,85653
Captain Phillips,2013,7.8,515656
Carrie,2013,5.8,154750
Celal and Ceren,2013,3.3,44654
Charlie Countryman,2013,6.3,30663
Chennai Express,2013,6.2,71253
Cloudy with a Chance of Meatballs 2,2013,6.3,123894
Coherence,2013,7.2,168629
Curse of Chucky,2013,5.6,47182
Dallas Buyers Club,2013,7.9,543853
Dark Skies,2013,6.3,84185
Dead Man Down,2013,6.4,71669
Delivery Man,2013,6.3,85422
Department Q: The Keeper of Lost Causes,2013,7.2,35871
Despicable Me 2,2013,7.3,454390
Devil's Knot,2013,6.1,25400
Devil's Pass,2013,5.7,30148
Dhoom 3,2013,5.4,52962
Dom Hemingway,2013,6.1,28136
Don Jon,2013,6.5,253994
Dragon Ball Z: Battle of Gods,2013,7.1,31679
Drinking Buddies,2013,6.1,62315
Drishyam,2013,8.4,47313
Dügün Dernek,2013,6.9,25136
Elysium,2013,6.6,488329
Ender's Game,2013,6.6,263374
Enemy,2013,6.9,235235
Enough Said,2013,7,69487
Epic,2013,6.6,113725
Escape from Planet Earth,2013,5.8,27861
Escape Plan,2013,6.7,269048
Europa Report,2013,6.4,78687
Evil Dead,2013,6.5,210499
Fading Gigolo,2013,6.2,26177
Fast & Furious 6,2013,7,436352
Filth,2013,7,121344
Free Birds,2013,5.8,28181
Frozen,2013,7.4,705134
Fruitvale Station,2013,7.5,90649
G.I. Joe: Retaliation,2013,5.7,192218
Gangster Squad,2013,6.7,227967
Getaway,2013,4.4,25881
Gravity,2013,7.7,893707
Grown Ups 2,2013,5.4,187738
Grudge Match,2013,6.4,64635
Hansel & Gretel: Witch Hunters,2013,6.1,225407
Her,2013,8,719714
Homefront,2013,6.5,140272
Horns,2013,6.4,91317
Hours,2013,6.3,31760
How I Live Now,2013,6.4,33250
I Give It a Year,2013,5.7,40629
I Spit on Your Grave 2,2013,5.7,35831
I'm So Excited!,2013,5.6,25447
Ida,2013,7.4,62740
Identity Thief,2013,5.7,147449
In a World...,2013,6.6,33775
Inside Llewyn Davis,2013,7.4,170811
Insidious: Chapter 2,2013,6.6,200724
Instructions Not Included,2013,7.5,34162
Iron Man 3,2013,7.1,954370
Jack the Giant Slayer,2013,6.3,154196
Jackass Presents: Bad Grandpa,2013,6.5,100239
Jobs,2013,6,106719
Jodorowsky's Dune,2013,8,29164
Joe,2013,6.8,53239
Kai Po Che,2013,7.8,39806
Kick-Ass 2,2013,6.5,298684
Kill Your Darlings,2013,6.4,43066
Killing Season,2013,5.4,39963
Krrish 3,2013,5.4,28308
Labor Day,2013,6.9,55801
Last Vegas,2013,6.6,139811
"Like Father, Like Son",2013,7.8,30650
Locke,2013,7.1,167310
Lone Survivor,2013,7.5,321184
Lovelace,2013,6.2,44367
Machete Kills,2013,5.6,85179
Madras Cafe,2013,7.6,26546
Mama,2013,6.2,198562
Man of Steel,2013,7.1,859598
Man of Tai Chi,2013,6,42176
Mandela: Long Walk to Freedom,2013,7.1,29950
Miracle in Cell No. 7,2013,8.1,25830
Monsters University,2013,7.2,419392
Movie 43,2013,4.4,119317
Nebraska,2013,7.7,127892
New World,2013,7.5,28498
Now You See Me,2013,7.2,762747
Nymphomaniac: Vol. I,2013,6.9,137599
Nymphomaniac: Vol. II,2013,6.6,102752
Oblivion,2013,7,581712
Oculus,2013,6.5,148491
Odd Thomas,2013,6.8,61444
Oldboy,2013,5.8,84384
Olympus Has Fallen,2013,6.5,304696
One Direction: This Is Us,2013,4.4,25511
Only God Forgives,2013,5.7,122158
Only Lovers Left Alive,2013,7.2,114450
Open Grave,2013,6.1,32606
Out of the Furnace,2013,6.7,131119
Oz the Great and Powerful,2013,6.3,220486
Pacific Rim,2013,6.9,554541
Pain & Gain,2013,6.4,239827
Palo Alto,2013,6.1,33280
Paranoia,2013,5.6,40222
Parker,2013,6.2,135056
Percy Jackson: Sea of Monsters,2013,5.7,132955
Philomena,2013,7.6,106863
Planes,2013,5.7,51895
Prisoners,2013,8.2,913655
Queen,2013,8.1,71017
R.I.P.D.,2013,5.6,150484
Raanjhanaa,2013,7.6,37488
RED 2,2013,6.6,187560
Redemption,2013,6.2,81224
Riddick,2013,6.4,185154
Runner Runner,2013,5.6,67006
Rush,2013,8.1,552375
Safe Haven,2013,6.7,120466
Saving Mr. Banks,2013,7.5,174818
Scary Movie 5,2013,3.6,82495
Short Term 12,2013,7.9,94984
Side Effects,2013,7.1,203839
Snitch,2013,6.4,95441
Snowpiercer,2013,7.1,416358
Special 26,2013,8,61934
Star Trek Into Darkness,2013,7.7,508254
Starred Up,2013,7.3,51023
Stoker,2013,6.7,119493
Suck Me Shakespeer,2013,6.9,34155
Tangerines,2013,8.1,51347
Texas Chainsaw,2013,4.8,60003
The 100 Year-Old Man Who Climbed Out the Window and Disappeared,2013,7,44027
The Art of the Steal,2013,6.3,27075
The Best Offer,2013,7.8,135912
The Big Wedding,2013,5.6,53502
The Bling Ring,2013,5.6,95290
The Book Thief,2013,7.5,146878
The Butler,2013,7.2,123092
The Butterfly's Dream,2013,7.6,25932
The Call,2013,6.7,133813
The Colony,2013,5.3,49036
The Conjuring,2013,7.5,613752
The Counselor,2013,5.4,109278
The Croods,2013,7.1,248755
The Double,2013,6.4,55218
The East,2013,6.8,53767
The Family,2013,6.3,127265
The Fifth Estate,2013,6.2,43881
The Frozen Ground,2013,6.4,72122
The Garden of Words,2013,7.4,59262
The Grandmaster,2013,6.6,38365
The Great Beauty,2013,7.7,104975
The Great Gatsby,2013,7.2,635897
The Green Inferno,2013,5.4,54075
The Hangover Part III,2013,5.9,358465
The Heat,2013,6.6,187444
The Hobbit: The Desolation of Smaug,2013,7.8,746521
The Host,2013,5.8,121315
The Hunger Games: Catching Fire,2013,7.5,765417
The Immigrant,2013,6.6,35006
The Incredible Burt Wonderstone,2013,5.9,77840
The Internship,2013,6.3,225606
The Kings of Summer,2013,7.1,87138
The Last Days on Mars,2013,5.5,40485
The Last Stand,2013,6.3,149819
The Lone Ranger,2013,6.4,251556
The Lunchbox,2013,7.8,66685
The Machine,2013,6,32803
The Mortal Instruments: City of Bones,2013,5.8,142832
The Past,2013,7.7,52226
The Physician,2013,7.2,44360
The Purge,2013,5.8,257787
The Railway Man,2013,7.1,44267
The Secret Life of Walter Mitty,2013,7.3,366392
The Smurfs 2,2013,5.3,49931
The Spectacular Now,2013,7,167567
The Tale of The Princess Kaguya,2013,8,60717
The To Do List,2013,5.8,43883
The Way Way Back,2013,7.4,163126
The Wind Rises,2013,7.8,110887
The Wolf of Wall Street,2013,8.2,1752412
The Wolverine,2013,6.7,520061
The World's End,2013,6.9,310906
The Zero Theorem,2013,6,51464
Third Person,2013,6.3,30170
This Is the End,2013,6.6,451929
Thor: The Dark World,2013,6.7,768968
To Strike,2013,7.4,30092
Tracks,2013,7.1,32851
Trance,2013,6.9,120519
Turbo,2013,6.4,122785
Under the Skin,2013,6.3,168817
Upstream Color,2013,6.5,35959
V/H/S/2,2013,6,48216
Vishwaroopam,2013,7.9,43063
Warm Bodies,2013,6.8,253559
We're the Millers,2013,7,518743
Welcome to the Punch,2013,6.1,35537
What If,2013,6.8,84032
White House Down,2013,6.3,247249
World War Z,2013,7,774180
Yeh Jawaani Hai Deewani,2013,7.3,57037
Young & Beautiful,2013,6.7,40427
71,2014,7.2,64438
1: Nenokkadine,2014,7.9,47570
13 Sins,2014,6.3,41723
2 States,2014,6.9,28192
22 Jump Street,2014,7,434180
3 Days to Kill,2014,6.2,100873
300: Rise of an Empire,2014,6.2,327267
99 Homes,2014,7.1,41061
A Brilliant Young Mind,2014,7.1,31147
A Girl Walks Home Alone at Night,2014,6.9,40990
A Haunted House 2,2014,4.7,25547
A Little Chaos,2014,6.5,26664
A Long Way Down,2014,6.3,35541
A Million Ways to Die in the West,2014,6.1,208632
A Most Violent Year,2014,6.9,81149
A Most Wanted Man,2014,6.7,84064
A Walk Among the Tombstones,2014,6.5,131407
About Last Night,2014,6,25813
"Alexander and the Terrible, Horrible, No Good, Very Bad Day",2014,6.2,48640
American Sniper,2014,7.3,563403
Annabelle,2014,5.5,193339
Annie,2014,5.4,43046
"As Above, So Below",2014,6.3,128115
Automata,2014,6,61435
Backcountry,2014,6,26678
Bang Bang,2014,5.7,27792
Bangalore Days,2014,8.3,27639
Barefoot,2014,6.5,28748
Before I Go to Sleep,2014,6.3,88996
Before We Go,2014,6.8,68193
Big Eyes,2014,6.9,104037
Big Game,2014,5.4,36947
Big Hero 6,2014,7.8,545585
Birdman or (The Unexpected Virtue of Ignorance),2014,7.7,693184
Black Sea,2014,6.4,42924
Blended,2014,6.5,156076
Boyhood,2014,7.9,379882
Brick Mansions,2014,5.6,45525
Cake,2014,6.4,39966
Calvary,2014,7.4,67388
Camp X-Ray,2014,6.8,44168
Captain America: The Winter Soldier,2014,7.7,960631
Chef,2014,7.3,247786
Citizenfour,2014,8,59744
Clouds of Sils Maria,2014,6.7,32380
Clown,2014,5.7,29153
Cold in July,2014,6.7,39342
Coming Soon,2014,7.3,37048
Cooties,2014,5.7,30502
Cowspiracy: The Sustainability Secret,2014,8.1,27265
Creep,2014,6.3,81513
Dawn of the Planet of the Apes,2014,7.6,507897
Dead Snow 2: Red vs. Dead,2014,6.8,28254
Dear White People,2014,6.1,27149
Deliver Us from Evil,2014,6.2,90467
Department Q: The Absent One,2014,7.1,28547
Divergent,2014,6.6,514192
Dracula Untold,2014,6.2,221182
Draft Day,2014,6.8,72360
Dumb and Dumber To,2014,5.6,152342
Edge of Tomorrow,2014,7.9,795326
Endless Corridor,2014,8,42270
Endless Love,2014,6.2,49016
Ex Machina,2014,7.7,630932
Exodus: Gods and Kings,2014,6,185724
Force Majeure,2014,7.2,72080
Foxcatcher,2014,7,154258
Frank,2014,6.9,84305
Fury,2014,7.6,599035
Get on Up,2014,6.9,27056
God's Not Dead,2014,4.6,46629
Godzilla,2014,6.4,460900
Gone Girl,2014,8.1,1153616
Good Kill,2014,6.4,25711
Goodnight Mommy,2014,6.7,63655
Guardians of the Galaxy,2014,8,1348401
Gunday,2014,2.8,61174
Haider,2014,8,60440
Happy New Year,2014,5,43958
Heaven Is for Real,2014,5.9,29945
Hector and the Search for Happiness,2014,6.9,52408
Hercules,2014,6,170668
Highway,2014,7.6,32427
Holiday,2014,7.2,31763
Honeymoon,2014,5.7,28405
Horrible Bosses 2,2014,6.3,192191
Housebound,2014,6.7,39654
How to Train Your Dragon 2,2014,7.8,395985
I Origins,2014,7.3,139883
"I, Frankenstein",2014,5.1,85917
If I Stay,2014,6.7,130971
In Order of Disappearance,2014,7.1,30688
In Your Eyes,2014,6.9,32839
Inherent Vice,2014,6.6,118308
Interstellar,2014,8.7,2461685
Into the Storm,2014,5.8,73883
Into the Woods,2014,5.9,152911
It Follows,2014,6.8,295322
Jack Ryan: Shadow Recruit,2014,6.2,142371
Jersey Boys,2014,6.8,38247
Jessabelle,2014,5.4,27051
John Wick,2014,7.5,813494
Kaththi,2014,8.1,32609
Kick,2014,5.9,76582
Kill the Messenger,2014,6.9,49997
Kingsman: The Secret Service,2014,7.7,769115
Laggies,2014,6.4,47101
Last Shift,2014,5.8,27106
Left Behind,2014,3.1,44194
Let's Be Cops,2014,6.4,143691
Leviathan,2014,7.6,59463
Life After Beth,2014,5.7,25701
Life Is a Dream,2014,4,31281
Love & Mercy,2014,7.4,45209
"Love, Rosie",2014,7.1,166719
Lucy,2014,6.4,572660
Magic in the Moonlight,2014,6.5,73163
Maleficent,2014,6.9,421145
Maps to the Stars,2014,6.2,44362
Marshland,2014,7.2,38448
"Men, Women & Children",2014,6.6,34696
Million Dollar Arm,2014,7,49167
Mommy,2014,8,65074
Mr. Peabody & Sherman,2014,6.7,83223
Mr. Turner,2014,6.8,28468
Muppets Most Wanted,2014,6.4,38950
Need for Speed,2014,6.4,185592
Neighbors,2014,6.3,343253
Night at the Museum: Secret of the Tomb,2014,6.2,147363
Nightcrawler,2014,7.8,657772
Noah,2014,5.8,274799
Non-Stop,2014,6.9,285989
Obvious Child,2014,6.7,26954
Ouija,2014,4.5,61391
Paddington,2014,7.3,154022
Paranormal Activity: The Marked Ones,2014,5.1,47652
Pawn Sacrifice,2014,7,53589
Penguins of Madagascar,2014,6.6,113342
PK,2014,8.1,219935
Playing It Cool,2014,5.9,31771
Pompeii,2014,5.5,121725
Predestination,2014,7.4,330564
Pride,2014,7.8,64592
Rage,2014,5,26297
Redirected,2014,6.4,34965
Ride Along,2014,6.1,128621
Rio 2,2014,6.3,109561
RoboCop,2014,6.1,247828
Sabotage,2014,5.7,68605
Selma,2014,7.5,98593
Serena,2014,5.5,31853
Serial Bad Weddings,2014,7,47917
Seventh Son,2014,5.5,84063
Sex Tape,2014,5.1,122263
She's Funny That Way,2014,6.2,30480
Sin City: A Dame to Kill For,2014,6.5,177621
Son of a Gun,2014,6.4,30840
Son of Batman,2014,6.7,33719
Song of the Sea,2014,8,67331
Spring,2014,6.7,33537
St. Vincent,2014,7.2,112687
Step Up All In,2014,5.9,37279
Still Alice,2014,7.5,149612
Stonehearst Asylum,2014,6.8,64165
Stretch,2014,6.5,32778
Suite Française,2014,7,30238
Taken 3,2014,6,213548
Tammy,2014,4.9,56684
Teenage Mutant Ninja Turtles,2014,5.8,228560
Testament of Youth,2014,7.2,31690
That Awkward Moment,2014,6.1,110036
The Amazing Spider-Man 2,2014,6.6,580776
The Angriest Man in Brooklyn,2014,5.7,25237
The Babadook,2014,6.8,267394
The Bélier Family,2014,7.3,31121
The Best of Me,2014,6.7,80556
The Blue Elephant,2014,8,30909
The Book of Life,2014,7.2,83473
The Boxtrolls,2014,6.8,64444
The Captive,2014,5.9,37254
The Cobbler,2014,5.8,64446
The Drop,2014,7,168936
The Equalizer,2014,7.3,459601
The Expendables 3,2014,6.1,204604
The Fault in Our Stars,2014,7.6,421423
The Gambler,2014,6,77189
The Giver,2014,6.4,130000
The Good Lie,2014,7.4,35273
The Grand Budapest Hotel,2014,8.1,953584
The Guest,2014,6.7,113311
The Hobbit: The Battle of the Five Armies,2014,7.4,610981
The Homesman,2014,6.6,38142
The Hundred-Foot Journey,2014,7.3,90832
The Hunger Games: Mockingjay - Part 1,2014,6.6,539394
The Imitation Game,2014,8,869955
The Inbetweeners 2,2014,6.4,48750
The Interview,2014,6.5,373725
The Judge,2014,7.4,217150
The Legend of Hercules,2014,4.3,57490
The Lego Movie,2014,7.7,410911
The Little Death,2014,7,28531
The Loft,2014,6.3,63060
The Maze Runner,2014,6.8,554008
The Monuments Men,2014,6.1,147711
The November Man,2014,6.3,72882
The Nut Job,2014,5.7,32051
The One I Love,2014,7,46642
The Other Woman,2014,6,159483
The Purge: Anarchy,2014,6.4,171389
The Pyramid,2014,4.7,28799
The Raid 2,2014,7.9,137963
The Rover,2014,6.4,53924
The Salt of the Earth,2014,8.4,25090
The Salvation,2014,6.7,45885
The Signal,2014,6,72279
The Skeleton Twins,2014,6.8,46604
The Taking of Deborah Logan,2014,6,48402
The Theory of Everything,2014,7.7,504743
The Two Faces of January,2014,6.2,34988
The Voices,2014,6.3,66340
The Water Diviner,2014,7,80486
The Way He Looks,2014,7.9,29248
The Woman in Black 2: Angel of Death,2014,4.8,30395
They Came Together,2014,5.6,26266
This Is Where I Leave You,2014,6.7,93827
Time Lapse,2014,6.5,52426
Top Five,2014,6.4,28287
Transcendence,2014,6.2,245715
Transformers: Age of Extinction,2014,5.6,346675
Tusk,2014,5.4,71342
"Two Days, One Night",2014,7.3,52033
Two Night Stand,2014,6.3,76155
Unbroken,2014,7.2,196940
Unfriended,2014,5.6,86537
Vampire Academy,2014,5.4,58378
Veronica Mars,2014,6.7,56297
Walk of Shame,2014,6,58907
What We Did on Our Holiday,2014,6.9,25905
What We Do in the Shadows,2014,7.6,211875
When Marnie Was There,2014,7.6,54065
While We're Young,2014,6.3,55593
Whiplash,2014,8.5,1129007
White Bird in a Blizzard,2014,6.4,31052
Who Am I,2014,7.4,66192
Wild,2014,7.1,145257
Wild Tales,2014,8.1,235421
Winter Sleep,2014,8,58455
Winter's Tale,2014,6.1,58833
Wish I Was Here,2014,6.6,39647
X-Men: Days of Future Past,2014,7.9,782429
You're Not You,2014,7.3,27979
45 Years,2015,7.1,36418
A Bigger Splash,2015,6.4,36162
A Man Called Ove,2015,7.7,73802
A Walk in the Woods,2015,6.4,31933
Absolutely Anything,2015,6,53707
Aloha,2015,5.4,77305
Alvin and the Chipmunks: The Road Chip,2015,4.9,25339
American Ultra,2015,6.1,99697
Amy,2015,7.8,57575
Anomalisa,2015,7.2,78251
Ant-Man,2015,7.2,771234
Avengers: Age of Ultron,2015,7.3,987171
Baahubali: The Beginning,2015,8,151718
Baby,2015,7.9,62841
Badlapur,2015,7.4,28392
Bajirao Mastani,2015,7.3,41890
Bajrangi Bhaijaan,2015,8.1,109499
Beasts of No Nation,2015,7.7,90619
Black Mass,2015,6.8,201162
Blackhat,2015,5.5,67025
Bone Tomahawk,2015,7.1,137495
Bridge of Spies,2015,7.6,342073
Brooklyn,2015,7.5,157576
Burnt,2015,6.6,141245
Carol,2015,7.3,152351
Chappie,2015,6.8,281896
Child 44,2015,6.4,79223
Cinderella,2015,6.9,203425
Circle,2015,6,72054
Cobain: Montage of Heck,2015,7.5,33225
Code Name: K.O.Z.,2015,1.7,27590
Colonia,2015,7,59381
Concussion,2015,7.1,104262
Cop Car,2015,6.3,36469
Creed,2015,7.6,330325
Crimson Peak,2015,6.5,167975
Daddy's Home,2015,6.2,138050
Danny Collins,2015,7,34695
Dark Places,2015,6.2,49586
Demolition,2015,7,130411
Detective Byomkesh Bakshy!,2015,7.6,25360
Dilwale,2015,5.1,41487
Dope,2015,7.2,91457
Dragon Ball Z: Resurrection 'F',2015,7.1,25523
Drishyam,2015,8.2,106648
Eddie the Eagle,2015,7.3,105989
Embrace of the Serpent,2015,7.8,25671
Entourage,2015,6.5,85310
Equals,2015,6,34272
Everest,2015,7.1,245129
Eye in the Sky,2015,7.3,95420
Fantastic Four,2015,4.3,191081
Far from the Madding Crowd,2015,7.1,57060
Fathers & Daughters,2015,7,30350
Fifty Shades of Grey,2015,4.2,352991
Focus,2015,6.6,292513
Furious 7,2015,7.1,435613
Gabbar Is Back,2015,7,29274
Get Hard,2015,6,154108
Going Clear: Scientology & the Prison of Belief,2015,8,42265
Goosebumps,2015,6.3,101443
Green Room,2015,7,151829
Guilty,2015,8.1,42864
Hardcore Henry,2015,6.7,107796
Heist,2015,6.1,34193
Hell House LLC,2015,6.4,34645
Hidden,2015,6.4,28706
High-Rise,2015,5.5,47202
Hitman: Agent 47,2015,5.7,100550
Home,2015,6.5,119874
Hot Pursuit,2015,5.2,57130
Hot Tub Time Machine 2,2015,5,44498
Hotel Transylvania 2,2015,6.6,159178
I,2015,7.4,25296
In the Heart of the Sea,2015,6.9,157684
Inside Out,2015,8.1,899143
Insidious: Chapter 3,2015,6.1,126973
Ip Man 3,2015,7,63908
Irrational Man,2015,6.6,70037
Jane Got a Gun,2015,5.9,25035
Joy,2015,6.6,151551
Jupiter Ascending,2015,5.3,200638
Jurassic World,2015,6.9,721354
Knight of Cups,2015,5.6,31486
Knock Knock,2015,4.9,113918
Krampus,2015,6.2,94133
Land of Mine,2015,7.8,48777
Last Knights,2015,6.2,47451
Legend,2015,6.9,220840
Look Who's Back,2015,7,53337
Love,2015,6.1,73161
Love the Coopers,2015,5.8,29810
Macbeth,2015,6.6,61450
Mad Max: Fury Road,2015,8.1,1194427
Maggie,2015,5.6,48560
Magic Mike XXL,2015,5.6,63273
Man Up,2015,6.8,59181
Masaan,2015,8.1,34869
Max,2015,6.6,29677
Maze Runner: The Scorch Trials,2015,6.3,302641
"McFarland, USA",2015,7.4,45909
Me and Earl and the Dying Girl,2015,7.7,143821
Minions,2015,6.4,280533
Mission: Impossible - Rogue Nation,2015,7.4,442094
Mississippi Grind,2015,6.4,27440
Mistress America,2015,6.7,29517
Mortdecai,2015,5.5,79520
Mr. Holmes,2015,6.8,70019
Mr. Right,2015,6.3,65117
Mustang,2015,7.6,42636
No Escape,2015,6.8,97880
Pan,2015,5.7,69187
Paper Towns,2015,6.2,111223
Paranormal Activity: The Ghost Dimension,2015,4.6,32923
Paul Blart: Mall Cop 2,2015,4.5,44176
Piku,2015,7.6,36414
Pitch Perfect 2,2015,6.4,178600
Pixels,2015,5.6,176328
Point Break,2015,5.3,68728
Poltergeist,2015,4.9,64218
Prem Ratan Dhan Payo,2015,4.4,25766
Premam,2015,8.3,27715
Project Almanac,2015,6.4,87338
Regression,2015,5.6,44660
Remember,2015,7.5,29533
Ricki and the Flash,2015,6,25766
Room,2015,8.1,476536
Run All Night,2015,6.6,119370
San Andreas,2015,6.1,273147
Scouts Guide to the Zombie Apocalypse,2015,6.3,59924
Secret in Their Eyes,2015,6.3,54512
Self/less,2015,6.5,107395
Shaun the Sheep Movie,2015,7.3,46294
Sicario,2015,7.7,527453
Sinister 2,2015,5.3,66398
Sisters,2015,6,72978
Sleeping with Other People,2015,6.5,50921
Slow West,2015,6.9,49750
Solace,2015,6.4,73326
Son of Saul,2015,7.4,54065
Southpaw,2015,7.3,275138
Spectre,2015,6.8,490639
Spotlight,2015,8.1,530143
Spy,2015,7,272150
Star Wars: Episode VII - The Force Awakens,2015,7.7,1017206
Steve Jobs,2015,7.2,186015
Straight Outta Compton,2015,7.8,232062
Suffragette,2015,6.9,46197
Survivor,2015,5.7,37220
Tale of Tales,2015,6.4,33036
Tamasha,2015,7.4,35688
Tangerine,2015,7.1,42448
Tanu Weds Manu Returns,2015,7.6,30529
Ted 2,2015,6.3,256255
Terminator Genisys,2015,6.3,305169
The 33,2015,6.9,41448
The Age of Adaline,2015,7.2,225766
The Big Short,2015,7.8,530571
The Blackcoat's Daughter,2015,5.9,31451
The Boy and the Beast,2015,7.6,29368
The Boy Next Door,2015,4.7,47992
The Brand New Testament,2015,7.1,36824
The Danish Girl,2015,7.1,205587
The Diary of a Teenage Girl,2015,6.8,35170
The Divergent Series: Insurgent,2015,6.2,269099
The Dressmaker,2015,7,70172
The DUFF,2015,6.4,106389
The End of the Tour,2015,7.2,34353
The Final Girls,2015,6.5,56554
The Gift,2015,7,183415
The Good Dinosaur,2015,6.7,137820
The Gunman,2015,5.8,44914
The Hateful Eight,2015,7.8,713641
The Hunger Games: Mockingjay - Part 2,2015,6.6,407747
The Intern,2015,7.1,304818
The Invitation,2015,6.6,127756
The Lady in the Van,2015,6.7,34190
The Last Witch Hunter,2015,5.9,115683
The Lazarus Effect,2015,5.2,48384
The Little Prince,2015,7.6,70681
The Lobster,2015,7.1,329089
The Longest Ride,2015,7.1,93763
The Man from U.N.C.L.E.,2015,7.2,353961
The Man Who Knew Infinity,2015,7.2,66184
The Martian,2015,8,993883
The Night Before,2015,6.4,89841
The Peanuts Movie,2015,7,52926
The Revenant,2015,8,936160
The Ridiculous 6,2015,4.9,57809
The Second Best Exotic Marigold Hotel,2015,6.5,37491
The SpongeBob Movie: Sponge Out of Water,2015,6,66737
The Stanford Prison Experiment,2015,6.8,47851
The Transporter Refueled,2015,5.2,47157
The Visit,2015,6.3,170997
The Walk,2015,7.3,140731
The Wave,2015,6.6,45894
The Wedding Ringer,2015,6.6,84275
The Witch,2015,7,346324
Tomorrowland,2015,6.4,198471
Trainwreck,2015,6.2,146649
True Story,2015,6.3,75446
Trumbo,2015,7.4,87171
Turbo Kid,2015,6.7,30958
Unfinished Business,2015,5.4,36738
Vacation,2015,6.2,130854
Victor Frankenstein,2015,6,63260
Victoria,2015,7.6,66578
We Are Your Friends,2015,6.2,42255
Where to Invade Next,2015,7.5,26401
Wild Card,2015,5.6,63860
Woman in Gold,2015,7.3,65649
Youth,2015,7.3,87680
Z for Zachariah,2015,6,34322
10 Cloverfield Lane,2016,7.2,380320
13 Hours: The Secret Soldiers of Benghazi,2016,7.3,177058
13th,2016,8.2,39060
20th Century Women,2016,7.3,51880
24,2016,7.9,26223
A Cure for Wellness,2016,6.4,121683
A Hologram for the King,2016,6.1,49462
A Monster Calls,2016,7.4,98183
A Silent Voice: The Movie,2016,8.2,134787
A Street Cat Named Bob,2016,7.3,36529
Ae Dil Hai Mushkil,2016,5.9,28554
Airlift,2016,7.9,61286
Alice Through the Looking Glass,2016,6.2,133033
Allied,2016,7.1,178474
Amanda Knox,2016,6.9,27349
American Honey,2016,7,49357
Anthropoid,2016,7.2,58414
ARQ,2016,6.3,43748
Arrival,2016,7.9,848187
Assassin's Creed,2016,5.6,217628
Bad Moms,2016,6.2,140311
Bad Santa 2,2016,5.6,31502
Batman v Superman: Dawn of Justice,2016,6.4,786070
Batman: The Killing Joke,2016,6.4,65056
Before I Wake,2016,6.2,55652
Before the Flood,2016,8.2,29558
Ben-Hur,2016,5.7,49196
Better Watch Out,2016,6.5,52132
Billy Lynn's Long Halftime Walk,2016,6.2,25064
Blair Witch,2016,5,52892
Bleed for This,2016,6.8,33222
Blood Father,2016,6.4,70452
Brain on Fire,2016,6.6,25961
Bridget Jones's Baby,2016,6.4,90499
Brimstone,2016,7,48688
Café Society,2016,6.6,84332
Captain America: Civil War,2016,7.8,915166
Captain Fantastic,2016,7.8,248492
Cell,2016,4.5,32745
Central Intelligence,2016,6.3,234642
Collateral Beauty,2016,6.8,108673
Colossal,2016,6.2,73103
Criminal,2016,6.3,74362
Dangal,2016,8.3,238260
Deadpool,2016,8,1237977
Dear Zindagi,2016,7.4,47069
Deepwater Horizon,2016,7.1,196630
Dirty Grandpa,2016,5.9,140693
Doctor Strange,2016,7.5,868892
Don't Breathe,2016,7.1,326803
Elle,2016,7.1,74078
Everybody Wants Some!!,2016,6.9,63629
Fan,2016,6.8,53304
Fantastic Beasts and Where to Find Them,2016,7.2,536032
Fences,2016,7.2,124380
Finding Dory,2016,7.2,329423
Florence Foster Jenkins,2016,6.8,61883
Free Fire,2016,6.3,52977
Free State of Jones,2016,6.9,67658
Friend Request,2016,5.2,28883
Get a Job,2016,5.3,27453
Ghostbusters,2016,6.8,257005
Gods of Egypt,2016,5.4,134483
Gold,2016,6.7,73592
Hacksaw Ridge,2016,8.1,666876
"Hail, Caesar!",2016,6.3,148939
Hell or High Water,2016,7.6,273044
Hidden Figures,2016,7.8,284122
How to Be Single,2016,6.1,98385
Hunt for the Wilderpeople,2016,7.8,151382
Hush,2016,6.6,167586
"I, Daniel Blake",2016,7.8,67808
Ice Age: Collision Course,2016,5.7,84264
Imperium,2016,6.5,53042
Independence Day: Resurgence,2016,5.2,198067
Inferno,2016,6.2,200500
It's Only the End of the World,2016,6.8,26147
Jack Reacher: Never Go Back,2016,6.2,190934
Jackie,2016,6.6,86590
Jason Bourne,2016,6.6,255087
Julieta,2016,7.1,35244
Kapoor & Sons,2016,7.7,33578
Keanu,2016,6.2,54671
Keeping Up with the Joneses,2016,5.9,71614
Kubo and the Two Strings,2016,7.7,145520
Kung Fu Panda 3,2016,7.1,213346
La La Land,2016,8,746968
Lady Macbeth,2016,6.8,29566
Leap!,2016,6.8,26385
Lights Out,2016,6.3,150936
Lion,2016,8,264287
Live by Night,2016,6.4,61919
London Has Fallen,2016,5.9,179007
Love & Friendship,2016,6.4,27528
Loving,2016,7,38332
M.S. Dhoni: The Untold Story,2016,8,74831
Manchester by the Sea,2016,7.8,349792
Masterminds,2016,5.8,64878
Maudie,2016,7.6,25239
Me Before You,2016,7.4,326396
Mechanic: Resurrection,2016,5.7,101610
Meet the Blacks,2016,4.8,38476
Midnight Special,2016,6.6,86290
Mike and Dave Need Wedding Dates,2016,6,99298
Miracles from Heaven,2016,7.1,31387
Mirror Game,2016,8.9,30876
Miss Peregrine's Home for Peculiar Children,2016,6.7,206197
Miss Sloane,2016,7.5,87714
Moana,2016,7.6,433249
Money Monster,2016,6.5,111411
Moonlight,2016,7.4,348642
Morgan,2016,5.9,49408
Mother's Day,2016,5.7,41894
Mr. Church,2016,7.6,33262
My Big Fat Greek Wedding 2,2016,6,37479
My Life as a Zucchini,2016,7.8,32400
Neerja,2016,7.6,25057
Neighbors 2: Sorority Rising,2016,5.7,136280
Nerve,2016,6.5,146471
Nine Lives,2016,5.3,25563
Nocturnal Animals,2016,7.4,335455
Now You See Me 2,2016,6.4,355636
Office Christmas Party,2016,5.9,93803
Ouija: Origin of Evil,2016,6.2,81399
Our Kind of Traitor,2016,6.3,25558
Passengers,2016,7,488959
Paterson,2016,7.3,94453
Patriots Day,2016,7.3,121055
Perfect Strangers,2016,7.7,76442
Personal Shopper,2016,6.1,45481
Pete's Dragon,2016,6.7,64002
Pink,2016,8,51728
Popstar: Never Stop Never Stopping,2016,6.7,73371
Pride and Prejudice and Zombies,2016,5.8,63842
Race,2016,7.1,43570
Raw,2016,6.9,95626
Resident Evil: The Final Chapter,2016,5.5,106985
Ride Along 2,2016,5.9,66796
Risen,2016,6.3,32715
Rogue One: A Star Wars Story,2016,7.8,745916
Rustom,2016,7,31098
Sausage Party,2016,6.1,224625
Shin Godzilla,2016,6.9,44578
Silence,2016,7.2,131861
Sing,2016,7.1,209444
Sing Street,2016,7.9,106691
Smolensk,2016,1.2,40426
Snowden,2016,7.3,171325
Special Correspondents,2016,5.9,27352
Spectral,2016,6.3,69543
Split,2016,7.3,612927
Star Trek Beyond,2016,7,268290
Storks,2016,6.8,71676
Suicide Squad,2016,5.9,753977
Sully,2016,7.4,319088
Sultan,2016,7.1,58255
Swiss Army Man,2016,6.9,139552
Teenage Mutant Ninja Turtles: Out of the Shadows,2016,5.9,105414
Terrifier,2016,5.5,92562
The 5th Wave,2016,5.2,125131
The Accountant,2016,7.3,389631
The Angry Birds Movie,2016,6.3,115088
The Autopsy of Jane Doe,2016,6.8,161281
The Bad Batch,2016,5.2,37511
The Belko Experiment,2016,6.2,66015
The BFG,2016,6.3,98542
The Boss,2016,5.4,50367
The Boy,2016,6,107376
The Brothers Grimsby,2016,6.2,118536
The Choice,2016,6.5,49062
The Conjuring 2,2016,7.3,337624
The Divergent Series: Allegiant,2016,5.7,144720
The Do-Over,2016,5.7,56210
The Edge of Seventeen,2016,7.3,149515
The Finest Hours,2016,6.7,74131
The Forest,2016,4.8,47512
The Founder,2016,7.2,201199
The Fundamentals of Caring,2016,7.3,85780
The Girl on the Train,2016,6.5,209383
The Girl with All the Gifts,2016,6.6,68367
The Great Wall,2016,5.9,157907
The Handmaiden,2016,8.1,198099
The Huntsman: Winter's War,2016,6.1,125765
The Infiltrator,2016,7,84304
The Invisible Guest,2016,8,209789
The Jungle Book,2016,7.3,303620
The Legend of Tarzan,2016,6.2,196408
The Light Between Oceans,2016,7.2,62567
The Lost City of Z,2016,6.6,104945
The Magnificent Seven,2016,6.9,242683
The Mountain II,2016,8.2,112384
The Neon Demon,2016,6.1,109946
The Nice Guys,2016,7.4,407335
The Promise,2016,6.1,180163
The Purge: Election Year,2016,6,117942
The Red Turtle,2016,7.5,41466
The Salesman,2016,7.7,68222
The Secret Life of Pets,2016,6.5,232883
The Shallows,2016,6.3,152347
The Siege of Jadotville,2016,7.2,47600
The Take,2016,6.3,54605
The Void,2016,5.9,46603
The Wailing,2016,7.4,96323
The Whole Truth,2016,6.2,36397
Theri,2016,7.4,26015
Toni Erdmann,2016,7.3,54604
Train to Busan,2016,7.6,299527
Triple 9,2016,6.3,80974
Trolls,2016,6.4,99318
True Memoirs of an International Assassin,2016,5.9,25640
Two Is a Family,2016,7.3,30039
Udta Punjab,2016,7.7,33845
Under the Shadow,2016,6.8,32228
Underworld: Blood Wars,2016,5.8,85389
War Dogs,2016,7.1,291133
Warcraft,2016,6.7,292939
Whiskey Tango Foxtrot,2016,6.6,58760
Why Him?,2016,6.2,134063
X-Men: Apocalypse,2016,6.8,488031
Your Name.,2016,8.4,381301
Zoolander 2,2016,4.7,80793
Zootopia,2016,8,615876
1922,2017,6.2,77519
2:22,2017,5.7,27359
47 Meters Down,2017,5.6,64728
6 Days,2017,6.2,26588
A Bad Moms Christmas,2017,5.6,62026
A Dog's Purpose,2017,7.3,85423
A Fantastic Woman,2017,7.2,28369
A Ghost Story,2017,6.8,85667
A Prayer Before Dawn,2017,6.8,27964
A Taxi Driver,2017,7.9,37088
Aftermath,2017,5.7,28226
Alien: Covenant,2017,6.4,340938
All Eyez on Me,2017,5.9,26024
All the Money in the World,2017,6.8,95787
American Assassin,2017,6.2,99388
American Made,2017,7.1,230033
Annabelle: Creation,2017,6.5,167755
Arjun Reddy,2017,7.9,29905
Atomic Blonde,2017,6.7,218351
Ayla: The Daughter of War,2017,8.2,47546
Baahubali 2: The Conclusion,2017,8.2,131604
Baby Driver,2017,7.5,673475
Bad Genius,2017,7.6,25244
Battle of the Sexes,2017,6.7,63115
Baywatch,2017,5.5,216329
Beauty and the Beast,2017,7.1,355231
Before I Fall,2017,6.4,59943
Berlin Syndrome,2017,6.3,29009
Between Family,2017,7.6,28365
Blade Runner 2049,2017,8,740757
Borg vs. McEnroe,2017,6.9,36044
Brawl in Cell Block 99,2017,7.1,82238
Breathe,2017,7.2,26335
Bright,2017,6.3,208616
Call Me by Your Name,2017,7.8,352512
Captain Underpants: The First Epic Movie,2017,6.2,36018
Cargo,2017,6.3,51802
Cars 3,2017,6.7,146124
CHIPS,2017,6,53749
Coco,2017,8.4,690668
Creep 2,2017,6.4,38934
Crimea,2017,3.4,33738
Crooked House,2017,6.3,30142
Cult of Chucky,2017,5.3,33572
Cumali Ceber,2017,1,39929
Daddy's Home 2,2017,6,91626
Darkest Hour,2017,7.4,240364
Death Note,2017,4.5,95116
Despicable Me 3,2017,6.3,176982
Detroit,2017,7.3,58569
Disobedience,2017,6.6,39609
Downsizing,2017,5.8,136422
Dunkirk,2017,7.8,796400
"Everything, Everything",2017,6.3,44304
Ferdinand,2017,6.7,70027
Fifty Shades Darker,2017,4.6,119935
First Reformed,2017,7.1,66770
Fist Fight,2017,5.6,48376
Flatliners,2017,5.2,53642
Forgotten,2017,7.4,59142
Geostorm,2017,5.4,131136
Gerald's Game,2017,6.5,140519
Get Out,2017,7.8,798644
Ghost in the Shell,2017,6.3,237958
Ghost Stories,2017,6.4,39674
Gifted,2017,7.6,156734
Girls Trip,2017,6.2,42520
God's Own Country,2017,7.6,40000
Going in Style,2017,6.6,97950
Good Time,2017,7.3,152350
Goodbye Christopher Robin,2017,7.1,31430
Guardians of the Galaxy Vol. 2,2017,7.6,817922
Happy Death Day,2017,6.6,182956
Hindi Medium,2017,7.9,35461
Home Again,2017,5.8,36795
Hostiles,2017,7.2,105815
Hot Summer Nights,2017,6.4,26680
I Don't Feel at Home in This World Anymore,2017,6.9,67143
I Kill Giants,2017,6.1,33852
"I, Tonya",2017,7.5,258507
iBoy,2017,5.9,25231
Icarus,2017,7.9,57593
In the Fade,2017,7.1,37472
Ingrid Goes West,2017,6.6,51105
It,2017,7.3,682598
It Comes at Night,2017,6.1,110042
Jeepers Creepers III,2017,3.9,26491
Jigsaw,2017,5.7,101415
Jim & Andy: The Great Beyond,2017,7.6,28865
John Wick: Chapter 2,2017,7.4,561572
Jolly LLB 2,2017,7.2,30527
Jumanji: Welcome to the Jungle,2017,6.9,494619
Jungle,2017,6.7,69656
Justice League,2017,6,501236
Kaabil,2017,7.2,32919
Kidnap,2017,5.9,40831
King Arthur: Legend of the Sword,2017,6.7,245177
Kingsman: The Golden Circle,2017,6.7,396894
Kong: Skull Island,2017,6.7,370494
Lady Bird,2017,7.4,359433
Last Flag Flying,2017,6.9,30251
Leatherface,2017,5,30878
Life,2017,6.6,274295
Logan,2017,8.1,914429
Logan Lucky,2017,7,175267
Loveless,2017,7.6,37257
Loving Vincent,2017,7.8,67561
Lucky,2017,7.3,28117
Marrowbone,2017,6.7,48635
Marshall,2017,7.3,28528
Mayhem,2017,6.4,29022
Megan Leavey,2017,7.1,29968
Mersal,2017,7.5,41726
Molly's Game,2017,7.4,201271
Mom and Dad,2017,5.6,29456
Mother!,2017,6.6,265555
Mudbound,2017,7.4,57015
Murder on the Orient Express,2017,6.5,318275
My Friend Dahmer,2017,6.2,25366
Okja,2017,7.3,140504
On Body and Soul,2017,7.5,31259
One Cut of the Dead,2017,7.6,34621
Only the Brave,2017,7.6,89546
Paddington 2,2017,7.8,111861
Papillon,2017,7.2,94542
Phantom Thread,2017,7.4,159299
Pirates of the Caribbean: Dead Men Tell No Tales,2017,6.5,379108
Pitch Perfect 3,2017,5.8,77483
Power Rangers,2017,5.9,118547
Professor Marston & the Wonder Women,2017,7,30156
Raees,2017,6.6,54401
Reis,2017,1,74498
Revenge,2017,6.4,63555
Rings,2017,4.5,45432
"Roman J. Israel, Esq.",2017,6.5,47492
Rough Night,2017,5.2,58407
Sand Castle,2017,6.3,30225
Secret Superstar,2017,7.7,31847
Seeking True Love,2017,7.5,28291
Shot Caller,2017,7.3,111709
Sleepless,2017,5.6,36238
Smurfs: The Lost Village,2017,6,27132
Snatched,2017,4.7,39078
Spider-Man: Homecoming,2017,7.4,784336
Star Wars: Episode VIII - The Last Jedi,2017,6.8,710878
Stronger,2017,6.9,53170
Suburbicon,2017,5.8,49534
Super Dark Times,2017,6.6,27124
T2 Trainspotting,2017,7.1,140217
Table 19,2017,5.8,32862
Terrified,2017,6.5,29361
The 12th Man,2017,7.3,31834
The Babysitter,2017,6.4,120192
The Bar,2017,6.3,30015
The Beguiled,2017,6.3,65659
The Big Sick,2017,7.5,149227
The Book of Henry,2017,6.6,30541
The Boss Baby,2017,6.3,155258
The Breadwinner,2017,7.7,30353
The Bye Bye Man,2017,4.3,27496
The Circle,2017,5.4,104764
The Current War,2017,6.5,33025
The Dark Tower,2017,5.6,154327
The Death of Stalin,2017,7.3,124748
The Disaster Artist,2017,7.3,170494
The Discovery,2017,6.2,39985
The Emoji Movie,2017,3.5,78333
The Endless,2017,6.5,55765
The Fate of the Furious,2017,6.6,271097
The Florida Project,2017,7.6,144708
The Foreigner,2017,7,131102
The Glass Castle,2017,7.1,40556
The Greatest Showman,2017,7.5,341637
The Hitman's Bodyguard,2017,6.9,260533
The House,2017,5.6,49891
The Killing of a Sacred Deer,2017,7,211357
The Lego Batman Movie,2017,7.3,189400
The Lego Ninjago Movie,2017,6.1,33554
The Little Hours,2017,5.8,28337
The Meyerowitz Stories,2017,6.9,56389
The Mountain Between Us,2017,6.4,87713
The Mummy,2017,5.4,219860
The Ottoman Lieutenant,2017,6.4,27099
The Post,2017,7.2,170630
The Ritual,2017,6.4,139498
The Shack,2017,6.3,42156
The Shape of Water,2017,7.3,470882
The Snowman,2017,5.2,76489
The Space Between Us,2017,6.4,58423
The Square,2017,7.1,82149
The Upside,2017,7.1,69104
The Wall,2017,6.2,34301
The Wife,2017,7.2,44831
The Zookeeper's Wife,2017,7,48891
Thelma,2017,6.9,39148
Thor: Ragnarok,2017,7.9,882220
Thoroughbreds,2017,6.6,48476
"Three Billboards Outside Ebbing, Missouri",2017,8.1,598593
Tiger Zinda Hai,2017,5.9,36372
Time Trap,2017,6.2,49281
To the Bone,2017,6.7,58490
Toilet: A Love Story,2017,7.2,25676
Transformers: The Last Knight,2017,5.2,183356
Unlocked,2017,6.3,40790
Valerian and the City of a Thousand Planets,2017,6.4,207776
Veronica,2017,6.2,52289
Victoria & Abdul,2017,6.8,39786
Vikram Vedha,2017,8.2,54893
War for the Planet of the Apes,2017,7.4,323512
War Machine,2017,6,52321
What Happened to Monday,2017,6.8,143207
What the Health,2017,7.2,31015
Wind River,2017,7.7,309386
Wish Upon,2017,5.1,25478
Wonder,2017,7.9,193938
Wonder Wheel,2017,6.2,32583
Wonder Woman,2017,7.3,730890
xXx: Return of Xander Cage,2017,5.2,101123
You Were Never Really Here,2017,6.7,134467
12 Strong,2018,6.5,99775
2,2018,6,30042
22 July,2018,6.8,40182
96,2018,8.5,43911
A Quiet Place,2018,7.5,648549
A Simple Favor,2018,6.7,188510
A Star Is Born,2018,7.6,444664
A Wrinkle in Time,2018,4.3,49582
Adrift,2018,6.6,65471
Alpha,2018,6.6,71125
American Animals,2018,7,52205
Andhadhun,2018,8.2,114314
Annihilation,2018,6.8,389270
Anon,2018,6.1,51409
Ant-Man and the Wasp,2018,7,487940
Apostle,2018,6.3,65123
Aquaman,2018,6.8,548416
Arctic,2018,6.8,62565
Arif V 216,2018,6.9,41252
At Eternity's Gate,2018,6.9,43596
Avengers: Infinity War,2018,8.4,1345878
Bad Samaritan,2018,6.4,27923
Bad Times at the El Royale,2018,7.1,176955
Badhaai Ho,2018,7.9,40441
Beautiful Boy,2018,7.4,123657
Beirut,2018,6.5,26685
Ben Is Back,2018,6.7,25368
Bird Box,2018,6.6,416972
Black Mirror: Bandersnatch,2018,7.1,142612
Black Panther,2018,7.3,898805
BlacKkKlansman,2018,7.5,310129
Blindspotting,2018,7.4,34071
Blockers,2018,6.2,91286
Bohemian Rhapsody,2018,7.9,637518
Book Club,2018,6.1,34705
Border,2018,7,37010
Boy Erased,2018,6.9,45930
Braven,2018,5.9,43893
Bumblebee,2018,6.7,205358
Burning,2018,7.4,84451
Calibre,2018,6.8,37491
Cam,2018,5.9,39324
Can You Ever Forgive Me?,2018,7.1,58378
Capernaum,2018,8.4,121889
Christopher Robin,2018,7.2,89981
Climax,2018,6.9,88538
Cold War,2018,7.5,64913
Colette,2018,6.7,27917
Crazy Rich Asians,2018,6.9,206480
Creed II,2018,7.1,167829
Deadpool 2,2018,7.6,734438
Death Wish,2018,6.3,82093
Den of Thieves,2018,7,151168
Destination Wedding,2018,6,36054
Destroyer,2018,6.2,33448
Dogman,2018,7.2,31421
"Don't Worry, He Won't Get Far on Foot",2018,6.8,32895
Dragged Across Concrete,2018,6.9,61205
Dragon Ball Super: Broly,2018,7.7,36098
Dumplin',2018,6.5,39689
Early Man,2018,6.1,25173
Eighth Grade,2018,7.3,86092
Enes Batur: Imagination or Reality?,2018,2,56672
Escape Plan 2: Hades,2018,3.9,37844
Every Day,2018,6.5,25404
Everybody Knows,2018,6.9,40053
Extinction,2018,5.8,61363
Fahrenheit 451,2018,5,25448
Fantastic Beasts: The Crimes of Grindelwald,2018,6.5,328541
Fifty Shades Freed,2018,4.6,81763
First Man,2018,7.3,214037
Freaks,2018,6.7,44361
Free Solo,2018,8.1,84397
Game Night,2018,6.9,274238
"Game Over, Man!",2018,5.5,35217
Goosebumps 2: Haunted Halloween,2018,5.6,26077
Green Book,2018,8.2,669188
Greta,2018,6.1,41519
Gringo,2018,6.1,33516
Halloween,2018,6.5,185038
Hereditary,2018,7.3,445497
High Life,2018,5.7,44807
Hold the Dark,2018,5.6,42680
Holmes & Watson,2018,3.9,41670
Hotel Artemis,2018,6.1,61836
Hotel Mumbai,2018,7.6,77628
Hotel Transylvania 3: Summer Vacation,2018,6.3,97416
How It Ends,2018,5.1,62747
Hunter Killer,2018,6.6,79847
I Feel Pretty,2018,5.7,59977
I Want to Eat Your Pancreas,2018,8.1,33939
If Beale Street Could Talk,2018,7.1,54756
Incident in a Ghostland,2018,6.4,45796
Incredibles 2,2018,7.5,364397
Insidious: The Last Key,2018,5.7,79006
Instant Family,2018,7.3,134107
Isle of Dogs,2018,7.8,207959
Johnny English Strikes Again,2018,6.2,89781
"Juliet, Naked",2018,6.6,26023
Jurassic World: Fallen Kingdom,2018,6.1,375551
K.G.F: Chapter 1,2018,8.2,109465
Leave No Trace,2018,7.1,69789
Life Itself,2018,6.9,26793
Life of the Party,2018,5.6,42217
"Love, Simon",2018,7.5,133086
Mamma Mia! Here We Go Again,2018,6.6,118788
Mandy,2018,6.5,97826
Mary Poppins Returns,2018,6.7,100060
Mary Queen of Scots,2018,6.3,59505
Maze Runner: The Death Cure,2018,6.3,187037
Mid90s,2018,7.4,86565
Midnight Sun,2018,6.6,39407
Mile 22,2018,6.1,92899
Mirage,2018,7.4,70302
Mission: Impossible - Fallout,2018,7.7,415155
Mortal Engines,2018,6.1,151360
Mortal World,2018,7.6,34304
Mowgli: Legend of the Jungle,2018,6.5,68826
Mute,2018,5.5,39384
Never Look Away,2018,7.7,27792
Night Hunter,2018,6,31222
Night School,2018,5.6,48806
Ocean's Eight,2018,6.3,258722
On the Basis of Sex,2018,7.1,41887
Operation Finale,2018,6.6,53141
Outlaw King,2018,6.9,87134
Overboard,2018,6,43792
Overlord,2018,6.6,114356
Pacific Rim: Uprising,2018,5.6,135620
Pad Man,2018,7.8,32300
Padmaavat,2018,7.1,40163
Parmanu: The Story of Pokhran,2018,7.6,26522
Peppermint,2018,6.5,75162
Peter Rabbit,2018,6.6,52121
Prospect,2018,6.3,39787
Raatchasan,2018,8.3,58759
Raazi,2018,7.7,36604
Race 3,2018,1.9,50088
Ralph Breaks the Internet,2018,7,202208
Rampage,2018,6.1,199169
Rangasthalam,2018,8.2,30620
Ready Player One,2018,7.4,534442
Red Sparrow,2018,6.6,215911
Replicas,2018,5.5,44758
Robin Hood,2018,5.4,85690
Roma,2018,7.6,177196
Sanju,2018,7.6,66768
Searching,2018,7.6,190454
Second Act,2018,5.8,32063
Set It Up,2018,6.5,74087
Shoplifters,2018,7.9,93952
Sicario: Day of the Soldado,2018,7.1,187682
Sierra Burgess Is a Loser,2018,5.7,42473
Skyscraper,2018,5.8,143837
Slender Man,2018,3.3,42441
Smallfoot,2018,6.6,45164
Solo: A Star Wars Story,2018,6.9,404572
Sonu Ke Titu Ki Sweety,2018,7.1,26944
Sorry to Bother You,2018,6.9,93297
Spider-Man: Into the Spider-Verse,2018,8.4,770609
Stan & Ollie,2018,7.2,41405
Stree,2018,7.5,47277
Summer of 84,2018,6.7,50865
Super Troopers 2,2018,6,29714
Suspiria,2018,6.7,103782
Tag,2018,6.5,159543
Tau,2018,5.8,36967
Terminal,2018,5.4,27046
The 15:17 to Paris,2018,5.3,36981
The Ballad of Buster Scruggs,2018,7.2,181715
The Christmas Chronicles,2018,7,93491
The Clovehitch Killer,2018,6.5,40182
The Cloverfield Paradox,2018,5.5,119760
The Commuter,2018,6.3,132887
The Darkest Minds,2018,5.7,39998
The Equalizer 2,2018,6.7,225049
The Favourite,2018,7.5,255309
The First Purge,2018,5.2,77450
The Girl in the Spider's Web,2018,6.1,55091
The Grinch,2018,6.4,112402
The Guernsey Literary and Potato Peel Pie Society,2018,7.3,57230
The Guilty,2018,7.5,68629
The Happytime Murders,2018,5.5,31960
The Hate U Give,2018,7.5,43175
The House That Jack Built,2018,6.8,104163
The House with a Clock in Its Walls,2018,6.1,59010
The Kissing Booth,2018,5.9,102076
The Meg,2018,5.7,225100
The Miseducation of Cameron Post,2018,6.6,27371
The Mule,2018,7,166805
The Night Comes for Us,2018,6.9,32307
The Nightingale,2018,7.3,40288
The Nun,2018,5.4,192477
The Nutcracker and the Four Realms,2018,5.6,40235
The Old Man & the Gun,2018,6.7,52283
The Open House,2018,3.3,39210
The Outsider,2018,6.3,31273
The Perfection,2018,6.2,53121
The Possession of Hannah Grace,2018,5.2,29007
The Predator,2018,5.3,160447
The Princess Switch,2018,6.1,34187
The Professor,2018,6.7,40679
The Sisters Brothers,2018,6.9,74896
The Spy Who Dumped Me,2018,6.1,86527
The Strangers: Prey at Night,2018,5.3,39636
The Titan,2018,4.8,34974
The Week Of,2018,5.2,26401
The Wild Pear Tree,2018,8,30346
They Shall Not Grow Old,2018,8.2,40441
Three Identical Strangers,2018,7.6,44663
To All the Boys I've Loved Before,2018,7,137497
Tomb Raider,2018,6.3,239318
Truth or Dare,2018,5.2,72939
Tully,2018,6.9,65868
Tumbbad,2018,8.2,72916
Under the Silver Lake,2018,6.5,58963
Unfriended: Dark Web,2018,6,42320
Unsane,2018,6.4,53173
Upgrade,2018,7.5,230379
Venom,2018,6.6,598037
Vice,2018,7.2,173106
Welcome to Marwen,2018,6.2,27393
When We First Met,2018,6.4,56649
White Boy Rick,2018,6.5,48078
Widows,2018,6.8,108364
Wildlife,2018,6.8,33159
Winchester,2018,5.5,39060
Won't You Be My Neighbor?,2018,8.3,27951
Zero,2018,5.2,33147
1917,2019,8.2,757231
21 Bridges,2019,6.7,80016
47 Meters Down: Uncaged,2019,5,33329
6 Underground,2019,6.1,209246
7500,2019,6.3,36100
A Beautiful Day in the Neighborhood,2019,7.2,93291
A Dog's Journey,2019,7.4,32287
A Hidden Life,2019,7.4,31589
A Rainy Day in New York,2019,6.4,57555
Abominable,2019,7,46274
Ad Astra,2019,6.5,277027
After,2019,5.3,74517
Aladdin,2019,6.9,311280
Alita: Battle Angel,2019,7.3,320456
Always Be My Maybe,2019,6.7,65985
Angel Has Fallen,2019,6.4,121202
Anna,2019,6.7,106037
Annabelle Comes Home,2019,5.9,99990
Apollo 11,2019,8.1,28387
Article 15,2019,8.1,41006
Asuran,2019,8.4,36847
Avengers: Endgame,2019,8.4,1417964
Bacurau,2019,7.3,33765
Bad Education,2019,7.1,45695
Badla,2019,7.7,34127
Between Two Ferns: The Movie,2019,6.1,38735
Bharat,2019,4.7,33589
Bigil,2019,6.7,26847
Black and Blue,2019,6.4,29256
Blinded by the Light,2019,6.9,28411
Bombshell,2019,6.8,134802
Booksmart,2019,7.1,138891
Brightburn,2019,6.1,119015
Captain Marvel,2019,6.7,650931
Captive State,2019,6,60211
Cats,2019,2.8,58719
Charlie's Angels,2019,5,84361
Chhichhore,2019,8.3,71331
Child's Play,2019,5.7,60043
Close,2019,5.7,28528
Code 8,2019,6.1,57338
Cold Pursuit,2019,6.2,83924
Color Out of Space,2019,6.1,63806
Countdown,2019,5.4,51981
Crawl,2019,6.1,101488
Dark Waters,2019,7.6,119577
Doctor Sleep,2019,7.3,241684
Dolemite Is My Name,2019,7.2,67684
Dora and the Lost City of Gold,2019,6.1,38775
Downton Abbey,2019,7.4,70267
Dumbo,2019,6.2,87639
El Camino,2019,7.3,333019
Eli,2019,5.8,44377
Escape Room,2019,6.4,157320
"Extremely Wicked, Shockingly Evil and Vile",2019,6.7,111484
Fast & Furious Presents: Hobbs & Shaw,2019,6.4,253983
Fighting with My Family,2019,7,92526
Five Feet Apart,2019,7.2,95030
Ford v Ferrari,2019,8.1,556957
Fractured,2019,6.5,110094
Frozen II,2019,6.8,215357
Fyre,2019,7.2,54325
Gemini Man,2019,5.7,129876
Glass,2019,6.6,300682
Godzilla: King of the Monsters,2019,6,225872
Good Boys,2019,6.7,88842
Gully Boy,2019,7.9,46667
Guns Akimbo,2019,6.3,76553
Happy Death Day 2U,2019,6.2,94631
Harriet,2019,6.7,35784
Haunt,2019,6.3,45095
Hellboy,2019,5.3,106564
Honey Boy,2019,7.2,42651
How to Train Your Dragon: The Hidden World,2019,7.4,174843
Hustlers,2019,6.3,112131
I Am Mother,2019,6.7,105172
I Lost My Body,2019,7.5,38418
I See You,2019,6.8,74584
In the Shadow of the Moon,2019,6.2,66375
In the Tall Grass,2019,5.5,72312
IO,2019,4.8,37661
Ip Man 4: The Finale,2019,7,40176
Isn't It Romantic,2019,5.9,76681
It: Chapter Two,2019,6.5,347246
Jay and Silent Bob Reboot,2019,5.6,30241
Jersey,2019,8.5,27574
Jexi,2019,6,33291
John Wick: Chapter 3 - Parabellum,2019,7.4,472536
Jojo Rabbit,2019,7.9,481339
Joker,2019,8.3,1665879
Judy,2019,6.8,57911
Jumanji: The Next Level,2019,6.6,314127
Just Mercy,2019,7.6,83483
Kabir Singh,2019,7,44835
Kaithi,2019,8.4,50753
Kesari,2019,7.4,25764
Klaus,2019,8.2,231411
Knives Out,2019,7.9,860241
Lady and the Tramp,2019,6.2,26280
Last Christmas,2019,6.5,105329
Late Night,2019,6.5,43302
Les Misérables,2019,7.6,30230
Let It Snow,2019,5.9,26866
Little Women,2019,7.8,279025
Long Shot,2019,6.8,127714
Ma,2019,5.6,69904
Maleficent: Mistress of Evil,2019,6.6,130506
Marighella,2019,7.1,56753
Marriage Story,2019,7.9,368220
Men in Black: International,2019,5.6,158733
Midsommar,2019,7.1,473668
Midway,2019,6.7,103870
Miracle in Cell No. 7,2019,8.2,61367
Missing Link,2019,6.7,30501
Mosul,2019,7.1,32715
Motherless Brooklyn,2019,6.8,65722
Murder Mystery,2019,6.1,187077
Noelle,2019,6.3,31096
Official Secrets,2019,7.3,59874
Once Upon a Time... in Hollywood,2019,7.6,945242
Pain and Glory,2019,7.5,66615
Parasite,2019,8.5,1133305
Pet Sematary,2019,5.7,104001
Pokémon: Detective Pikachu,2019,6.5,194580
Polar,2019,6.3,105769
Portrait of a Lady on Fire,2019,8,124727
Queen & Slim,2019,7.1,36776
Rambo: Last Blood,2019,6.1,118310
Ready or Not,2019,6.8,228359
Richard Jewell,2019,7.5,105388
Rim of the World,2019,5.3,26936
Rocketman,2019,7.3,207285
Saaho,2019,5.1,26387
Saint Maud,2019,6.6,54850
Scary Stories to Tell in the Dark,2019,6.2,91438
Secret Obsession,2019,4.5,26411
Serenity,2019,5.4,48817
Shaft,2019,6.4,61794
Shazam!,2019,7,409528
Someone Great,2019,6.2,27200
Sorry We Missed You,2019,7.6,27939
Sound of Metal,2019,7.7,182197
Spider-Man: Far from Home,2019,7.3,625315
Spies in Disguise,2019,6.8,61915
Star Wars: Episode IX - The Rise of Skywalker,2019,6.3,534171
Stuber,2019,6.2,54136
Super 30,2019,7.9,41610
Swallow,2019,6.5,31808
Synchronic,2019,6.2,45431
Tall Girl,2019,5.2,29327
Terminator: Dark Fate,2019,6.2,209997
The Addams Family,2019,5.9,48711
The Aeronauts,2019,6.6,39765
The Aftermath,2019,6.4,25629
The Angry Birds Movie 2,2019,6.4,41076
The Art of Racing in the Rain,2019,7.6,47194
The Art of Self-Defense,2019,6.6,43180
The Assistant,2019,6.3,29102
The Beach Bum,2019,5.5,26382
The Boy Who Harnessed the Wind,2019,7.6,50889
The Curse of La Llorona,2019,5.3,64976
The Dead Don't Die,2019,5.4,100877
The Dirt,2019,7,59801
The Farewell,2019,7.5,75143
"The Gangster, the Cop, the Devil",2019,7,31884
The Gentlemen,2019,7.8,449893
The Goldfinch,2019,6.4,29437
The Good Liar,2019,6.7,53860
The Great Hack,2019,7,25701
The Grudge,2019,4.4,32043
The Highwaymen,2019,6.9,112260
The Hustle,2019,5.5,71228
The Informer,2019,6.6,45708
The Irishman,2019,7.8,466242
The King,2019,7.3,173518
The Laundromat,2019,6.3,57447
The Legend of Tomiris,2019,6.3,43747
The Lego Movie 2: The Second Part,2019,6.5,83785
The Lighthouse,2019,7.4,296463
The Lion King,2019,6.8,289044
The Lodge,2019,6,63955
The Outpost,2019,6.8,47049
The Peanut Butter Falcon,2019,7.6,117971
The Perfect Date,2019,5.8,45947
The Platform,2019,7,318915
The Prodigy,2019,5.9,30830
The Professor and the Madman,2019,7.2,54480
The Red Sea Diving Resort,2019,6.6,34597
The Report,2019,7.2,55862
The Room,2019,6.1,26100
The Secret Life of Pets 2,2019,6.4,76909
The Silence,2019,5.4,55157
The Tashkent Files,2019,8.1,38705
The Two Popes,2019,7.6,145310
The Vast of Night,2019,6.7,49229
The Wandering Earth,2019,5.9,38971
Togo,2019,7.9,60945
Tolkien,2019,6.8,50779
Toy Story 4,2019,7.6,308592
Triple Frontier,2019,6.5,158987
Uncut Gems,2019,7.4,347466
Uri: The Surgical Strike,2019,8.2,80494
Us,2019,6.8,384718
Velvet Buzzsaw,2019,5.7,68559
Vivarium,2019,5.9,88193
War,2019,6.6,39480
Waves,2019,7.5,36990
Weathering with You,2019,7.5,67902
What Men Want,2019,5.4,34484
"Where'd You Go, Bernadette",2019,6.5,27358
X-Men: Dark Phoenix,2019,5.7,224826
Yesterday,2019,6.8,182742
Zombieland: Double Tap,2019,6.7,222159
#Alive,2020,6.3,53849
365 Days,2020,3.3,107058
A Quiet Place Part II,2020,7.2,316757
After We Collided,2020,5.1,43391
Ala Vaikunthapurramuloo,2020,7.3,26254
All the Bright Places,2020,6.6,43703
Alone,2020,6.2,35160
American Murder: The Family Next Door,2020,7.2,36942
Ammonite,2020,6.5,26152
An American Pickle,2020,5.7,28795
Another Round,2020,7.7,221987
Antebellum,2020,5.8,31570
Archive,2020,6.4,28949
Artemis Fowl,2020,4.3,31484
Ava,2020,5.5,67494
Bad Boys for Life,2020,6.5,194972
Becky,2020,6.1,29696
Bill & Ted Face the Music,2020,5.9,56171
Birds of Prey and the Fantabulous Emancipation of One Harley Quinn,2020,6.1,279995
Bloodshot,2020,5.7,90327
Borat Subsequent Moviefilm,2020,6.6,163227
Boss Level,2020,6.8,88314
Chhapaak,2020,5.4,28099
Coolie No. 1,2020,4.2,74737
Cuties,2020,3.6,33214
Da 5 Bloods,2020,6.5,57116
Dara of Jasenovac,2020,8,82285
Demon Slayer: Kimetsu no Yaiba - The Movie: Mugen Train,2020,8.2,97419
Dil Bechara,2020,8.3,137225
Dolittle,2020,5.6,77886
Emma.,2020,6.7,70271
Enola Holmes,2020,6.6,241617
Escape from Pretoria,2020,6.8,48995
Eurovision Song Contest: The Story of Fire Saga,2020,6.5,108274
Extraction,2020,6.8,285965
Fantasy Island,2020,4.9,63254
Fatman,2020,5.9,35158
Freaky,2020,6.3,80565
Greenland,2020,6.4,156551
Gretel & Hansel,2020,5.5,38612
Greyhound,2020,7,130376
Gunjan Saxena: The Kargil Girl,2020,5.6,36183
Hamilton,2020,8.3,136289
Happiest Season,2020,6.6,52904
Hillbilly Elegy,2020,6.7,60248
His House,2020,6.4,53780
Holidate,2020,6.2,87220
Honest Thief,2020,6,62882
Host,2020,6.5,48975
Hubie Halloween,2020,5.3,67278
I Care a Lot,2020,6.4,157051
I'm Thinking of Ending Things,2020,6.5,108095
Laxmii,2020,2.6,59669
Let Him Go,2020,6.7,38311
Lost Girls,2020,6.2,27035
Love and Monsters,2020,6.9,157429
Ludo,2020,7.6,45843
Ma Rainey's Black Bottom,2020,6.9,76697
Mank,2020,6.8,103260
Minari,2020,7.4,123520
Miss Americana,2020,7.4,26487
Monster Hunter,2020,5.2,74089
Mulan,2020,5.8,166838
My Octopus Teacher,2020,8.1,70057
My Spy,2020,6.4,40920
Never Rarely Sometimes Always,2020,7.4,29462
News of the World,2020,6.8,100418
Nomadland,2020,7.3,214897
On the Rocks,2020,6.4,39339
One Night in Miami...,2020,7.1,35636
Onward,2020,7.4,184004
Over the Moon,2020,6.3,26672
Palm Springs,2020,7.4,209624
Peninsula,2020,5.5,42700
Pieces of a Woman,2020,7,59564
Possessor,2020,6.5,52799
Project Power,2020,6,102884
Promising Young Woman,2020,7.5,250304
"Quo Vadis, Aida?",2020,8,41482
Rebecca,2020,6.1,49817
Relic,2020,6,32702
Riders of Justice,2020,7.5,74132
Rose Island,2020,7,27316
Run,2020,6.7,110652
Run Hide Fight,2020,6.3,29703
Sadak 2,2020,1.2,97132
Scoob!,2020,5.6,32460
Shadow in the Cloud,2020,5,34027
Shiva Baby,2020,7.1,41040
Sonic the Hedgehog,2020,6.5,189048
Soorarai Pottru,2020,8.6,131025
Soul,2020,8,440099
Spenser Confidential,2020,6.2,105367
Sputnik,2020,6.4,29658
Tanhaji: The Unsung Warrior,2020,7.5,38432
Tenet,2020,7.3,672967
Thappad,2020,7,27710
The Babysitter: Killer Queen,2020,5.8,58742
The Banker,2020,7.3,41954
The Call,2020,7.1,51643
The Call of the Wild,2020,6.7,63411
The Christmas Chronicles: Part Two,2020,6,40591
The Courier,2020,7.2,80766
The Croods: A New Age,2020,6.9,60058
The Dark and the Wicked,2020,6.1,28516
The Devil All the Time,2020,7.1,166644
The Dissident,2020,7.8,31006
The Dry,2020,6.8,39956
The Empty Man,2020,6.2,48050
The Father,2020,8.2,239921
The Forgotten Battle,2020,7.1,40569
The Half of It,2020,6.9,46748
The Hunt,2020,6.6,150477
The Invisible Man,2020,7.1,280028
The Kid Detective,2020,7,25125
The King of Staten Island,2020,7.1,81245
The Kissing Booth 2,2020,5.7,42803
The Lovebirds,2020,6.1,28948
The Midnight Sky,2020,5.7,93201
The New Mutants,2020,5.3,99902
The Night House,2020,6.4,76553
The Old Guard,2020,6.7,208105
The Prom,2020,5.9,30378
The Rental,2020,5.7,42812
The Silencing,2020,6.3,38134
The Social Dilemma,2020,7.6,93577
The SpongeBob Movie: Sponge on the Run,2020,5.9,25070
The Trial of the Chicago 7,2020,7.7,203586
The War with Grandpa,2020,5.7,27615
The Way Back,2020,6.7,56083
The Witches,2020,5.4,50819
The Wolf of Snow Hollow,2020,6.2,28561
The Wrong Missy,2020,5.8,49868
To All the Boys: P.S. I Still Love You,2020,6.1,52452
Trolls World Tour,2020,6.1,32272
Underwater,2020,5.9,106847
Unhinged,2020,6,85667
Wolfwalkers,2020,8,43948
Wonder Woman 1984,2020,5.3,308497
You Should Have Left,2020,5.4,30646
83,2021,7.5,42583
14 Peaks: Nothing Is Impossible,2021,7.7,33167
8-Bit Christmas,2021,6.7,25195
A Boy Called Christmas,2021,6.7,31106
A Hero,2021,7.5,32610
After Yang,2021,6.6,25915
American Underdog,2021,7.1,27695
Antim: The Final Truth,2021,6.1,43298
Antlers,2021,5.9,49061
Army of the Dead,2021,5.8,199137
Army of Thieves,2021,6.4,96736
Atrangi Re,2021,6.5,29151
Awake,2021,4.9,28532
Bad Trip,2021,6.5,28798
Beckett,2021,5.7,30348
Being the Ricardos,2021,6.5,46765
Belfast,2021,7.2,116542
Benedetta,2021,6.7,29232
Bhoot Police,2021,6.6,28290
Bhuj: The Pride of India,2021,4.2,26429
Black Widow,2021,6.6,470194
Blood Red Sky,2021,6.1,59753
Boiling Point,2021,7.5,54567
C'mon C'mon,2021,7.3,42348
Candyman,2021,5.9,82352
Chaos Walking,2021,5.7,62631
Chehre,2021,6.2,28897
Cherry,2021,6.6,41427
Cinderella,2021,4.4,49974
CODA,2021,8,202756
Coming 2 America,2021,5.3,80456
Copshop,2021,6.2,44027
Cruella,2021,7.3,291602
Cry Macho,2021,5.7,36187
Demon Slayer: Kimetsu no Yaiba - Tsuzumi Mansion Arc,2021,8.4,35415
Dhamaka,2021,6.7,43892
Don't Breathe 2,2021,6,80587
Don't Look Up,2021,7.1,660118
Drishyam 2,2021,8.4,44260
Drive My Car,2021,7.5,75251
Dune: Part One,2021,8,1016446
Encanto,2021,7.2,292175
Escape Room: Tournament of Champions,2021,5.8,67424
Eternals,2021,6.2,421326
F9: The Fast Saga,2021,5.2,177319
Farha,2021,8,91059
Fatherhood,2021,6.6,46097
Fear Street: Part One - 1994,2021,6.2,108248
Fear Street: Part Three - 1666,2021,6.6,74295
Fear Street: Part Two - 1978,2021,6.7,88910
Finch,2021,6.9,109429
Free Guy,2021,7.1,480217
Ghostbusters: Afterlife,2021,7,238491
Godzilla vs. Kong,2021,6.3,263717
Gunpowder Milkshake,2021,6.1,55154
Halloween Kills,2021,5.5,107171
Haseen Dillruba,2021,6.9,34824
He's All That,2021,4.4,31900
Hitman's Wife's Bodyguard,2021,6.1,117921
House of Gucci,2021,6.6,173067
In the Heights,2021,7.2,55392
Infinite,2021,5.5,69700
Jai Bhim,2021,8.6,232482
Jolt,2021,5.6,38819
Judas and the Black Messiah,2021,7.4,113425
Jujutsu Kaisen 0,2021,7.8,57465
Jungle Cruise,2021,6.5,225076
Kate,2021,6.3,76094
King Richard,2021,7.5,168154
Lamb,2021,6.3,43999
Last Night in Soho,2021,7,197450
Licorice Pizza,2021,7.1,156880
Love Hard,2021,6.3,68201
Luca,2021,7.4,219167
Maanaadu,2021,8.1,27482
Malcolm & Marie,2021,6.6,43093
Malignant,2021,6.2,120115
Marcel the Shell with Shoes On,2021,7.6,33162
Master,2021,7.4,90237
Mimi,2021,7.8,45897
Minnal Murali,2021,7.8,34677
Mortal Kombat,2021,6.1,202040
Moxie,2021,6.7,30401
Munich: The Edge of War,2021,6.8,38984
Nightmare Alley,2021,7,180589
No Sudden Move,2021,6.4,44386
No Time to Die,2021,7.3,479284
Nobody,2021,7.4,383944
Old,2021,5.8,181476
Old Henry,2021,7.3,44031
Operation Mincemeat,2021,6.6,42829
Outside the Wire,2021,5.4,47930
Oxygen,2021,6.5,47628
Palmer,2021,7.3,50548
Parallel Mothers,2021,7.1,39776
Pig,2021,6.9,103147
Pleasure,2021,6.3,25871
Pushpa: The Rise - Part 1,2021,7.6,99221
Queenpins,2021,6.4,29026
Radhe,2021,1.8,181516
Raya and the Last Dragon,2021,7.3,185735
Red Notice,2021,6.3,349836
Red Rocket,2021,7.1,42046
Reminiscence,2021,5.9,70322
Resident Evil: Welcome to Raccoon City,2021,5.2,70427
Ron's Gone Wrong,2021,7.1,44698
Sardar Udham,2021,8.3,50231
Sarpatta Parambarai,2021,8.5,28292
Schumacher,2021,7.4,27313
Seaspiracy,2021,8.1,35399
Shang-Chi and the Legend of the Ten Rings,2021,7.3,480707
Shershaah,2021,8.3,135514
Shiddat,2021,7.6,26568
Sing 2,2021,7.3,99330
Snake Eyes,2021,5.4,47845
Sooryavanshi,2021,5.8,81024
Space Jam: A New Legacy,2021,4.5,85892
Space Sweepers,2021,6.5,30801
Spencer,2021,6.5,81313
Spider-Man: No Way Home,2021,8.2,996624
Spiral,2021,5.2,75992
Stillwater,2021,6.6,63224
Stowaway,2021,5.7,55969
Sweet Girl,2021,5.5,37663
Thalaivi,2021,5.9,31593
The Black Phone,2021,6.9,254794
The Boss Baby: Family Business,2021,5.9,25841
The Card Counter,2021,6.2,46772
The Conjuring: The Devil Made Me Do It,2021,6.2,165680
The Cost of Deception,2021,1.5,40877
The Dig,2021,7.1,88369
The Eyes of Tammy Faye,2021,6.6,57919
The Fallout,2021,7,41704
The Forever Purge,2021,5.4,48046
The French Dispatch,2021,7.1,164705
The Green Knight,2021,6.6,129473
The Guilty,2021,6.3,170956
The Hand of God,2021,7.3,53527
The Harder They Fall,2021,6.6,76553
The Hating Game,2021,6.2,34283
The Ice Road,2021,5.7,56038
The Innocents,2021,7,29382
The King's Man,2021,6.3,193421
The Kissing Booth 3,2021,4.8,26072
The Last Duel,2021,7.3,202887
The Little Things,2021,6.3,138840
The Lost Daughter,2021,6.7,80366
The Many Saints of Newark,2021,6.3,67927
The Map of Tiny Perfect Things,2021,6.8,32785
The Marksman,2021,5.7,48338
The Matrix Resurrections,2021,5.6,299890
The Mauritanian,2021,7.5,70890
The Mitchells vs. the Machines,2021,7.6,140112
The Power of the Dog,2021,6.8,220471
The Protégé,2021,6.1,41900
The Sadness,2021,6.5,25445
The Suicide Squad,2021,7.2,452134
The Tender Bar,2021,6.7,36890
The Tomorrow War,2021,6.6,249844
The Tragedy of Macbeth,2021,7.1,43596
The Trip,2021,6.9,30079
The Unforgivable,2021,7.2,126760
The Unholy,2021,5.1,30709
The Vault,2021,6.4,34762
The Voyeurs,2021,6.1,46377
The White Tiger,2021,7.1,68916
The Witcher: Nightmare of the Wolf,2021,7.2,54695
The Woman in the Window,2021,5.7,89079
The Worst Person in the World,2021,7.7,121013
Things Heard & Seen,2021,5.3,39770
Those Who Wish Me Dead,2021,6,77835
Thunder Force,2021,4.6,48062
"tick, tick... BOOM!",2021,7.5,127358
Till Death,2021,5.9,30600
Titane,2021,6.5,65113
To All the Boys: Always and Forever,2021,6.3,38509
Tom & Jerry,2021,5.3,42732
Toofaan,2021,6.1,53195
Vacation Friends,2021,6.3,33463
Venom: Let There Be Carnage,2021,5.9,298784
Voyagers,2021,5.5,29634
Werewolves Within,2021,6,28784
West Side Story,2021,7.1,121218
Willy's Wonderland,2021,5.5,43522
Wish Dragon,2021,7.2,38186
Without Remorse,2021,5.8,69929
Wrath of Man,2021,7.1,234428
Wrong Turn,2021,5.6,41431
Yes Day,2021,5.7,34229
Zack Snyder's Justice League,2021,7.9,468508
365 Days: This Day,2022,2.7,27704
777 Charlie,2022,8.7,46659
A Man Called Otto,2022,7.5,205222
A Thursday,2022,7.6,26983
Aftersun,2022,7.6,123778
Against the Ice,2022,6.5,31125
All Quiet on the Western Front,2022,7.8,307364
All the Old Knives,2022,6.2,31719
Ambulance,2022,6.1,111435
Amsterdam,2022,6.2,105705
An Action Hero,2022,7,33502
"Argentina, 1985",2022,7.6,35608
Athena,2022,6.8,25134
Avatar: The Way of Water,2022,7.5,592376
Babylon,2022,7.1,202403
Bachchhan Paandey,2022,5,37197
Barbarian,2022,7,252384
Beast,2022,5.2,38955
Beast,2022,5.6,47541
Bhediya,2022,6.7,28772
Bhool Bhulaiyaa 2,2022,5.7,35914
Black Adam,2022,6.1,300199
Black Crab,2022,5.7,28314
Black Panther: Wakanda Forever,2022,6.6,362876
Blacklight,2022,4.9,27974
Blonde,2022,5.4,77585
Bodies Bodies Bodies,2022,6.2,88297
Bones and All,2022,6.8,71038
Brahmastra Part One: Shiva,2022,5.6,115216
Bros,2022,6.3,39094
Bullet Train,2022,7.3,520560
Causeway,2022,6.6,26335
Cha Cha Real Smooth,2022,7.3,30650
Chip 'n Dale: Rescue Rangers,2022,6.9,50397
Choose or Die,2022,4.8,28476
Chup,2022,7.5,27396
Close,2022,7.8,46291
"Confess, Fletch",2022,6.4,26761
Crimes of the Future,2022,5.8,46234
Dasvi,2022,7.3,62534
Day Shift,2022,6.1,97966
DC League of Super-Pets,2022,6.8,79397
Death on the Nile,2022,6.3,207377
Decision to Leave,2022,7.3,66503
Deep Water,2022,5.5,69372
Devotion,2022,6.6,32019
Disenchanted,2022,5.6,29354
Do Revenge,2022,6.3,56150
Doctor Strange in the Multiverse of Madness,2022,6.9,535594
Dog,2022,6.5,51538
Don't Worry Darling,2022,6.3,173867
Downton Abbey: A New Era,2022,7.4,37671
Drishyam 2,2022,8.2,51010
Elvis,2022,7.3,258026
Emancipation,2022,6.3,30741
Emily the Criminal,2022,6.7,66337
Empire of Light,2022,6.7,26930
Enola Holmes 2,2022,6.8,115957
Everything Everywhere All at Once,2022,7.7,618327
Fall,2022,6.4,131450
Falling for Christmas,2022,5.3,33654
Fantastic Beasts: The Secrets of Dumbledore,2022,6.2,190012
Father Stu,2022,6.5,35468
Firestarter,2022,4.6,25316
Freddy,2022,7.3,36463
Fresh,2022,6.7,90524
Gangubai Kathiawadi,2022,7.8,66445
Gehraiyaan,2022,5.6,45069
Girl in the Picture,2022,7.3,25007
Glass Onion,2022,7.1,510699
God's Crooked Lines,2022,7.1,28340
"Good Luck to You, Leo Grande",2022,7.2,43617
Guillermo del Toro's Pinocchio,2022,7.6,141916
Halloween Ends,2022,5,81765
Hellraiser,2022,5.9,54826
Heropanti 2,2022,2.2,28117
Hocus Pocus 2,2022,6,58804
Holy Spider,2022,7.3,31291
Hotel Transylvania 4: Transformania,2022,6,46356
Hustle,2022,7.3,161225
I Came By,2022,6.2,38469
I Want You Back,2022,6.5,26929
Incantation,2022,6.3,28427
Interceptor,2022,4.7,29297
Jackass Forever,2022,6.8,54334
Jayeshbhai Jordaar,2022,6,44388
Jerry and Marge Go Large,2022,6.9,33211
Jhund,2022,7.4,26167
Jug Jugg Jeeyo,2022,6.1,43324
Jurassic World: Dominion,2022,5.6,240819
K.G.F: Chapter 2,2022,8.2,167428
Kantara,2022,8.1,115340
Karthikeya 2,2022,7.8,65067
Kimi,2022,6.3,42685
Laal Singh Chaddha,2022,5.6,181135
Lady Chatterley's Lover,2022,6.6,26958
Last Seen Alive,2022,5.7,35521
Liger,2022,2.6,49161
Lightyear,2022,6.1,134454
Living,2022,7.2,38919
Look Both Ways,2022,6.3,26691
Lou,2022,6.1,37767
Luck,2022,6.5,34649
Luckiest Girl Alive,2022,6.4,59503
M3GAN,2022,6.3,178581
Major,2022,8.1,34045
Marry Me,2022,6.1,47642
Matilda: The Musical,2022,7,32558
Me Time,2022,5.1,44723
Memory,2022,5.8,41407
Men,2022,6,76854
Metal Lords,2022,6.7,36209
Minions: The Rise of Gru,2022,6.5,103150
Moonfall,2022,5.2,111074
Morbius,2022,5.1,169454
Mr. Harrigan's Phone,2022,6,43683
Mrs. Harris Goes to Paris,2022,7.1,36302
My Policeman,2022,6.6,25362
Navalny,2022,7.8,47853
No Exit,2022,6.2,38172
Nope,2022,6.8,310812
One Piece Film: Red,2022,6.7,25881
Orphan: First Kill,2022,5.9,53146
Pearl,2022,7,154963
Persuasion,2022,5.8,39535
Pinocchio,2022,5.1,46075
Ponniyin Selvan: Part I,2022,7.5,38278
Prey,2022,7.1,266427
Purple Hearts,2022,6.7,69105
Puss in Boots: The Last Wish,2022,7.8,218880
Radhe Shyam,2022,5.2,33189
Raksha Bandhan,2022,5.5,31596
Rocketry: The Nambi Effect,2022,8.6,61683
RRR,2022,7.8,200680
Runway 34,2022,7,31492
Samaritan,2022,5.7,60673
Samrat Prithviraj,2022,5.5,53929
Scream,2022,6.3,182032
See How They Run,2022,6.5,72652
Senior Year,2022,5.5,47594
Shamshera,2022,4.7,57686
She Said,2022,7.3,48804
Shotgun Wedding,2022,5.5,42180
Sisu,2022,6.9,113535
Sita Ramam,2022,8.5,82098
Slumberland,2022,6.7,35574
Smile,2022,6.5,233276
Sonic the Hedgehog 2,2022,6.5,113497
Speak No Evil,2022,6.6,62329
Spiderhead,2022,5.5,71968
Spirited,2022,6.6,59059
Strange World,2022,5.7,50048
Suzume,2022,7.6,59985
Talk to Me,2022,7.1,208345
Tár,2022,7.4,108079
Terrifier 2,2022,6,80436
Texas Chainsaw Massacre,2022,4.7,69141
The 355,2022,5.6,43089
The Adam Project,2022,6.7,254110
The Bad Guys,2022,6.9,77214
The Banshees of Inisherin,2022,7.7,290441
The Batman,2022,7.8,910613
The Blackening,2022,6,26368
The Bubble,2022,4.7,30212
The Contractor,2022,5.8,34495
The Fabelmans,2022,7.5,132689
The Good Nurse,2022,6.8,89079
The Gray Man,2022,6.5,268123
The Greatest Beer Run Ever,2022,6.8,36010
The House,2022,6.8,25351
The Invitation,2022,5.3,40076
The Kashmir Files,2022,8.5,578409
The Legend,2022,4.6,29522
The Lost City,2022,6.1,174550
The Man from Toronto,2022,5.8,65771
The Menu,2022,7.2,485491
The Northman,2022,7,294046
The Outfit,2022,7.2,84572
The Pale Blue Eye,2022,6.6,138675
The Prototype,2022,2.3,47555
The Quiet Girl,2022,7.7,27662
The School for Good and Evil,2022,5.9,41310
The Sea Beast,2022,7,64300
The Stranger,2022,6.6,29934
The Swimmers,2022,7.4,39887
The Tinder Swindler,2022,7.1,77112
The Unbearable Weight of Massive Talent,2022,7,176620
The Weekend Away,2022,5.7,35321
The Whale,2022,7.6,275367
The Woman King,2022,6.9,81898
The Wonder,2022,6.6,48701
Thirteen Lives,2022,7.8,77528
Thor: Love and Thunder,2022,6.1,452050
Three Thousand Years of Longing,2022,6.7,71553
Ticket to Paradise,2022,6.1,80246
Top Gun: Maverick,2022,8.2,838535
Triangle of Sadness,2022,7.2,211855
Troll,2022,5.8,57574
Turning Red,2022,6.9,170973
Uncharted,2022,6.3,294469
Vengeance,2022,6.8,41244
Vesper,2022,6,26734
Vikram,2022,8.3,88128
Vikram Vedha,2022,7.1,27192
Vikrant Rona,2022,6.9,29504
Violent Night,2022,6.7,120253
Watcher,2022,6.3,60190
Weird: The Al Yankovic Story,2022,6.8,47602
What Is a Woman?,2022,8.1,47241
Where the Crawdads Sing,2022,7.2,155143
White Noise,2022,5.7,47276
Whitney Houston: I Wanna Dance with Somebody,2022,6.6,26641
Windfall,2022,5.7,28250
Women Talking,2022,6.9,62837
X,2022,6.5,220248
12th Fail,2023,8.7,165920
20 Days in Mariupol,2023,8.6,42811
65,2023,5.4,104506
A Good Person,2023,7.1,28382
A Haunting in Venice,2023,6.5,138786
A Million Miles Away,2023,7.3,25662
Adipurush,2023,2.6,136863
Air,2023,7.4,191293
All of Us Strangers,2023,7.6,76836
American Fiction,2023,7.5,131382
Anatomy of a Fall,2023,7.6,203839
Animal,2023,6.2,112950
Ant-Man and the Wasp: Quantumania,2023,6,263925
Anyone But You,2023,6.1,164929
Aquaman and the Lost Kingdom,2023,5.6,114911
"Are You There God? It's Me, Margaret.",2023,7.3,36902
Asteroid City,2023,6.4,141740
Barbie,2023,6.8,654761
Beau Is Afraid,2023,6.6,77062
Bholaa,2023,5.8,25903
Bird Box: Barcelona,2023,5.3,28395
BlackBerry,2023,7.3,66605
Blue Beetle,2023,5.9,114737
Boston Strangler,2023,6.5,40375
Bottoms,2023,6.7,55900
Boy Kills World,2023,6.4,39189
Champions,2023,6.8,35790
Chicken Run: Dawn of the Nugget,2023,6.3,28477
Chor Nikal Ke Bhaga,2023,7.2,56146
Cobweb,2023,5.9,45415
Cocaine Bear,2023,5.9,124746
Creed III,2023,6.7,105158
Culpa Mía,2023,6.1,42189
Dream Scenario,2023,6.8,91540
Dumb Money,2023,6.8,61485
Dungeons & Dragons: Honor Among Thieves,2023,7.2,269921
Dunki,2023,6.5,85108
Elemental,2023,7,160011
Evil Dead Rise,2023,6.5,164256
Extraction II,2023,7,170036
Fair Play,2023,6.4,45872
Fallen Leaves,2023,7.3,35545
Family Switch,2023,5.7,32796
Fast Charlie,2023,6,27906
Fast X,2023,5.7,142794
Ferrari,2023,6.4,66070
Five Nights at Freddy's,2023,5.4,133034
Freelance,2023,5.6,28413
Fukrey 3,2023,5.5,25860
Gadar 2,2023,5.1,25235
Gaslight,2023,5.8,26384
Ghosted,2023,5.8,78417
Godzilla Minus One,2023,7.7,198555
Gran Turismo,2023,7.1,131800
Guardians of the Galaxy Vol. 3,2023,7.9,459179
Haunted Mansion,2023,6,49591
Heart of Stone,2023,5.7,67548
Hi Nanna,2023,8.3,25480
Hit Man,2023,6.8,126639
Hypnotic,2023,5.5,45259
In the Land of Saints and Sinners,2023,6.4,29831
Indiana Jones and the Dial of Destiny,2023,6.5,229046
Infinity Pool,2023,6,72321
Insidious: The Red Door,2023,5.5,62369
Jailer,2023,7.2,45265
Jawan,2023,6.9,109655
John Wick: Chapter 4,2023,7.6,402472
Joy Ride,2023,6.4,29795
Kaiva,2023,7.7,69626
Kandahar,2023,6.1,45724
Kho Gaye Hum Kahan,2023,7.3,31569
Kill,2023,7.4,45542
Killers of the Flower Moon,2023,7.5,299772
Kisi Ka Bhai Kisi Ki Jaan,2023,3.9,41900
Knock at the Cabin,2023,6.1,139569
Knox Goes Away,2023,7,29550
Late Night with the Devil,2023,7,142326
Leave the World Behind,2023,6.4,238043
Lee,2023,6.9,32500
Leo,2023,7.2,72987
Leo,2023,7,44930
Lost Ladies,2023,8.3,57756
Love at First Sight,2023,6.8,41648
Lust Stories 2,2023,5.7,52005
Luther: The Fallen Sun,2023,6.4,71594
Maestro,2023,6.5,68666
May December,2023,6.7,71894
Meg 2: The Trench,2023,5,99570
Migration,2023,6.6,45174
Missing,2023,7.1,70729
Mission Majnu,2023,6.9,45476
Mission: Impossible - Dead Reckoning Part One,2023,7.6,320718
Monster,2023,7.8,39677
Murder Mystery 2,2023,5.7,81936
Napoleon,2023,6.3,182510
Nefarious,2023,6.4,37952
Next Goal Wins,2023,6.5,30658
Nimona,2023,7.5,60682
No Hard Feelings,2023,6.3,210604
No One Will Save You,2023,6.2,77863
Nowhere,2023,6.3,47825
Nyad,2023,7.1,44239
Old Dads,2023,6.2,46657
OMG 2,2023,7.5,47133
One Life,2023,7.5,38337
Operation Fortune: Ruse de Guerre,2023,6.3,107780
Oppenheimer,2023,8.2,990010
Pain Hustlers,2023,6.6,54156
Paradise,2023,6.3,25011
Past Lives,2023,7.8,166866
Pathaan,2023,5.8,165279
Perfect Days,2023,7.9,97943
Peter Pan & Wendy,2023,4.4,30169
Plane,2023,6.5,102037
Poor Things,2023,7.8,381843
Priscilla,2023,6.4,52251
Reality,2023,6.7,29085
Rebel Moon - Part One: A Child of Fire,2023,5.6,139036
"Red, White & Royal Blue",2023,7,62750
Renfield,2023,6.4,118028
Reptile,2023,6.8,107600
Retribution,2023,5.3,27601
Rocky Aur Rani Kii Prem Kahaani,2023,6.5,50437
Salaar,2023,6.7,77838
Saltburn,2023,7,257106
Satyaprem Ki Katha,2023,6.6,31577
Saw X,2023,6.6,95292
Scream VI,2023,6.4,146030
Sharper,2023,6.7,37946
Shazam! Fury of the Gods,2023,5.9,143170
Shehzada,2023,4.5,32175
Silent Night,2023,5.3,27468
Sing Sing,2023,7.6,27854
Sirf Ek Bandaa Kaafi Hai,2023,8,30914
Society of the Snow,2023,7.8,170018
Sound of Freedom,2023,7.6,135037
Spider-Man: Across the Spider-Verse,2023,8.5,502557
Strange Darling,2023,7,66057
Strays,2023,6.3,37255
Surongo,2023,6.9,30555
Taylor Swift: The Eras Tour,2023,8,25471
Teenage Mutant Ninja Turtles: Mutant Mayhem,2023,7.2,76861
Tetris,2023,7.4,104128
Thanksgiving,2023,6.2,78815
The Archies,2023,4.2,53481
The Bikeriders,2023,6.6,75412
The Boogeyman,2023,5.9,52902
The Boy and the Heron,2023,7.3,122358
The Boys in the Boat,2023,7,29494
The Burial,2023,7.1,42065
The Covenant,2023,7.5,203410
The Creator,2023,6.7,193304
The Equalizer 3,2023,6.8,157390
The Exorcist: Believer,2023,4.8,50017
The Expendables 4,2023,4.8,53737
The Family Plan,2023,6.3,61729
The Flash,2023,6.6,244133
The Holdovers,2023,7.9,241205
The Hunger Games: The Ballad of Songbirds & Snakes,2023,6.6,176074
The Iron Claw,2023,7.6,115316
The Kerala Story,2023,6.8,77905
The Killer,2023,6.7,219437
The Last Kingdom: Seven Kings Must Die,2023,6.9,42521
The Last Voyage of the Demeter,2023,6.1,68831
The Little Mermaid,2023,7.2,176847
The Marvels,2023,5.5,160043
The Mother,2023,5.6,52134
The Nun II,2023,5.6,79144
The Out-Laws,2023,5.4,40920
The Pope's Exorcist,2023,6.1,100474
The Promised Land,2023,7.7,38795
The Super Mario Bros. Movie,2023,7,281620
The Teachers' Lounge,2023,7.4,29016
The Three Musketeers - Part I: D'Artagnan,2023,6.7,26259
The Vaccine War,2023,7.1,25360
The Zone of Interest,2023,7.3,161433
They Cloned Tyrone,2023,6.6,46961
Thunivu,2023,6.1,30645
Tiger 3,2023,5.6,56169
To Catch a Killer,2023,6.6,55445
Totally Killer,2023,6.5,67412
Transformers: Rise of the Beasts,2023,6,128794
Tu Jhoothi Main Makkaar,2023,6,30266
Varisu,2023,5.9,41014
We Have a Ghost,2023,6.1,36449
When Evil Lurks,2023,6.9,59021
Wicked Little Letters,2023,7,42355
Winnie-the-Pooh: Blood and Honey,2023,2.9,36335
Wish,2023,5.6,49342
Woman of the Hour,2023,6.6,71806
Wonka,2023,6.9,188850
You Are So Not Invited to My Bat Mitzvah,2023,5.9,27513
You People,2023,5.5,66675
Your Place or Mine,2023,5.7,43934
A Complete Unknown,2024,7.3,111026
A Different Man,2024,6.9,36339
A Family Affair,2024,5.4,39222
A Quiet Place: Day One,2024,6.3,169387
A Real Pain,2024,7,136463
Aavesham,2024,7.8,32226
Abigail,2024,6.5,111385
Alien: Romulus,2024,7.1,277553
Anora,2024,7.4,258506
Arcadian,2024,5.5,26871
Argylle,2024,5.6,98004
Arthur the King,2024,7,37821
Article 370,2024,7.8,27070
Atlas,2024,5.6,58800
Auron Mein Kahan Dum Tha,2024,6.2,41207
Babygirl,2024,5.8,77488
Back to Black,2024,6.3,29477
Bad Boys: Ride or Die,2024,6.5,110026
Bad Newz,2024,4.7,27490
Bade Miyan Chote Miyan,2024,3.7,40626
Beetlejuice Beetlejuice,2024,6.6,169178
Better Man,2024,7.5,43263
Beverly Hills Cop: Axel F,2024,6.4,85963
Bhool Bhulaiyaa 3,2024,4.6,78685
Blink Twice,2024,6.5,123115
Bob Marley: One Love,2024,6.2,37962
Borderlands,2024,4.7,55425
Caddo Lake,2024,6.8,51964
Carry-On,2024,6.5,188476
Challengers,2024,7,172576
Chandu Champion,2024,7.8,36332
Civil War,2024,7,260381
Color of Victory,2024,6.1,40497
Conclave,2024,7.4,247168
Crew,2024,5.8,39310
Cuckoo,2024,5.7,32714
Damsel,2024,6.1,116705
Deadpool & Wolverine,2024,7.5,548308
Despicable Me 4,2024,6.2,74927
Do Patti,2024,6.3,70363
Don't Move,2024,5.8,44074
Drive-Away Dolls,2024,5.4,27312
Dune: Part Two,2024,8.4,708074
Eden,2024,6.5,36213
Elevation,2024,5.6,28974
Emilia Pérez,2024,5.4,111472
Exhuma,2024,6.9,27609
Fighter,2024,6.2,53781
Flow,2024,7.9,120182
Fly Me to the Moon,2024,6.6,56455
Friendship,2024,6.6,35693
Furiosa: A Mad Max Saga,2024,7.5,312491
Ghostbusters: Frozen Empire,2024,6.1,102514
Gladiator II,2024,6.5,285502
Godzilla x Kong: The New Empire,2024,6,131492
Guntur Kaaram,2024,5.4,25077
Hanu Man,2024,7.7,30218
Here,2024,6.3,26791
Heretic,2024,7,212684
Horizon: An American Saga - Chapter 1,2024,6.6,44123
I Saw the TV Glow,2024,5.8,42652
I'm Still Here,2024,8.1,142267
IF,2024,6.4,64198
Immaculate,2024,5.8,58661
In a Violent Nature,2024,5.5,30037
Inside Out 2,2024,7.5,241495
It Ends with Us,2024,6.3,96366
It's What's Inside,2024,6.6,49265
Jackpot!,2024,5.8,33752
Joker: Folie à Deux,2024,5.2,177471
Juror #2,2024,7,120700
Kalki 2898 AD,2024,7,74437
Khel Khel Mein,2024,6.5,28259
Kinds of Kindness,2024,6.4,68574
Kingdom of the Planet of the Apes,2024,6.8,165093
Kraven the Hunter,2024,5.5,77238
Kung Fu Panda 4,2024,6.3,77606
Land of Bad,2024,6.6,56872
Lift,2024,5.6,51669
Lisa Frankenstein,2024,6.1,31196
Longlegs,2024,6.6,215566
Love Lies Bleeding,2024,6.6,62478
Lucky Baskhar,2024,8,40131
Madame Web,2024,4.1,111799
Madgaon Express,2024,7,42355
Maharaja,2024,8.3,78617
Mahavatar Narsimha,2024,8.6,44560
Manjummel Boys,2024,8.2,32661
Marco,2024,6.6,25106
Martin,2024,2.2,36478
MaXXXine,2024,6.2,82798
Mean Girls,2024,5.5,40217
Megalopolis,2024,4.7,40781
Merry Christmas,2024,6.9,30396
Miller's Girl,2024,5.2,26554
Moana 2,2024,6.3,121129
Monkey Man,2024,6.8,98365
Mufasa: The Lion King,2024,6.6,79860
Munjya,2024,6.3,28387
Murder Mubarak,2024,5.8,51412
My Old Ass,2024,6.9,45953
Night Swim,2024,4.7,30895
No Other Land,2024,8.2,33184
Nosferatu,2024,7.1,255399
Oddity,2024,6.7,54789
Our Little Secret,2024,5.7,26480
Paddington in Peru,2024,6.6,33166
Presence,2024,6.1,40959
Pushpa: The Rule - Part 2,2024,6.1,65301
Queer,2024,6.4,28053
Rebel Moon - Part Two: The Scargiver,2024,5.3,62559
Rebel Ridge,2024,6.8,99641
Red One,2024,6.2,157108
Relay,2024,7,26043
Ricky Stanicky,2024,6.2,60391
Road House,2024,6.2,180422
Salem's Lot,2024,5.6,39704
Saturday Night,2024,6.9,37494
Savi,2024,5.9,36919
Sector 36,2024,7.1,26646
September 5,2024,7.1,34383
Shaitaan,2024,6.5,56026
Sikandar Ka Muqaddar,2024,6,26232
Singham Again,2024,4.3,75999
Sleeping Dogs,2024,6.2,25279
Small Things Like These,2024,6.7,34389
Smile 2,2024,6.7,133783
Sonic the Hedgehog 3,2024,6.9,76142
Spaceman,2024,5.7,46084
Speak No Evil,2024,6.8,127056
Stree 2: Sarkate Ka Aatank,2024,6.9,45815
Subservience,2024,5.4,34363
Tarot,2024,4.8,36744
Teri Baaton Mein Aisa Uljha Jiya,2024,6.2,55374
Terrifier 3,2024,6.2,60527
The Apprentice,2024,7.1,69999
The Beekeeper,2024,6.3,174384
The Brutalist,2024,7.2,130250
The Count of Monte-Cristo,2024,7.6,45360
The Crow,2024,4.7,40136
The Fall Guy,2024,6.8,248015
The First Omen,2024,6.5,70069
The Garfield Movie,2024,5.7,26836
The Goat Life,2024,7.1,49657
The Greatest of All Time,2024,5.7,25753
The Idea of You,2024,6.3,81485
The Instigators,2024,6.2,41628
The Life of Chuck,2024,7.3,52295
The Lord of the Rings: The War of the Rohirrim,2024,6.3,38172
The Ministry of Ungentlemanly Warfare,2024,6.8,152362
The Order,2024,6.8,59095
The Platform 2,2024,4.9,45116
The Room Next Door,2024,6.8,26631
The Sabarmati Report,2024,6.4,25458
The Six Triple Eight,2024,6.7,30830
The Strangers: Chapter 1,2024,4.7,27375
The Substance,2024,7.2,392077
The Union,2024,5.5,57215
The Watchers,2024,5.7,66172
The Wild Robot,2024,8.2,210663
Thelma,2024,7,26936
Transformers One,2024,7.6,61558
Trap,2024,5.8,157698
Twisters,2024,6.5,189675
Uglies,2024,4.7,36057
Ulajh,2024,6,25539
Under Paris,2024,5.2,38871
Unfrosted,2024,5.5,36324
Upgraded,2024,6.1,32405
Venom: The Last Dance,2024,6,148411
Vettaiyan,2024,6.9,41040
Wallace & Gromit: Vengeance Most Fowl,2024,7.5,40174
We Live in Time,2024,7,68732
Wicked,2024,7.3,221578
Wolfs,2024,6.5,99370
28 Years Later,2025,6.6,179225
A House of Dynamite,2025,6.4,104360
A Minecraft Movie,2025,5.6,150395
A Working Man,2025,5.7,72384
Aankhon ki Gustaakhiyan,2025,5.9,29005
Another Simple Favor,2025,5.3,29927
Avatar: Fire and Ash,2025,7.4,105209
Back in Action,2025,5.9,64727
Ballerina,2025,6.8,130532
Bhool Chuk Maaf,2025,5.8,25413
Black Bag,2025,6.7,85524
Black Phone 2,2025,6.1,44960
Bridget Jones: Mad About the Boy,2025,6.5,32568
Bring Her Back,2025,7.1,107088
Bugonia,2025,7.4,104101
Captain America: Brave New World,2025,5.6,174870
Caught Stealing,2025,6.9,63443
Chainsaw Man - The Movie: Reze Arc,2025,8.4,40020
Chasing the Wind,2025,5.9,26764
Chhaava,2025,7.3,41391
Companion,2025,6.9,162527
Dangerous Animals,2025,6.4,29446
Death of a Unicorn,2025,5.9,48239
Deep Cover,2025,6.7,42104
Demon Slayer: Kimetsu no Yaiba Infinity Castle,2025,8.4,59690
Den of Thieves: Pantera,2025,6.3,41775
Deva,2025,6.6,29520
Dhurandhar,2025,8.6,99106
Die My Love,2025,6.1,28995
Drop,2025,6.1,51122
Eddington,2025,6.6,48269
Elio,2025,6.7,36445
Eternity,2025,7,29808
F1: The Movie,2025,7.7,288534
Final Destination: Bloodlines,2025,6.7,149840
Five Nights at Freddy's 2,2025,5.2,28381
Flight Risk,2025,5.2,41831
Fountain of Youth,2025,5.7,48450
Frankenstein,2025,7.5,229003
Freakier Friday,2025,6.3,34708
G20,2025,5.1,25198
Game Changer,2025,5.1,28746
Good Boy,2025,6.1,25234
Good Fortune,2025,6.5,29306
Happy Gilmore 2,2025,6.1,110977
Havoc,2025,5.6,65760
Heads of State,2025,6.4,64010
Heart Eyes,2025,6,34310
Highest 2 Lowest,2025,5.5,30018
How to Train Your Dragon,2025,7.8,117736
I Know What You Did Last Summer,2025,5.1,40240
Jay Kelly,2025,6.6,30450
Jolly LLB 3,2025,6.5,39055
Jurassic World: Rebirth,2025,5.9,170899
Kannappa,2025,5,27601
Kantara: A Legend - Chapter 1,2025,8.2,52861
Karate Kid: Legends,2025,6.3,43249
KPop Demon Hunters,2025,7.5,110586
Last Breath,2025,6.6,34961
Lilo & Stitch,2025,6.7,89184
M3GAN 2.0,2025,6,44170
Marty Supreme,2025,8.2,30692
Materialists,2025,6.3,82673
Mickey 17,2025,6.7,224218
Mission: Impossible - The Final Reckoning,2025,7.2,208616
My Oxford Year,2025,5.9,26469
Nobody 2,2025,6.3,69692
Nonnas,2025,6.8,43853
Novocaine,2025,6.5,82086
Now You See Me: Now You Don't,2025,6,44686
Nuremberg,2025,7.4,43087
Oficina do Diabo,2025,8,34934
One Battle After Another,2025,7.8,268924
Param Sundari,2025,5.2,53275
Predator: Badlands,2025,7.3,78886
Predator: Killer of Killers,2025,7.4,55732
Raid 2,2025,6.6,35205
Roofman,2025,7,45199
Saiyaara,2025,6.3,56508
Sentimental Value,2025,7.9,28330
Sikandar,2025,3.6,53493
Sinners,2025,7.5,350523
Sitaare Zameen Par,2025,6.9,32818
Snow White,2025,2.2,392836
Son of Sardaar 2,2025,4.1,38291
Straw,2025,6.5,29744
Superman,2025,7.1,378199
Tehran,2025,5.9,28833
Thamma,2025,5.9,48084
The Accountant 2,2025,6.6,121190
The Amateur,2025,6.5,90844
The Conjuring: Last Rites,2025,6.2,87227
The Electric State,2025,5.9,81077
The Fantastic Four: First Steps,2025,6.9,233757
The Gorge,2025,6.7,158321
The Housemaid,2025,7,28441
The Life List,2025,6.8,37796
The Long Walk,2025,6.7,90367
The Lost Bus,2025,6.8,43030
The Monkey,2025,5.9,88626
The Naked Gun,2025,6.4,104258
The Old Guard 2,2025,5.1,43586
The Phoenician Scheme,2025,6.6,60038
The Roses,2025,6.7,46199
The Running Man,2025,6.4,60371
The Smashing Machine,2025,6.4,54419
The Thursday Murder Club,2025,6.5,76983
The Ugly Stepsister,2025,7,33641
The Woman in Cabin 10,2025,5.8,61570
Thunderbolts*,2025,7.1,256876
Together,2025,6.7,61072
Train Dreams,2025,7.6,48421
Tron: Ares,2025,6.2,58956
Tu Meri Main Tera Main Tera Tu Meri,2025,5.5,26330
Until Dawn,2025,5.7,60159
Vini Jr.,2025,4,29486
Wake Up Dead Man,2025,7.4,174744
War 2,2025,5.3,33148
War of the Worlds,2025,2.5,31636
Warfare,2025,7.2,100592
Weapons,2025,7.5,286382
Wicked: For Good,2025,6.8,51653
Wolf Man,2025,5.6,41858
You're Cordially Invited,2025,5.5,29447
Zootopia 2,2025,7.5,57135
